COINTRIG_cut,COINTRIG_scaler,COIN_PS,CPULT_TLT_HMS,CPULT_TLT_SHMS,CPULT_phys,CPULT_scaler,CPULT_scaler_uncern,ELT2_HMS,ELT2_SHMS,HMS3of4ELT,HMS3of4ELT_err,HMSTRIG_cut,HMSTRIG_scaler,HMS_3-4Trig_scaler,HMS_PS,HMS_eLT_scaler,HMS_eLT_scaler_uncern,HMS_scaler_accp,HMS_track,HMS_track_uncern,PS1,PS2,PS3,PS4,PS5,PS6,SHMS3of4ELT,SHMS3of4ELT_err,SHMSTRIG_cut,SHMSTRIG_scaler,SHMS_3-4Trig_scaler,SHMS_PS,SHMS_eLT_scaler,SHMS_eLT_scaler_uncern,SHMS_scaler_accp,SHMS_track,SHMS_track_uncern,TLT,TLT_ELT,TLT_ELT_HMS,TLT_ELT_SHMS,accp_edtm,boilingCorr,c_int_Track_Rand_events,c_int_Track_events,c_int_noTrack_Rand_events,c_int_noTrack_events,charge,curr_corr,current,hTLT,h_int_etotnorm_evts,h_int_etottracknorm_evts,haccp_edtm,min_yield_COIN_notrack,min_yield_COIN_scaler,min_yield_COIN_track,min_yield_HMS_CPULT_notrack,min_yield_HMS_CPULT_track,min_yield_HMS_notrack,min_yield_HMS_scaler,min_yield_HMS_track,min_yield_SHMS_CPULT_notrack,min_yield_SHMS_CPULT_track,min_yield_SHMS_notrack,min_yield_SHMS_scaler,min_yield_SHMS_track,pTLT,p_int_etotnorm_evts,p_int_etottracknorm_evts,paccp_edtm,rateHMSCorr,rateSHMSCorr,rate_COIN,rate_HMS,rate_HMS3-4,rate_SHMS,rate_SHMS3-4,rate_TOTAL,run number,sent_edtm,sent_edtm_HMS,sent_edtm_PS,sent_edtm_SHMS,time,tot_events,uncer_boilingCorr,uncer_rateHMSCorr,uncer_rateSHMSCorr,uncern_COIN_evts_notrack,uncern_COIN_evts_scaler,uncern_COIN_evts_track,uncern_CPULT_phys,uncern_ELT2_HMS,uncern_HMS3-4_evts_scaler,uncern_HMS_evts_notrack,uncern_HMS_evts_scaler,uncern_HMS_evts_track,uncern_SHMS3-4_evts_scaler,uncern_SHMS_evts_notrack,uncern_SHMS_evts_scaler,uncern_SHMS_evts_track,uncern_TLT,uncern_TLT_ELT,uncern_TLT_ELT_HMS,uncern_TLT_ELT_SHMS,uncern_charge,uncern_yieldRel_COIN_notrack,uncern_yieldRel_COIN_scaler,uncern_yieldRel_COIN_track,uncern_yieldRel_HMS_CPULT_notrack,uncern_yieldRel_HMS_CPULT_track,uncern_yieldRel_HMS_notrack,uncern_yieldRel_HMS_scaler,uncern_yieldRel_HMS_track,uncern_yieldRel_SHMS_CPULT_notrack,uncern_yieldRel_SHMS_CPULT_track,uncern_yieldRel_SHMS_notrack,uncern_yieldRel_SHMS_scaler,uncern_yieldRel_SHMS_track,yieldRel_COIN_notrack,yieldRel_COIN_scaler,yieldRel_COIN_track,yieldRel_HMS_CPULT_notrack,yieldRel_HMS_CPULT_track,yieldRel_HMS_notrack,yieldRel_HMS_scaler,yieldRel_HMS_track,yieldRel_SHMS_CPULT_notrack,yieldRel_SHMS_CPULT_track,yieldRel_SHMS_notrack,yieldRel_SHMS_scaler,yieldRel_SHMS_track,yield_COIN_notrack,yield_COIN_scaler,yield_COIN_track,yield_HMS_CPULT_notrack,yield_HMS_CPULT_track,yield_HMS_notrack,yield_HMS_scaler,yield_HMS_track,yield_SHMS_CPULT_notrack,yield_SHMS_CPULT_track,yield_SHMS_notrack,yield_SHMS_scaler,yield_SHMS_track
7037,707680,1,0.8998249848755047,0.9079451459472766,0.987504118186469,0.987504118186469,0.000109639273015,0.9970632602006728,0.9716056965521953,0.998974513584515,1.37533871535527e-37,2243,18554484,42964362,129,0.969158971301364,0.001976712779985,18551021,0.9967,0.0003,1025,,,129,1,,0.990040236009367,4.80106893373058e-38,,179396775,179396775,1025,0.969158971301364,0.001976712779985,179393312,0.9949,0.0004,0.8876696505919722,0.9766662241458197,0.9864914461280332,0.9776688102295535,3074,0.9889289544289244,5516200.05783531,3365647.03872002,5511038.39948409,3362288.16186352,13730.9955455118,1.00063267996819,39.51444846812741,16.3531619982674,453102.316820518,449396.775880226,439,203.6157260809452,15.191456136853844,204.75265669923965,809.3154932226793,811.0905614234983,809.6879874163251,1368.5513000541573,811.4638726070617,1661.3380307758973,1646.6101103630228,1666.4774556129505,13493.927972776923,1651.7039737077332,161.60843199537973,92504.5045185588,88819.3173701879,546,0.998974513584515,0.990040236009367,2036.5300388626783,53395.26907867531,123640.93066579553,516260.0626873575,516260.0626873575,571691.8618048955,12200,3463,26.844961240310077,3463,3.3785365853658536,347.493033,1013707,1.1562669618582167e-05,,,4.720805192554621e-07,0.0011887253902215808,4.716526518169431e-07,0.000109639273015,5.8907792846285834e-05,0.0001525618043393881,0.0014855998900240638,0.00023215367312056336,0.0014917121388904981,7.46608077552739e-05,0.0032878996908375577,7.46608077552739e-05,0.0033554153308258637,0.016012350729259738,1.2326916765470702e-08,1.2326916765470702e-08,1.2326916765470702e-08,18.92645468507405,0.0036708191062946424,0.0013783745411871846,0.00370501746752561,0.0015952391630390638,0.0018952391630390638,0.003960040396811288,0.00367694866028528,0.003971387659795668,0.004775913505038719,0.005175913505038719,0.0049280013482290675,0.0036715365994055204,0.004944208459212405,0.9044053687743293,3.3738859059976782,0.9079142324148947,5.322951565495142,5.285307169481642,5.379543447122426,1.001585000555682,5.341498828191826,4.206424667083086,4.095863394883271,4.3305842151254685,1.0171456860140216,4.216759544987081,184.15115583449005,51.25423975171312,185.8978511420006,4307.947171629134,4286.862759390506,4355.751706919237,1370.7204546252224,4334.433324650621,6988.293273018973,6744.290076680607,7216.820964139897,13725.290624893978,6964.838496625175
17688,2089238,1,0.9021236844472227,0.9102832664056286,0.988890594804151,0.988890594804151,0.006875663662804,0.9970599218949221,0.971570133775909,0.998969753165771,1.84223952432611e-39,5471,54571283,126394759,129,0.969084198767303,0.001511236308257,54561110,0.9964,0.0002,1025,,,129,1,,0.990015204756779,6.43811987417597e-40,,527691517,527691517,1025,0.969084198767303,0.001511236308257,527681344,0.9947,0.0002,0.8911825420230021,0.978008095815808,0.9878717933994552,0.9790167246970845,9066,0.9889101391570345,16269757.2961002,9885625.22149757,16253605.6890684,9875681.51433507,40407.4863517335,1.00063160587318,39.58164586773385,15.749336478914774,1334340.00110413,1323137.82913136,1242,203.6157260809452,15.191456136853844,204.75265669923965,809.3154932226793,811.0905614234983,809.6879874163251,1368.5513000541573,811.4638726070617,1661.3380307758973,1646.6101103630228,1666.4774556129505,13493.927972776923,1651.7039737077332,157.18077263344145,273405.769479669,262747.799430217,1560,0.998969753165771,0.990015204756779,2046.538553019021,53455.96554686996,123811.5270701796,516906.65861983754,516906.65861983754,572409.1627197266,12201,10173,78.86046511627907,10173,9.924878048780489,1020.864228,2993464,1.1602004591724406e-05,,,1.597591376867013e-07,0.000691840595587224,1.5960151088996407e-07,0.006875663662804,5.897495306982667e-05,8.89478524391431e-05,0.0008656986638409928,0.00013536859388936167,0.0008693556017062978,4.353213262992726e-05,0.0019124767429675108,4.353213262992726e-05,0.0019508795500755873,0.009360042802388984,4.834290624409596e-05,4.834290624409596e-05,4.834290624409596e-05,55.69648329740464,0.007864147493984034,0.001378370404251014,0.007869277779098485,0.007741362326644992,0.007941362326644993,0.007911652797216992,0.003677460028924933,0.007914180310285547,0.010166510810022485,0.010366510810022486,0.008093354255160648,0.0077960602494858925,0.008095825041311538,0.9000682440700337,3.3847968805335187,0.9040045139595504,5.319294846630366,5.2821098944506755,5.376009390897041,1.0010496916012888,5.338427971201026,4.2188028987494,4.11240387298234,4.343650784623075,1.016774043403509,4.23410307100668,183.2680490387213,51.41999334278467,185.09732590132282,4304.987732397511,4284.269479790614,4352.890224046689,1369.987856859757,4331.941435144644,7008.8577000399755,6771.525795148774,7238.596107629859,13720.275706276108,6993.48486746985
24804,2240349,1,0.9244625736297891,0.9292109424763626,0.993595348129164,0.993595348129164,0.005044386120022,0.9977909947638859,0.9785574973781667,0.999418004050068,2.2172838843863196e-40,9553,74663793,172733093,129,0.976880435627717,0.001204500662625,74645267,0.9969,0.0001,1025,,,129,1,,0.99431086949299,7.56081695425843e-41,,724750920,724750920,1025,0.976880435627717,0.001204500662625,724732394,0.9961,0.0002,0.9180071251214509,0.9873676758988018,0.9930170796606814,0.9879426545224991,17007,0.9916891879277315,17518543.7853496,13165254.8271511,17494022.9043668,13151766.091734,55130.9496604265,1.00084298632232,29.656471686672848,18.842383676994494,1527359.96799407,1517888.35770242,2706,203.6157260809452,15.191456136853844,204.75265669923965,809.3154932226793,811.0905614234983,809.6879874163251,1368.5513000541573,811.4638726070617,1661.3380307758973,1646.6101103630228,1666.4774556129505,13493.927972776923,1651.7039737077332,187.67138076217208,311406.245905787,301256.520468892,3392,0.999418004050068,0.99431086949299,1205.1460585388334,40163.73156571112,92917.93653942834,389863.68403333286,389863.68403333286,431232.5616575828,12202,18526,143.6124031007752,18526,18.074146341463415,1858.98546,3503830,6.51580027650088e-06,,,1.751421865850208e-07,0.0006681010605424977,1.7481640213225564e-07,0.005044386120022,4.427791486807007e-05,7.608730910506952e-05,0.0008091504839358311,0.00011572973951550671,0.0008116711039179613,3.7145449003163145e-05,0.0017919931305397487,3.7145449003163145e-05,0.001821930357226677,0.007039518523151441,2.577493299699581e-05,2.577493299699581e-05,2.577493299699581e-05,75.9911837380584,0.005847277483097616,0.0013783761064541818,0.00585158355392574,0.005853536603957831,0.005953536603957831,0.00590299741402569,0.0029036313253748263,0.005903844380570509,0.008214755357015898,0.008414755357015897,0.0061157087360535775,0.005819186547928914,0.006118978129086755,0.9304801423027088,2.6506270800978116,0.9326808592310202,4.44060645941483,4.41710398712964,4.4665591417779655,0.9995797366067933,4.442919311633316,3.5044688526817733,3.4339631477699273,3.5654442272983915,1.008773694024733,3.4937117710726286,189.46038977886727,40.26688502246289,190.96888378008094,3593.8516069091283,3582.671352786953,3616.519282182189,1367.976148041019,3605.268510298672,5822.107382629805,5654.398437731993,5941.732424038106,13612.31956800185,5770.577615270143
23835,821640,1,0.9525508739136095,0.9547525446629361,0.989244607173809,0.989244607173809,0.001781186219415,0.9985236231212407,0.9856071211902632,0.99973906349459,9.850904923988908e-40,40778,37840952,87492837,33,0.984573527620331,0.001162250293307,37826903,0.9972,0.0001,257,,,33,1,,0.997433653296566,3.31730297738773e-40,,368903255,368903255,257,0.984573527620331,0.001162250293307,368889206,0.9965,0.0001,0.9420599330913232,0.9864483949576606,0.9889864771430174,0.9867058625372986,13235,0.9944629528606251,6167629.89407466,6381983.12067737,6157552.57799408,6376152.55894327,27841.8641543589,1.00126581199465,19.75016835491036,10.321161648515908,1052438.29425756,1049475.89746059,4394,203.6157260809452,15.191456136853844,204.75265669923965,809.3154932226793,811.0905614234983,809.6879874163251,1368.5513000541573,811.4638726070617,1661.3380307758973,1646.6101103630228,1666.4774556129505,13493.927972776923,1651.7039737077332,102.11217880276176,241286.495767266,236799.062448436,5582,0.99973906349459,0.997433653296566,582.8463294397613,26843.215977442913,62064.74721011798,261688.70563157866,261688.70563157866,289114.76793846133,12203,14049,425.72727272727275,14049,54.66536964980545,1409.702624,3364488,2.8922596697170896e-06,,,1.2084571693689361e-06,0.0011032125992046426,1.2195880950371242e-06,0.001781186219415,2.9571195804950587e-05,0.00010690887278742016,0.0009747689323470883,0.00016256197729062823,0.0009761437221200268,5.206474628546364e-05,0.0020357924149698153,5.206474628546364e-05,0.0020549914094384124,0.008189004706218134,3.2419870077325175e-06,3.2419870077325175e-06,3.2419870077325175e-06,38.377057685198544,0.0028344693711677576,0.0013783939707646504,0.0028380174808115334,0.002755955151762088,0.002855955151762088,0.0029973973856593033,0.0021953429027005327,0.002999065035566456,0.0051953726051488115,0.005295372605148812,0.0034897947465340677,0.0028226874949939637,0.003491227201563481,0.9607782574617025,1.9069722299879635,0.9622373400208236,1.5561137435633656,1.5526851603675293,1.559806829878528,0.9987536786575596,1.5563701097108709,1.3534952734809627,1.3449112675817874,1.3641810189102899,1.0030749933630012,1.355529242917196,195.62956249584985,28.969684986060507,197.02065174447324,1259.3869618825752,1259.368278436434,1262.9568528425834,1366.8456453606752,1262.9381164358608,2248.613172309347,2214.54449074132,2273.3769133891024,13535.421711734027,2238.9330370033676
25267,868855,1,0.9584601063298532,0.9606711587963946,0.991154433657048,0.991154433657048,0.001734078255883,0.9985247777828689,0.9856193516270172,0.999739549773538,7.69975400605421e-40,43567,40052376,92565272,33,0.984592672333503,0.001145161428368,40037495,0.9972,0.0001,257,,,33,1,,0.997438578648106,2.63742868248956e-40,,390435508,390435508,257,0.984592672333503,0.001145161428368,390420627,0.9967,0.0001,0.9497345608494053,0.9883581843526421,0.9908962872603432,0.9886156695276545,14133,0.9944702200460755,6551886.5872242,6827725.20601759,6544886.20874864,6819437.78553089,29453.250982201,1.00126747762149,19.724214121158642,10.451515355150864,1124465.57613216,1120895.43796479,4713,203.6157260809452,15.191456136853844,204.75265669923965,809.3154932226793,811.0905614234983,809.6879874163251,1368.5513000541573,811.4638726070617,1661.3380307758973,1646.6101103630228,1666.4774556129505,13493.927972776923,1651.7039737077332,102.93125461998522,256278.446597322,251837.194766134,5960,0.999739549773538,0.997438578648106,581.8536660213063,26822.222129657748,61988.988794976576,261466.3340542335,261466.3340542335,288870.40984991257,12204,14881,450.93939393939394,14881,57.90272373540856,1493.25346,3587362,2.884672667564081e-06,,,1.0443262412804307e-06,0.0010728187313193793,1.0412931682045831e-06,0.001734078255883,2.9548034259234666e-05,0.00010393838373991186,0.0009430330590230183,0.00015801046739743956,0.0009445336814798514,5.060871918441259e-05,0.0019753495534671384,5.060871918441259e-05,0.001992691477893038,0.007989119569838068,3.060939382001255e-06,3.060939382001255e-06,3.060939382001255e-06,40.598182402378505,0.0028009965866831006,0.001378393931010496,0.002804586322942294,0.002677111314906018,0.002777111314906018,0.002955485278092363,0.002193281306796934,0.0029571765637209915,0.005087821740360082,0.005187821740360081,0.003427475417416324,0.0027918150254973625,0.00342893390676945,0.9706205078274548,1.9061711676824553,0.9723530941518396,1.5686193713435688,1.5645979175089104,1.5723336079387684,0.9992748703729225,1.5683026319528022,1.3563211159522255,1.3491899088177044,1.3670050159373504,1.0035149635553122,1.359817635450588,197.63359945034296,28.957515683183495,199.09187927731506,1269.5079601975694,1269.0306033143386,1273.0996345589906,1367.5589229603127,1272.6209271442683,2253.307851875838,2221.589744658997,2278.0830407694166,13541.358637819243,2246.01619199159
19541,505435,1,0.9694875392471536,0.9709304750562471,0.988220199855484,0.988220199855484,0.001622797794943,0.9988164869563775,0.9884483957459187,0.999832145034517,1.83375934305811e-39,89294,27393213,63274088,17,0.987667133292603,0.001125264073913,27380527,0.9973,0.0001,257,,,17,1,,0.998346257381161,6.1487631419069004e-40,,267369724,267369724,257,0.987667133292603,0.001125264073913,267357038,0.997,0.0001,0.9579063534605077,0.9864203346456174,0.9880543221879478,0.9865859379941855,12152,0.9955712356859716,3672864.7813629,4574774.73364482,3664691.40446987,4570181.14996594,20103.4305658521,1.00158307849602,15.792015407244223,8.28425035472174,1127038.81688631,1125088.4956362,6182,203.6157260809452,15.191456136853844,204.75265669923965,809.3154932226793,811.0905614234983,809.6879874163251,1368.5513000541573,811.4638726070617,1661.3380307758973,1646.6101103630228,1666.4774556129505,13493.927972776923,1651.7039737077332,81.74326028693046,172734.806008508,169850.163770098,4035,0.999832145034517,0.998346257381161,397.03856917428396,21518.418974955028,49704.22183926268,210029.16825602346,210029.16825602346,231944.62580015277,12205,12686,746.2352941176471,12686,49.36186770428016,1273.012345,3133732,1.850316315282993e-06,,,7.36887620952717e-07,0.0014065894115522306,7.377274084129141e-07,0.001622797794943,2.3698308129233123e-05,0.0001257149864525994,0.0009419558832541429,0.00019106384476766066,0.0009427719617758942,6.115667791633493e-05,0.0024060800474340746,6.115667791633493e-05,0.0024264257993049745,0.00868991581769367,2.6966300141985568e-06,2.6966300141985568e-06,2.6966300141985568e-06,27.71081522938154,0.0025390877687685937,0.0013784122634525823,0.002543045651985887,0.002564753678197143,0.0026647536781971427,0.0027081816009099846,0.0019461253006672792,0.0027100272292926077,0.005407290105826848,0.005507290105826848,0.003498026285231521,0.00252736018522041,0.003499455370792809,0.9833915435189964,1.610902274362228,0.9843318927867117,1.1897591711099833,1.1883094719208214,1.1913817138036848,0.9993978946823102,1.1899300375767454,1.342901296800955,1.3362947971019326,1.349400395672779,1.0015866911623474,1.3427619231885315,200.23398315548187,24.471951241731887,201.54457012187035,962.8905303830823,963.8265967251199,964.6474620943178,1367.7272880388634,965.5852364234922,2231.0129959536976,2200.356523333546,2248.745337983881,13515.33866903668,2217.8452042739355
19555,503427,1,0.967739208155268,0.9691795381360588,0.988481926547647,0.988481926547647,0.001625778003456,0.9988174779207856,0.9884468848497125,0.999832361912382,1.85895921320417e-39,88905,27287159,63036962,17,0.987647741536358,0.001126976314611,27274512,0.9974,0.0001,257,,,17,1,,0.998346477749581,6.225245191593929e-40,,266592646,266592646,257,0.987647741536358,0.001126976314611,266579999,0.9967,0.0001,0.9564323554993279,0.986682016468727,0.9883162193278356,0.9868474496879633,12096,0.995572169654695,3646177.46643945,4536670.93791567,3643741.9150891,4532575.98588948,20038.1475400303,1.00158341294581,15.788679804660672,8.239898790226931,1120536.44961687,1118296.35150454,6130,203.6157260809452,15.191456136853844,204.75265669923965,809.3154932226793,811.0905614234983,809.6879874163251,1368.5513000541573,811.4638726070617,1661.3380307758973,1646.6101103630228,1666.4774556129505,13493.927972776923,1651.7039737077332,81.85308768877995,171232.861704472,168519.479094077,4028,0.999832361912382,0.998346477749581,396.6657941879237,21500.40144026274,49668.78334877543,210056.6390961351,210056.6390961351,231953.70633058576,12206,12647,743.9411764705883,12647,49.21011673151751,1269.146489,3114127,1.849535982341329e-06,,,7.46315027672067e-07,0.0014093918245295177,7.453312692019774e-07,0.001625778003456,2.367844186459492e-05,0.00012595121539836504,0.0009446849703704027,0.00019143477811739136,0.0009456306625942283,6.124574437983411e-05,0.0024166093006218457,6.124574437983411e-05,0.0024359868861261445,0.008696605938224104,2.705110564640308e-06,2.705110564640308e-06,2.705110564640308e-06,27.62082899465513,0.0025406036703420685,0.0013784122978201376,0.00254455998974368,0.0025704629738264027,0.0026704629738264025,0.0027105528408424948,0.0019459610448303616,0.002712396855734669,0.00542079960189514,0.005520799601895141,0.00350637526822324,0.0025291226943035604,0.003507800952392766,0.9778343672481598,1.6096918999002723,0.9790868322291764,1.1864341215560583,1.1845508022994655,1.1880516097411802,0.9987692043123261,1.1861657229196538,1.33520762732474,1.3301927262879658,1.3416673499703702,1.0019293662437825,1.3366281868869077,199.10245467413566,24.453563891183915,200.4706300381666,960.1995162633576,960.7779752717289,961.9511168380615,1366.86689301569,962.5306310741373,2218.2312102566416,2190.3087918371175,2235.8583916575926,13519.96270190363,2207.714087650868
18335,470381,1,0.9679166721999569,0.9693526603229958,0.988646526133338,0.988646526133338,0.001678445251286,0.9988169720665004,0.9884652573124699,0.999832566782548,2.38725565767837e-39,84006,25611092,59129414,17,0.987693465104319,0.001143420397474,25599226,0.9972,0.0001,257,,,17,1,,0.998351426069065,8.046182299926901e-40,,249712917,249712917,257,0.987693465104319,0.001143420397474,249701051,0.9969,0.0001,0.9567672341142761,0.986851409866835,0.9884809938645447,0.9870166692434452,11353,0.9955753740556994,3413442.64933257,4244689.97451952,3403226.04392456,4241538.27917765,18785.6702590128,1.00158456150164,15.777235515359248,8.276504297994268,1054112.37924006,1053152.9850465,5777,203.6157260809452,15.191456136853844,204.75265669923965,809.3154932226793,811.0905614234983,809.6879874163251,1368.5513000541573,811.4638726070617,1661.3380307758973,1646.6101103630228,1666.4774556129505,13493.927972776923,1651.7039737077332,81.47935277262768,160865.793821646,158315.31149823,3762,0.999832566782548,0.998351426069065,395.05174511352214,21509.598790901346,49660.12272655555,209722.5943187291,209722.5943187291,231627.24485474397,12207,11866,698.0,11866,46.17120622568093,1190.681995,2925700,1.8468599491880084e-06,,,7.948259811283158e-07,0.0014580590554425798,7.97401444709801e-07,0.001678445251286,2.368858292529682e-05,0.00013004636351200225,0.0009739945868024994,0.00019759955030642702,0.0009744381273173811,6.328189795454589e-05,0.0024932633136982014,6.328189795454589e-05,0.0025132664864758116,0.008979837609820109,2.8822541289215362e-06,2.8822541289215362e-06,2.8822541289215362e-06,25.894405861431707,0.002574710772367368,0.001378412667978872,0.00257861476124721,0.0026524398380884996,0.0027524398380884994,0.0027527805972262192,0.001945890069779211,0.0027545963436527575,0.005550121232959588,0.005650121232959588,0.0035840615944453167,0.002562823539106094,0.003585456388352521,0.9761736459962463,1.604130983487381,0.9768912272734054,1.190316953422525,1.189962856836582,1.1919335830754236,0.9999173376653078,1.1915790055729996,1.3377761883467385,1.332472663775719,1.3442304101417002,1.0010336311079424,1.3389012982383792,198.76430571060925,24.369085473416767,200.02107409041048,963.3419522504679,965.1676416246934,965.0943040142689,1368.4381724085488,966.9233143795377,2222.4984583668565,2194.0629599554477,2240.1296736504933,13507.87571649792,2211.4685947027738
22551,436028,1,0.9739465246765555,0.9747654701626288,0.991099888925702,0.991099888925702,0.001545726212284,0.9991127883774197,0.991313909302079,0.999905445666279,6.4342476007083e-40,98189,28735011,66347390,17,0.990758473474707,0.000960899503842,28717259,0.9975,0.0001,257,,,17,1,,0.999065378925823,2.1108593525914e-40,,281325115,281325115,257,0.990758473474707,0.000960899503842,281307363,0.9972,0.0001,0.965187021180712,0.9900799608791974,0.9910061761360537,0.9901735860828976,17134,0.9966832685302623,2923359.96248529,4686601.62004683,2918017.23701981,4680852.09656418,21056.2759103087,1.0021149752069,11.820469534777487,8.558415953132041,1134257.61839162,1133099.527002,8937,203.6157260809452,15.191456136853844,204.75265669923965,809.3154932226793,811.0905614234983,809.6879874163251,1368.5513000541573,811.4638726070617,1661.3380307758973,1646.6101103630228,1666.4774556129505,13493.927972776923,1651.7039737077332,84.85111536728256,166641.967846266,164196.023235824,5861,0.999905445666279,0.999065378925823,244.77527328498974,16131.120410552043,37245.77439750611,157928.92178038144,157928.92178038144,174304.81746421847,12208,17752,1044.235294117647,17752,69.07392996108949,1781.34006,3192307,1.0377708416366222e-06,,,5.61774843601018e-07,0.001514407705048807,5.612613632464824e-07,0.001545726212284,1.775998932054848e-05,0.0001227688191070958,0.0009389536348884998,0.00018654959741265192,0.000939433344036431,5.962051833998096e-05,0.002449671261479958,5.962051833998096e-05,0.0024678495666545777,0.007373843196391727,2.4323736413815576e-06,2.4323736413815576e-06,2.4323736413815576e-06,29.025015553330476,0.0023173838355611664,0.0013784496212462995,0.0023217179556372274,0.0024846798471724997,0.0025846798471724996,0.0025003803250286767,0.0017242419695199726,0.0025023792218188093,0.005373847095005882,0.005473847095005882,0.0033721146378260913,0.0023088348424015943,0.0033735970610968037,0.9893363669549107,1.3048615297318804,0.9902238480234548,1.1392688672085485,1.1384610726177724,1.1399178251118969,0.9987393687888564,1.1391095703797978,1.2326590245088016,1.2288706391930142,1.235371572500478,1.0008784074527284,1.2315748505913777,201.44444269580856,19.82274669358987,202.7509636097465,922.0279451781295,923.3950305483472,922.9777696348461,1366.826061571258,924.3462633041571,2047.863316395591,2023.4708188234877,2058.718874877166,13505.781139674791,2034.1970746402865
17929,331222,1,0.972697063255895,0.9735155774456121,0.99225419922499,0.99225419922499,0.001436742012511,0.9991120619576759,0.9913111163580298,0.999905298923555,1.96766121452553e-39,55717,21799471,50332291,17,0.990742256430364,0.00103063574344,21786015,0.9974,0.0001,129,,,17,1,,0.999064596736036,6.3904491839532e-40,1.0,213317887,213317887,129,0.990742256430364,0.00103063574344,213304431,0.9973,0.0001,0.9650713436385255,0.9912321617651236,0.9921602316842163,0.991326041408353,12986,0.9966799376208043,2211953.30023846,3564342.82826923,2208405.98311066,3564017.17643788,15977.0856337341,1.00211284883857,11.832365639984435,6.386370392390012,862666.82097748,861529.622279509,5055,203.6157260809452,15.191456136853844,204.75265669923965,809.3154932226793,811.0905614234983,809.6879874163251,1368.5513000541573,811.4638726070617,1661.3380307758973,1646.6101103630228,1666.4774556129505,13493.927972776923,1651.7039737077332,63.445451843044,208332.435688055,205773.435492963,6618,0.999905298923555,0.999064596736036,245.297540606031,16144.32804225714,37275.26310259303,157979.7025812755,157979.7025812755,174369.32816413866,12209,13456,791.5294117647059,13456,104.31007751937985,1350.286673,3241865,1.0398563022592673e-06,,,7.355329883019745e-07,0.0017375624092041471,7.360310129662137e-07,0.001436742012511,1.7774543539876427e-05,0.00014095375520615884,0.0010766596877467393,0.00021417906709534043,0.0010773700360580576,6.846779842778915e-05,0.002190894949977366,6.846779842778915e-05,0.002204475851509327,0.008469100649067184,2.096581221937305e-06,2.096581221937305e-06,2.096581221937305e-06,22.023628165663755,0.002244229138080113,0.0013784509059225694,0.0022487042596133276,0.002513401700257739,0.002613401700257739,0.002489128463423837,0.001728054342157787,0.0024911363887645155,0.005006087868400953,0.005106087868400953,0.0031363330668224844,0.0022380568920843382,0.0031379268802896173,0.9923007006975487,1.3064531178219694,0.9919591725747826,1.1406096009213362,1.139575976914997,1.1412603835470119,0.998559010577431,1.1402261697994112,1.0182430529278066,1.0174785981199161,1.0204889224938856,1.0002027262698132,1.0197227815799292,202.04802766316206,19.846925234248395,203.10627592186628,923.1130217441746,924.2993189007165,924.0648230721632,1366.5792321065362,925.2523433933474,1691.6459084023202,1675.3905467422487,1700.621783038812,13496.663546459971,1684.2801704158721
17440,329664,1,0.9723441411387892,0.9731610284825318,0.99139381701353,0.99139381701353,0.001435694572175,0.9991129560096332,0.991317252980488,0.999905596606664,1.94789199225388e-39,55712,21778214,50264842,17,0.990746831176995,0.001030555477954,21764757,0.9976,0.0001,129,,,17,1,,0.999066259433371,6.39605612703322e-40,,213174008,213174008,129,0.990746831176995,0.001030555477954,213160551,0.9974,0.0001,0.9638849669317084,0.9903746088382788,0.9913002260730717,0.9904681123890794,12971,0.9966845598633515,2210422.60582373,3535757.08343304,2205177.80028752,3532800.68454305,15955.3024856115,1.00211580071299,11.815857630887773,6.351787173961506,859740.373637039,860777.236854442,5028,203.6157260809452,15.191456136853844,204.75265669923965,809.3154932226793,811.0905614234983,809.6879874163251,1368.5513000541573,811.4638726070617,1661.3380307758973,1646.6101103630228,1666.4774556129505,13493.927972776923,1651.7039737077332,63.49825369696069,207672.981696146,205160.926324263,6624,0.999905596606664,0.999066259433371,244.13594750345453,16128.072552122763,37224.12768085516,157868.1276274904,157868.1276274904,174240.33612711664,12210,13457,791.5882352941177,13457,104.31782945736434,1350.329615,3235532,1.0369629095189945e-06,,,7.448361027618264e-07,0.0017416634503977981,7.448142663184341e-07,0.001435694572175,1.775663071990455e-05,0.00014104829447293154,0.0010784905376807214,0.00021428356818092883,0.0010778407852972821,6.849090025152715e-05,0.0021943707253532,6.849090025152715e-05,0.002207764136938317,0.008463578571243857,2.097160672460173e-06,2.097160672460173e-06,2.097160672460173e-06,21.99360511696637,0.0022437136993782945,0.0013784511535874515,0.0022481885022474844,0.0025141851098557213,0.002614185109855721,0.002489456367290795,0.0017272299319559432,0.0024914640283665913,0.005008516451105527,0.005108516451105527,0.00313839354528156,0.0022367387867848316,0.0031399863128786024,0.9849618481304809,1.3018145580105127,0.9850561382888378,1.1392767401074906,1.1408925624317676,1.1399245257672657,0.9989378496763888,1.141541266838054,1.0172847727598873,1.0166116026312735,1.0195201035208257,1.0008772254816432,1.0188454542017864,200.55372186911754,19.776458756334478,201.69286131253313,922.0343168372199,925.367188986676,922.9831950750062,1367.0976928479263,926.3194971291786,1690.0538811152173,1673.9629432050108,1699.0072680616374,13505.765190242098,1682.8310852991508
8517,154104,1,0.9744684118794138,0.9752925892183492,0.989913926273385,0.989913926273385,8.09391772071598e-05,0.9991093113517606,0.9912889220730531,0.999904851616084,4.23231689023481e-38,26243,10175050,23492741,17,0.990731875253246,0.001247773359849,10168788,0.9975,0.0001,129,,,17,1,,0.999059875524905,1.36004982487359e-38,,99513622,99513622,129,0.990731875253246,0.001247773359849,99507360,0.997,0.0001,0.9645480677099968,0.9888891838018691,0.9898197375630842,0.9889832839630581,6040,0.9966718527535006,1018782.77957349,1658865.32305557,1018376.93500039,1656993.69747316,7452.52469476097,1.00210770540432,11.861240166069306,6.423187480038326,401308.687424731,401166.076340196,2366,203.6157260809452,15.191456136853844,204.75265669923965,809.3154932226793,811.0905614234983,809.6879874163251,1368.5513000541573,811.4638726070617,1661.3380307758973,1646.6101103630228,1666.4774556129505,13493.927972776923,1651.7039737077332,63.55237943149154,96734.4177578413,95565.0754673482,3085,0.999904851616084,0.999059875524905,245.267829281654,16194.339058897196,37390.421980909734,158383.23503539848,158383.23503539848,174822.84192357733,12211,6262,368.3529411764706,6262,48.542635658914726,628.309063,1508689,1.0449268916042142e-06,,,1.5756404275677255e-06,0.002547375949441742,1.5733030948141965e-06,8.09391772071598e-05,1.7829653634882217e-05,0.0002063161165786021,0.0015785586389755878,0.00031349579795203887,0.001578839196043204,0.00010024407972431875,0.003215211073978213,0.00010024407972431875,0.0032348220623336465,0.012411916666334876,6.6853277328479784e-09,6.6853277328479784e-09,6.6853277328479784e-09,10.273028321235723,0.0017180721776953042,0.0013784628354463792,0.0017239148665121802,0.0016594978161827477,0.0017594978161827477,0.002333156528065604,0.0017446157720025811,0.002335298564307173,0.004674613086532638,0.004774613086532638,0.0036454566597345275,0.0017209551725610357,0.00364682797208791,0.9923369523917595,1.3031085662417219,0.9934804685212456,1.1402350031755526,1.1401857552705357,1.1408914738798075,0.999232177519792,1.1408421976211558,1.0160087918572092,1.015752084051715,1.0182680727838735,1.0003570287070145,1.0180107941417358,202.05540907820046,19.79611662561962,203.41776530853036,922.8098539847856,924.7939043694543,923.7661213461861,1367.5004956006578,925.7522277152138,1687.9340455150543,1672.5476512218647,1696.9207870647724,13498.74569243359,1681.45247396127
19202,212738,1,0.9842902587618046,0.9846607339550913,0.991169600857737,0.991169600857737,0.00131367083301,0.9994069465246026,0.9941896986416463,0.999957579360674,1.3711483449134e-39,124227,17574288,40540350,9,0.993830300887592,0.00088685733079,17558046,0.9976,0.0001,129,,,9,1,,0.999581348782245,4.45282131677633e-40,,172179936,172179936,129,0.993830300887592,0.00088685733079,172163694,0.9973,0.0001,0.9755571973894841,0.9907126180518165,0.991127554809588,0.9907546464973361,15845,0.9977888996361851,1208509.51401014,2813421.26098098,1205888.38880033,2808503.39451131,12829.8006478543,1.00317589893587,7.871787013624732,4.878463243442925,1146671.23861522,1147221.69147513,8804,203.6157260809452,15.191456136853844,204.75265669923965,809.3154932226793,811.0905614234983,809.6879874163251,1368.5513000541573,811.4638726070617,1661.3380307758973,1646.6101103630228,1666.4774556129505,13493.927972776923,1651.7039737077332,48.416697451052826,164475.631502477,162691.211927026,6096,0.999957579360674,0.999581348782245,130.52644165477108,10782.79046177055,24873.730264170004,105641.84287915754,105641.84287915754,116555.15978258286,12212,16242,1804.6666666666667,16242,125.90697674418605,1629.846009,3476687,4.6120898451964794e-07,,,8.600114666944059e-07,0.0021680907871121716,8.585177887684171e-07,0.00131367083301,1.1868107930602598e-05,0.00015705662227535932,0.0009338573478274886,0.00023853995358944443,0.0009336332821007466,7.620943273612038e-05,0.0024657510045580605,7.620943273612038e-05,0.002479236475750569,0.007750320421574648,1.756617348246895e-06,1.756617348246895e-06,1.756617348246895e-06,17.68665149786299,0.0020293482530894342,0.001378560118259069,0.0020342951420975635,0.0022475281808374886,0.0023475281808374884,0.002233907759601665,0.0015552103219547346,0.00223614486972748,0.005157981955789459,0.005257981955789458,0.0031934593075215816,0.002023159884737089,0.0031950246241298705,1.0065452480795636,1.0049797523091089,1.007809637915525,0.99958240431987,1.0002742743755393,0.9995834118761562,0.9996673190421516,1.0002752826292147,1.0011249710361563,1.0018258557981579,1.0011296536944654,0.9997239943588272,1.0018305417347826,204.94844152104542,15.267105825630066,206.3517008103025,808.9775265688472,811.3130227807386,809.3506810167485,1368.0960090967906,811.6872545154258,1663.2069879417852,1649.6165829803344,1668.3599980274269,13490.203572534856,1654.7274867651113
17545,195654,1,0.9831930639045062,0.9835641695902517,0.991330340980135,0.991330340980135,0.001366971826402,0.9994060465130669,0.9941827571049672,0.999957572554792,1.91421868918085e-39,114753,16230934,37437060,9,0.993817779675788,0.000905654127162,16215957,0.9976,0.0001,129,,,9,1,,0.999580281522694,6.149881225302769e-40,,158967474,158967474,129,0.993817779675788,0.000905654127162,158952497,0.9977,0.0001,0.9746277625692729,0.9908722193583837,0.99128828136641,0.9909142613189115,14597,0.9977863410116551,1116387.18451631,2602992.92424405,1113366.21789267,2599693.16098891,11844.8879617415,1.00317221647612,7.8809249583745835,4.869266208185885,1056644.18947873,1056237.85527794,8103,203.6157260809452,15.191456136853844,204.75265669923965,809.3154932226793,811.0905614234983,809.6879874163251,1368.5513000541573,811.4638726070617,1661.3380307758973,1646.6101103630228,1666.4774556129505,13493.927972776923,1651.7039737077332,48.449288909661476,151977.152283717,150429.230167282,5625,0.999957572554792,0.999580281522694,130.1772120417015,10799.154307874422,24908.52268718197,105768.05263695947,105768.05263695947,116697.38415687559,12213,14977,1664.111111111111,14977,116.10077519379846,1502.98195,3203383,4.6227699877104604e-07,,,9.290277923567862e-07,0.0022607661108245227,9.278835266348094e-07,0.001366971826402,1.1886129546753251e-05,0.0001634365297202643,0.0009728269996275186,0.0002482151263647788,0.0009730141046765806,7.931327138757108e-05,0.0025651386754866772,7.931327138757108e-05,0.002578302581889077,0.008067168061758802,1.901438706833872e-06,1.901438706833872e-06,1.901438706833872e-06,16.328895784426006,0.0020649806335508772,0.0013785605940504684,0.002069840416428979,0.002339798826029519,0.0024397988260295186,0.0022826601560776544,0.0015570672237055778,0.0022848495329330686,0.00531067109589072,0.0054106710958907196,0.00329303529307199,0.002058545330883274,0.0032945532992224797,1.0092251350644579,1.0009145766385337,1.0095228789079678,0.9975359885664294,0.9973637939241587,0.997538065927307,1.00003211938881,0.9973658709264424,1.0018095205538817,1.0027815666461009,1.0018189214819277,0.9997721918731859,1.0027909766957765,205.49410865528955,15.205349887741919,206.70249145507123,807.3213305940128,808.9523595574162,807.6945889718546,1368.5952570854702,809.3263720280858,1664.3442560895319,1651.190266125141,1669.5086472561134,13490.85394632208,1656.3138410066729
16422,186325,1,0.9875402930902782,0.9879131228657424,0.992181967703579,0.992181967703579,5.02435883677652e-05,0.9994062104308477,0.994181663973526,0.999957594100538,2.30956744722748e-39,108567,15429692,35584238,9,0.993826332281418,0.000916446274393,15415450,0.9976,0.0001,129,,,9,1,,0.999580218846932,7.521906434840569e-40,1.0,151190148,151190148,129,0.993826332281418,0.000916446274393,151175906,0.9976,0.0001,0.9797781210504143,0.9917234117063798,0.9921398933348086,0.9917654684131232,13954,0.997786788726791,1073758.08200737,2458286.08077652,1070278.28513741,2456529.48395902,11260.9868224542,1.00317286022649,7.879325975746337,4.903805645274541,1008258.25997562,1007936.29193176,7760,203.6157260809452,15.191456136853844,204.75265669923965,809.3154932226793,811.0905614234983,809.6879874163251,1368.5513000541573,811.4638726070617,1661.3380307758973,1646.6101103630228,1666.4774556129505,13493.927972776923,1651.7039737077332,48.422553012217385,144198.27616509,142643.539055523,5346,0.999957594100538,0.999580218846932,130.3718258069125,10796.173984587744,24898.333975621717,105787.92775407122,105787.92775407122,116714.47356446588,12214,14242,1582.4444444444443,14242,110.40310077519379,1429.181488,3053750,4.6209002555253787e-07,,,9.83695261698458e-07,0.0023166713884982325,9.830888201903938e-07,5.02435883677652e-05,1.1882847293821854e-05,0.00016763749588325275,0.0009958962698450556,0.0002545782938129206,0.0009960553181769095,8.132765572559397e-05,0.002633419006362982,8.132765572559397e-05,0.0026477315308831677,0.008294559293004655,2.5643579001024345e-09,2.5643579001024345e-09,2.5643579001024345e-09,15.523961042801819,0.0015378835266643273,0.0013785613364255722,0.0015444034732849947,0.0010461398582128209,0.001146139858212821,0.0018321831572953627,0.001558034881966996,0.0018349101127512497,0.004062223931100249,0.0041622239311002495,0.0030495870875676435,0.0015400194769688129,0.0030512262132885693,1.0008993680412561,1.0027353835067485,1.0006531219536798,1.0003521026062094,1.0002446793049935,1.0003542270016212,0.9999574599548137,1.0002468034722758,0.998960273736352,0.9994269200951064,0.998969303431772,1.0001630739920093,0.9994359540085862,203.79885155767957,15.233010595414088,204.8863851544042,809.6004553170886,811.2890184983542,809.9748007643562,1368.4930818200132,811.6641447084476,1659.6106939925023,1645.666471197579,1664.759823018421,13496.12848147933,1650.7723367023611
17328,192923,1,0.9839554664398121,0.9843251078418941,0.992338177668423,0.992338177668423,0.001377290463563,0.9994074977193493,0.9941953984108078,0.999957723817849,1.95794356240073e-39,112799,16014419,36936884,9,0.993820190014696,0.00090845893629,15999604,0.9976,0.0001,129,,,9,1,,0.999582211934519,6.44101542404202e-40,,156889391,156889391,129,0.993820190014696,0.00090845893629,156874576,0.9976,0.0001,0.9763752953088086,0.991881655878475,0.9922962253988685,0.991923590620872,14465,0.997791699331314,1107568.6743579,2549023.32753925,1105235.32504361,2546832.46618186,11687.0575996732,1.00317993816091,7.861788102450034,4.881201484981438,1046210.48449917,1045988.72114819,8035,203.6157260809452,15.191456136853844,204.75265669923965,809.3154932226793,811.0905614234983,809.6879874163251,1368.5513000541573,811.4638726070617,1661.3380307758973,1646.6101103630228,1666.4774556129505,13493.927972776923,1651.7039737077332,48.404387445156935,149834.567835278,148149.855023919,5559,0.999957723817849,0.999582211934519,129.7777249024065,10772.768739102501,24847.139897804307,105538.21071258528,105538.21071258528,116440.7571765902,12215,14815,1646.111111111111,14815,114.84496124031008,1486.564818,3170857,4.6004175842734396e-07,,,9.486803206996026e-07,0.002276711475989518,9.479065479576642e-07,0.001377290463563,1.1857070954595716e-05,0.0001645393859604406,0.0009776658962342645,0.000249887427643389,0.000977769529748879,7.983681655608566e-05,0.0025834138896530306,7.983681655608566e-05,0.002598061244730134,0.008118426696795637,1.926334402291826e-06,1.926334402291826e-06,1.926334402291826e-06,16.11132999342664,0.0020704609442392945,0.0013785617001209514,0.002075308379092013,0.0023549563597972645,0.0024549563597972644,0.0022896810097216202,0.0015566176267646135,0.0022918636796894834,0.00533926605328647,0.005439266053286471,0.0033107153074331945,0.0020648915365286957,0.003312225210771827,1.0,1.0,1.0,1.0,1.0,1.0,1.0,1.0,1.0,1.0,1.0,1.0,1.0,203.6157260809452,15.191456136853844,204.75265669923965,809.3154932226793,811.0905614234983,809.6879874163251,1368.5513000541573,811.4638726070617,1661.3380307758973,1646.6101103630228,1666.4774556129505,13493.927972776923,1651.7039737077332
13805,156012,1,0.9856351445746635,0.9860068504345177,0.99201902335637,0.99201902335637,5.55322337454915e-05,0.9994060602818597,0.9941844769936482,0.999957592866748,4.65511202971775e-39,91352,12893931,29749268,9,0.993827816608358,0.000958580656726,12882033,0.9976,0.0001,129,,,9,1,,0.9995806278419,1.54470699443772e-39,,126250106,126250106,129,0.993827816608358,0.000958580656726,126238208,0.9977,0.0001,0.9777273491343083,0.9915609471571912,0.991976954673458,0.9916029981976688,11633,0.9977860858370771,906379.027712665,2064705.71746791,906260.163078639,2063306.0754737,9410.94148759167,1.0031718496884,7.881836296153228,4.900151285930408,843461.996088321,842944.082038364,6478,203.6157260809452,15.191456136853844,204.75265669923965,809.3154932226793,811.0905614234983,809.6879874163251,1368.5513000541573,811.4638726070617,1661.3380307758973,1646.6101103630228,1666.4774556129505,13493.927972776923,1651.7039737077332,48.3018154311649,120473.206112119,119374.680318342,4455,0.999957592866748,0.9995806278419,130.66291463577434,10798.903966185706,24915.558195271984,105736.78193366832,105736.78193366832,116666.34881448979,12216,11898,1322.0,11898,92.23255813953489,1194.003673,2554380,4.6238358079995756e-07,,,1.1715556932551016e-06,0.002531751044541517,1.170733333410682e-06,5.55322337454915e-05,1.1885853843486802e-05,0.00018334195498777,0.0010888479563394698,0.0002784885404734454,0.0010891824050130742,8.899879453613462e-05,0.0028810763395705056,8.899879453613462e-05,0.002894302296587389,0.009065457849669587,3.133648535465602e-09,3.133648535465602e-09,3.133648535465602e-09,12.973586999408997,0.001538166595632486,0.0013785641975793345,0.0015446846954839484,0.0011443801900849614,0.0012443801900849615,0.0018845546816010066,0.001562216364042057,0.0018872059633077338,0.004315172770799817,0.0044151727707998165,0.0032659695880936515,0.0015407230256596464,0.0032675001683783607,1.005474296480431,1.0048433403271666,1.0053321999956362,1.0015249292273538,1.0011221652784932,1.0015266475577804,0.9998938826348684,1.0011238829178921,0.9988350211751298,1.0008817525018174,0.9988439372182134,0.999359559741737,1.0008906868149299,204.73037893359054,15.26503352898985,205.84443881439785,810.5496420724448,812.0007390892413,810.9240956048784,1368.4060729961482,812.3758629919713,1659.4026071490919,1648.0620129473532,1664.55090304983,13485.285918061054,1653.1751246592821
19816,360071,1,0.975549765484835,0.976333244097553,0.991298753227879,0.991298753227879,0.00137136066702,0.9989736860854027,0.9923152618925762,0.999879179400639,1.2879242908726e-39,84967,27189454,58587933,17,0.991809972245005,0.000980452898519,27174933,0.9974,0.0001,129,,,17,1,,0.999076805869779,4.7744437547317e-40,1.0,203586671,203586671,129,0.991809972245005,0.000980452898519,203572150,0.9971,0.0001,0.966944425315061,0.9902639332984162,0.9911789839183681,0.9903835920376036,14041,0.9888529076856302,2632519.81554816,3693162.98772519,2624752.29147224,3688898.81091604,57971.3904767365,1.00062836104069,39.78604397989208,7.404793058329316,1118913.53181083,1118329.39745809,6325,203.6157260809452,15.191456136853844,204.75265669923965,809.3154932226793,811.0905614234983,809.6879874163251,1368.5513000541573,811.4638726070617,1661.3380307758973,1646.6101103630228,1666.4774556129505,13493.927972776923,1651.7039737077332,55.976103574134015,182864.076584427,180385.215681895,6301,0.999879179400639,0.999076805869779,247.11845833045115,18660.252992678437,40209.18007761737,139722.51104406844,139722.51104406844,158629.88249507733,12217,14521,854.1764705882352,14521,112.56589147286822,1457.07853,3506861,1.1722062571906275e-05,,,7.827931956744322e-07,0.001666502339121198,7.832204048513443e-07,0.00137136066702,2.0547366339928755e-05,0.00013064593816473503,0.0009453698269229254,0.00019177842903889087,0.0009456166910855317,7.008504064237598e-05,0.0023384915307330203,7.008504064237598e-05,0.0023545045280514254,0.008160503463993767,1.913789899136414e-06,1.913789899136414e-06,1.913789899136414e-06,79.90602840511684,0.003941542396892247,0.001378370050268727,0.003944092661599563,0.0023167304939429255,0.0024167304939429254,0.004053329566684081,0.0036958311281051247,0.004054562932814752,0.005088222248013977,0.005188222248013977,0.004583044741851114,0.0039379574095378496,0.004584135589815068,0.2811222743363333,0.3921253939052163,0.28136198293175746,0.4087299929405396,0.408685157984252,0.4089688820230686,0.3465673188029476,0.4089240208622408,0.24692724750866576,0.24647340853408664,0.24943110233157087,0.2652853136904834,0.24897266140675425,57.24091600651917,5.9569557216576285,57.60961349944346,330.791515831575,331.48067423489806,331.1371910011629,474.29515470405755,331.8270695709248,410.2296271209594,405.84560642786283,415.6713087642497,3579.740915174915,411.229134190126
