(current_cut)_Total_COIN_Triggers,(current_cut)_Total_HMS_EL-REAL_Triggers,(current_cut)_Total_SHMS_3/4_Triggers,Accepted_COIN_Triggers,Accepted_HMS_Triggers,Accepted_SHMS_Triggers,BCM2_Beam_Cut_Charge,BCM2_Beam_Cut_Current,BCM2_Charge,BCM2_Current,BCM_Cut_HMS_Run_Length,BCM_Cut_SHMS_Run_Length,Beam_Energy,COIN_CPULT,COIN_CPULT_ERROR,COIN_Trigger_Rate,CoinBlocking,CoinBlocking_ERROR,CoinBlocking_Sys,CoinBlocking_SysDown,CoinBlocking_SysUp,Corrected_Charge,Corrected_Charge_ERROR,Corrected_Current,Corrected_Current_ERROR,EDTM_Accepted_Triggers,HMS_Angle,HMS_CPULT,HMS_CPULT_ERROR,HMS_Cal_ALL_Elec_Eff,HMS_Cal_ALL_Elec_Eff_ERROR,HMS_Cal_COIN_Elec_Eff,HMS_Cal_COIN_Elec_Eff_ERROR,HMS_Cal_SING_Elec_Eff,HMS_Cal_SING_Elec_Eff_ERROR,HMS_Cer_ALL_Elec_Eff,HMS_Cer_ALL_Elec_Eff_ERROR,HMS_Cer_COIN_Elec_Eff,HMS_Cer_COIN_Elec_Eff_ERROR,HMS_Cer_SING_Elec_Eff,HMS_Cer_SING_Elec_Eff_ERROR,HMS_EL-REAL_Trigger_Rate,HMS_Elec_ALL_TRACK_EFF,HMS_Elec_ALL_TRACK_EFF_ERROR,HMS_Elec_COIN_TRACK_EFF,HMS_Elec_COIN_TRACK_EFF_ERROR,HMS_Elec_SING_TRACK_EFF,HMS_Elec_SING_TRACK_EFF_ERROR,HMS_Hodo_3_of_4_EFF,HMS_Hodo_3_of_4_EFF_Uncer,HMS_Hodo_4_of_4_EFF,HMS_Hodo_4_of_4_EFF_Uncer,HMS_Hodo_Plane_1,HMS_Hodo_Plane_2,HMS_Hodo_Plane_3,HMS_Hodo_Plane_4,HMS_Hodo_S1XY,HMS_Hodo_S2XY,HMS_Hodoscope_S1X_Rate,HMS_Hodoscope_S1X_Triggers,HMS_P_Central,HMS_Particle_Mass,HMS_Run_Length,Non_Scaler_EDTM_Live_Time,Non_Scaler_EDTM_Live_Time_Corr,Non_Scaler_EDTM_Live_Time_Corr_ERROR,Non_Scaler_EDTM_Live_Time_ERROR,Non_Scaler_EDTM_Live_Time_Syst_Uncer,Pre-Scaled_COIN_Triggers,Pre-Scaled_HMS_EL-REAL_Triggers,Pre-Scaled_SHMS_3/4_Triggers,Ps1_factor,Ps2_factor,Ps3_factor,Ps4_factor,Ps5_factor,Ps6_factor,Run_Number,SHMS_3/4_Trigger_Rate,SHMS_Aero_ALL_Prot_Eff,SHMS_Aero_ALL_Prot_Eff_ERROR,SHMS_Aero_COIN_Prot_Eff,SHMS_Aero_COIN_Prot_Eff_ERROR,SHMS_Aero_SING_Prot_Eff,SHMS_Aero_SING_Prot_Eff_ERROR,SHMS_Angle,SHMS_CPULT,SHMS_CPULT_ERROR,SHMS_HGC_ALL_Prot_Eff,SHMS_HGC_ALL_Prot_Eff_ERROR,SHMS_HGC_COIN_Prot_Eff,SHMS_HGC_COIN_Prot_Eff_ERROR,SHMS_HGC_SING_Prot_Eff,SHMS_HGC_SING_Prot_Eff_ERROR,SHMS_Hadron_ALL_TRACK_EFF,SHMS_Hadron_ALL_TRACK_EFF_ERROR,SHMS_Hodo_3_of_4_EFF,SHMS_Hodo_3_of_4_EFF_Uncer,SHMS_Hodo_4_of_4_EFF,SHMS_Hodo_4_of_4_EFF_Uncer,SHMS_Hodo_Plane_1,SHMS_Hodo_Plane_2,SHMS_Hodo_Plane_3,SHMS_Hodo_Plane_4,SHMS_Hodo_S1XY,SHMS_Hodo_S2XY,SHMS_Hodoscope_S1X_Rate,SHMS_Hodoscope_S1X_Triggers,SHMS_P_Central,SHMS_Particle_Mass,SHMS_Prot_ALL_TRACK_EFF,SHMS_Prot_ALL_TRACK_EFF_ERROR,SHMS_Prot_COIN_TRACK_EFF,SHMS_Prot_COIN_TRACK_EFF_ERROR,SHMS_Prot_SING_TRACK_EFF,SHMS_Prot_SING_TRACK_EFF_ERROR,SHMS_Run_Length,Target_BoilingCorr,Target_BoilingCorr_ERROR,Target_BoilingCorr_SysUncer,Target_Mass_(amu),Total_COIN_Triggers,Total_HMS_EL-REAL_Triggers,Total_SHMS_3/4_Triggers
26374.0,150817.0,5907419.0,41048.0,166071.0,388443.0,74.284,32.445,74.604,19.837,2289.522,2289.512,10.557302,1.0001,0.0,0.012,1e+38,1e+38,1e+38,1e+38,1e+38,74.160344,13.587957,19.804,0.063831,37480.0,21.655,1.0,0.0035,0.9872,0.0006,0.9983,0.0008,0.9864,0.0006,0.9974,0.0003,0.9926,0.0016,0.9978,0.0002,0.066,0.9951,0.0004,0.9977,0.0009,0.9948,0.0004,0.997606,0.00012,0.791942,0.002165,0.999155,0.998059,0.99081,0.80152,0.999998,0.998176,48.048,110007150.0,5.878,0.000511,3760.843,1.0001,1.0001,0.0,0.0,0.00511571,41045.0,166075.0,349447.0,17.0,1.0,1.0,1.0,1.0,1.0,14986.0,2.58,0.3772,0.0068,0.4255,0.0095,0.323,0.0095,23.11,0.0654,0.0001,0.8776,0.007,0.9931,0.0024,0.7483,0.0135,0.7808,0.0026,0.933371,0.002078,0.566918,0.005219,0.979848,0.960042,0.839612,0.717783,0.999195,0.954736,92.637,212094123.0,5.53,0.938272,0.9882,0.0027,0.9927,0.0026,0.9785,0.0064,3760.843,0.99445,0.06348,0.06348,1.007276,41045.0,166075.0,5940598.0
29517.0,177738.0,7054243.0,45943.0,194606.0,460395.0,88.493,34.898,88.743,21.226,2535.773,2533.772,10.557302,1.0001,0.0,0.012,1e+38,1e+38,1e+38,1e+38,1e+38,88.354835,17.99677,21.193,0.065674,41666.0,21.655,1.0,0.0032,0.987,0.0005,0.9968,0.001,0.9863,0.0006,0.9971,0.0002,0.9951,0.0012,0.9972,0.0003,0.07,0.9942,0.0004,0.9942,0.0014,0.9942,0.0004,0.997688,0.000108,0.794721,0.001983,0.999112,0.997507,0.991674,0.804111,0.999998,0.998369,51.683,131055659.0,5.878,0.000511,4180.873,1.0,1.0001,0.0,0.0,0.00503338,45939.0,194611.0,416679.0,17.0,1.0,1.0,1.0,1.0,1.0,14987.0,2.784,0.3809,0.0062,0.4356,0.0087,0.3205,0.0086,23.11,0.065,0.0001,0.8796,0.0063,0.9951,0.0019,0.7496,0.0122,0.7859,0.0023,0.930718,0.001961,0.556866,0.004761,0.97918,0.959805,0.840243,0.70518,0.999163,0.952901,99.625,252426733.0,5.53,0.938272,0.9958,0.0015,0.9985,0.0011,0.99,0.004,4180.873,0.99407,0.06529,0.06529,1.007276,45939.0,194611.0,7083540.0
33998.0,210234.0,8352485.0,40581.0,217157.0,531240.0,104.768,36.06,104.975,29.424,2905.386,2907.397,10.557302,1.0,0.0,0.012,1e+38,1e+38,1e+38,1e+38,1e+38,104.650568,18.189672,29.391,0.078079,35554.0,21.655,1.0,0.003,0.9865,0.0005,0.9973,0.0008,0.9857,0.0005,0.9975,0.0002,0.9959,0.001,0.9976,0.0002,0.072,0.9957,0.0003,0.997,0.0009,0.9956,0.0003,0.997571,0.000103,0.788683,0.001829,0.998844,0.997606,0.991613,0.798185,0.999997,0.998307,53.607,155747696.0,5.878,0.000511,3567.681,1.0,1.0,0.0,0.0,0.0050056,40581.0,217161.0,492461.0,17.0,1.0,1.0,1.0,1.0,1.0,14988.0,2.873,0.3707,0.0056,0.4218,0.008,0.3132,0.0079,23.11,0.0635,0.0001,0.8748,0.0059,0.9957,0.0016,0.7413,0.0114,0.7849,0.0022,0.93095,0.001799,0.558894,0.004394,0.980252,0.957615,0.839904,0.708877,0.999163,0.953393,102.712,298625460.0,5.53,0.938272,0.9951,0.0015,0.9961,0.0016,0.993,0.0031,3567.681,0.99177,0.07744,0.07744,1.007276,40581.0,217161.0,8371835.0
13238.0,80687.0,3204237.0,36856.0,104698.0,225304.0,40.191,35.754,40.432,11.572,1124.109,1124.109,10.557302,1.0,0.0,0.012,1e+38,1e+38,1e+38,1e+38,1e+38,40.076081,6.82182,11.539,0.054421,34820.0,21.655,0.9999,0.0044,0.9868,0.0008,0.9982,0.001,0.9858,0.0008,0.997,0.0004,0.9971,0.0013,0.997,0.0004,0.072,0.9961,0.0005,0.9973,0.0013,0.996,0.0005,0.997485,0.000168,0.792706,0.002947,0.998161,0.997692,0.991515,0.802815,0.999996,0.998327,52.937,59507031.0,5.878,0.000511,3493.959,1.0,1.0001,0.0,0.0,0.0049538,36855.0,104704.0,190414.0,17.0,1.0,1.0,1.0,1.0,1.0,14989.0,2.85,0.3723,0.0091,0.4171,0.0124,0.3168,0.0131,23.11,0.0696,0.0001,0.8864,0.0092,0.9955,0.0026,0.7514,0.0187,0.7899,0.0035,0.932469,0.002809,0.56592,0.007016,0.977911,0.959889,0.838124,0.719327,0.999114,0.954566,101.756,114385172.0,5.53,0.938272,0.9919,0.003,0.995,0.0029,0.9847,0.0076,3493.959,0.99677,0.05425,0.05425,1.007276,36855.0,104704.0,3237033.0
37570.0,239709.0,9638877.0,42781.0,245230.0,608889.0,120.699,38.025,120.901,32.735,3174.213,3172.128,10.557302,1.0003,0.0,0.012,1e+38,1e+38,1e+38,1e+38,1e+38,120.576887,21.6958,32.702,0.08355,36818.0,21.655,1.0,0.0029,0.9871,0.0004,0.9961,0.0009,0.9864,0.0005,0.9973,0.0002,0.9949,0.001,0.9975,0.0002,0.076,0.9928,0.0004,0.9924,0.0013,0.9928,0.0004,0.997615,9.5e-05,0.790488,0.001714,0.99927,0.997609,0.991286,0.799932,0.999998,0.998257,56.536,179457513.0,5.878,0.000511,3693.298,1.0004,1.0004,0.0,0.0,0.00491195,42769.0,245234.0,568065.0,17.0,1.0,1.0,1.0,1.0,1.0,14991.0,3.039,0.3737,0.0053,0.4178,0.0073,0.322,0.0075,23.11,0.0631,0.0001,0.8714,0.0056,0.9942,0.0017,0.7338,0.0107,0.7855,0.002,0.928158,0.001695,0.553526,0.004071,0.980029,0.958736,0.828681,0.710907,0.999176,0.950473,108.36,343731498.0,5.53,0.938272,0.9916,0.0018,0.9961,0.0015,0.9813,0.0048,3693.298,0.99084,0.08279,0.08279,1.007276,42769.0,245234.0,9657099.0
12077.0,71274.0,2814078.0,20585.0,80008.0,185931.0,35.356,34.165,35.482,18.788,1034.84,1034.851,10.557302,1.0002,0.0,0.012,1e+38,1e+38,1e+38,1e+38,1e+38,35.29325,3.247226,18.755,0.062421,18821.0,21.655,1.0,0.005,0.9868,0.0008,0.9986,0.001,0.9858,0.0009,0.9975,0.0004,0.9952,0.0018,0.9977,0.0004,0.069,0.9898,0.0008,0.986,0.0033,0.9901,0.0009,0.997627,0.000175,0.793333,0.00316,0.999111,0.997982,0.990953,0.802909,0.999998,0.998217,50.985,52760993.0,5.878,0.000511,1888.529,1.0001,1.0001,0.0,0.0,0.00502026,20581.0,80004.0,166392.0,17.0,1.0,1.0,1.0,1.0,1.0,14992.0,2.719,0.3729,0.0096,0.4032,0.0133,0.3365,0.014,23.11,0.0657,0.0001,0.8652,0.0104,0.9946,0.0031,0.7287,0.0194,0.7807,0.0037,0.932233,0.003028,0.56222,0.007542,0.980491,0.962998,0.834496,0.713532,0.999278,0.952588,97.336,100727892.0,5.53,0.938272,0.9873,0.004,0.9943,0.0033,0.9733,0.01,1888.529,0.99475,0.06209,0.0621,1.007276,20581.0,80004.0,2828670.0
16918.0,45150.0,1314230.0,20691.0,49056.0,1320744.0,48.977,28.93,49.078,23.822,1692.932,1682.19,10.557302,1.0005,0.0,0.01,1e+38,1e+38,1e+38,1e+38,1e+38,48.909377,4.909077,23.789,0.069375,20541.0,21.655,1.0004,0.0064,0.9501,0.0022,0.99,0.0099,0.9498,0.0022,0.998,0.0005,0.9899,0.01,0.9981,0.0005,0.027,0.995,0.0008,1.0,0.0,0.9949,0.0008,0.997688,0.000248,0.785956,0.004558,0.9995,0.998416,0.990872,0.794853,0.999999,0.998127,16.534,27991174.0,5.878,0.000511,2060.205,1.0005,1.0006,0.0,0.0,0.00611204,20681.0,49035.0,1321060.0,1.0,1.0,1.0,1.0,1.0,1.0,14993.0,0.781,0.3645,0.0037,0.3506,0.0544,0.3646,0.0037,23.11,0.9998,0.0,0.8668,0.0041,1.0,0.0,0.8663,0.0041,0.798,0.0013,0.934052,0.001017,0.568382,0.002526,0.97641,0.952637,0.857447,0.712645,0.998883,0.959037,33.357,56112454.0,5.53,0.938272,0.9933,0.001,1.0,0.0,0.9932,0.001,2060.205,0.99334,0.06891,0.06892,1.007276,20681.0,49035.0,1321060.0
42056.0,256851.0,4451816.0,45520.0,153104.0,179576.0,91.026,63.551,91.046,51.105,1432.339,1441.071,5.985091,1.0,0.0,0.029,1e+38,1e+38,1e+38,1e+38,1e+38,91.07078,7.974329,51.13,0.085943,17755.0,29.17,0.5879,0.0019,0.9842,0.0005,0.9937,0.0005,0.978,0.0007,0.9977,0.0002,0.998,0.0003,0.9975,0.0003,0.178,0.9973,0.0002,0.9987,0.0002,0.9961,0.0004,0.998392,8.1e-05,0.815765,0.001808,0.998972,0.997787,0.994227,0.823168,0.999998,0.998979,52.83,75670958.0,3.271,0.000511,1781.545,0.9964,0.9955,0.0005,0.0005,0.00170645,45519.0,130212.0,135051.0,33.0,1.0,1.0,2.0,1.0,1.0,13058.0,3.089,0.694,0.0027,0.7018,0.0029,0.644,0.0075,27.495,0.0403,0.0001,0.9943,0.0005,0.9954,0.0005,0.9868,0.0022,0.9683,0.0009,0.99203,0.000334,0.841779,0.002825,0.987931,0.984373,0.954749,0.906615,0.999811,0.995774,110.387,159075592.0,3.493,0.938272,0.9963,0.0004,0.9963,0.0005,0.9961,0.001,1788.274,0.9857,0.08462,0.08463,1.007276,45519.0,260423.0,4456694.0
57507.0,344192.0,5956557.0,67435.0,210928.0,246888.0,121.844,60.507,121.915,40.541,2013.737,2018.551,5.985091,1.0001,0.0,0.028,1e+38,1e+38,1e+38,1e+38,1e+38,121.919645,18.019852,40.566,0.074486,29969.0,29.17,0.5951,0.0016,0.9841,0.0004,0.9929,0.0005,0.9782,0.0006,0.9977,0.0002,0.9981,0.0002,0.9975,0.0002,0.171,0.9972,0.0002,0.9981,0.0002,0.9965,0.0003,0.99856,6.6e-05,0.82348,0.001567,0.999189,0.9981,0.994281,0.830466,0.999998,0.99903,50.391,101473740.0,3.271,0.000511,3007.179,0.9984,0.9977,0.0002,0.0002,0.00152966,67431.0,177223.0,180954.0,33.0,1.0,1.0,2.0,1.0,1.0,13061.0,2.951,0.6834,0.0023,0.694,0.0025,0.6161,0.0066,27.495,0.0413,0.0001,0.9945,0.0004,0.9953,0.0004,0.9898,0.0017,0.9693,0.0008,0.992225,0.000282,0.846074,0.002427,0.986778,0.983037,0.955792,0.912548,0.999776,0.996134,105.232,212415968.0,3.493,0.938272,0.9961,0.0004,0.9962,0.0004,0.9958,0.0009,3011.993,0.98866,0.07354,0.07355,1.007276,67431.0,354446.0,5971489.0
7584.0,33035.0,660785.0,7824.0,20624.0,27640.0,28.227,38.547,28.23,37.324,732.274,737.437,5.985091,1.0,0.0,0.01,1e+38,1e+38,1e+38,1e+38,1e+38,28.246189,1.050039,37.349,0.071203,7537.0,29.17,0.6196,0.0055,0.9664,0.0025,0.9556,0.0137,0.9669,0.0025,0.9961,0.0009,1.0,0.0,0.9959,0.0009,0.045,0.9966,0.0009,1.0,0.0,0.9964,0.0009,0.997567,0.000359,0.775628,0.006321,0.998318,0.998799,0.991669,0.784405,0.999998,0.998204,13.933,10203092.0,3.271,0.000511,756.358,0.9933,0.9931,0.0009,0.0009,0.00594813,7824.0,16642.0,20034.0,33.0,1.0,1.0,2.0,1.0,1.0,13062.0,0.896,0.6696,0.0107,0.6591,0.032,0.671,0.0114,27.495,0.0418,0.0002,0.9969,0.0015,1.0,0.0,0.9965,0.0017,0.9697,0.0031,0.98589,0.001563,0.778702,0.009356,0.986667,0.973883,0.956235,0.84748,0.999652,0.993325,30.377,22401352.0,3.493,0.938272,0.9968,0.0014,1.0,0.0,0.9965,0.0016,761.521,0.98956,0.07035,0.07036,1.007276,7824.0,33284.0,661122.0
11248.0,49446.0,986338.0,12166.0,31251.0,120538.0,42.084,38.471,42.089,35.542,1093.898,1096.927,5.985091,0.9999,0.0001,0.01,1e+38,1e+38,1e+38,1e+38,1e+38,42.113275,2.45113,35.567,0.06945,11799.0,29.17,0.6203,0.0045,0.9949,0.0008,1.0,0.0,0.9947,0.0008,0.9959,0.0007,0.9966,0.0034,0.9959,0.0007,0.045,0.9957,0.0008,1.0,0.0,0.9955,0.0009,0.997494,0.000293,0.763212,0.004986,0.999423,0.998232,0.991424,0.771623,0.999999,0.998041,13.915,15222125.0,3.271,0.000511,1184.211,0.9956,0.9953,0.0006,0.0006,0.00596969,12167.0,25188.0,109741.0,9.0,1.0,1.0,2.0,1.0,1.0,13128.0,0.899,0.6764,0.0047,0.7049,0.0261,0.6755,0.0048,27.505,0.122,0.0003,0.9939,0.0009,0.9954,0.0046,0.994,0.001,0.9645,0.0014,0.988685,0.000579,0.793907,0.003888,0.989093,0.980102,0.960897,0.852285,0.999783,0.994224,30.404,33350962.0,3.493,0.938272,0.9971,0.0006,1.0,0.0,0.997,0.0006,1189.244,0.99006,0.06865,0.06866,1.007276,12167.0,50377.0,987671.0
138327.0,2512003.0,2458209.0,138923.0,614133.0,277277.0,46.837,71.758,46.847,66.65,652.708,652.708,6.39566,1.0006,0.0,0.212,1e+38,1e+38,1e+38,1e+38,1e+38,46.813867,1.603077,66.617,0.146551,7007.0,18.595,0.2444,0.0003,0.9978,0.0001,0.9987,0.0001,0.9973,0.0001,0.9934,0.0001,0.9929,0.0002,0.9936,0.0002,3.849,0.9961,0.0001,0.9971,0.0002,0.9954,0.0002,0.998156,3.9e-05,0.833924,0.000819,0.99788,0.99611,0.994394,0.843689,0.999992,0.999124,129.842,84748876.0,4.752,0.000511,702.882,1.0003,1.0003,0.0,0.0,0.01625697,138846.0,502584.0,144655.0,17.0,1.0,1.0,5.0,1.0,1.0,16277.0,3.766,0.647,0.0013,0.6526,0.0014,0.5969,0.0043,37.97,0.1128,0.0002,0.9953,0.0002,0.9954,0.0002,0.9941,0.0009,0.9907,0.0003,0.98137,0.000332,0.64868,0.001528,0.990884,0.983833,0.966686,0.688336,0.999853,0.989617,62.616,40870062.0,2.412,0.938272,0.9943,0.0003,0.9942,0.0003,0.9949,0.0009,702.882,0.98135,0.14382,0.14383,1.007276,138846.0,2512920.0,2459131.0
29827.0,546486.0,536864.0,29825.0,45509.0,45256.0,10.21,78.73,10.21,78.73,129.687,129.687,6.39566,0.9999,0.0,0.23,1e+38,1e+38,1e+38,1e+38,1e+38,10.205918,0.064483,78.697,0.170391,1291.0,18.595,0.0833,0.0004,0.9984,0.0002,0.9986,0.0002,0.9977,0.0006,0.9942,0.0004,0.9942,0.0005,0.9944,0.0009,4.214,0.9965,0.0003,0.9967,0.0004,0.9956,0.0009,0.998955,8.1e-05,0.897559,0.002333,0.997359,0.995527,0.996163,0.907462,0.999988,0.999645,142.766,18514953.0,4.752,0.000511,129.687,0.9992,0.9992,0.0008,0.0008,0.0168573,29827.0,16560.0,16269.0,33.0,1.0,1.0,33.0,1.0,1.0,16278.0,4.14,0.653,0.0029,0.6552,0.003,0.6157,0.0126,37.97,0.0843,0.0004,0.9963,0.0005,0.9963,0.0005,0.9956,0.0022,0.9928,0.0006,0.986269,0.000621,0.700136,0.003461,0.991759,0.985718,0.971647,0.737081,0.999882,0.992546,68.676,8906336.0,2.412,0.938272,0.9949,0.0006,0.9948,0.0006,0.9972,0.002,129.687,0.97796,0.16664,0.16665,1.007276,29827.0,546486.0,536864.0
4776.0,211906.0,543910.0,5037.0,28073.0,36763.0,12.85,38.205,12.852,35.46,336.343,336.343,6.39566,1.0002,0.0,0.014,1e+38,1e+38,1e+38,1e+38,1e+38,12.838145,0.226687,35.427,0.088164,3613.0,18.595,0.1323,0.0008,0.9983,0.0004,1.0,0.0,0.9981,0.0004,0.9965,0.0006,0.993,0.0025,0.9969,0.0006,0.63,0.9955,0.0007,0.9951,0.0022,0.9956,0.0007,0.998276,0.000213,0.786987,0.004604,0.999499,0.997988,0.994208,0.793566,0.999999,0.998804,29.435,9900187.0,4.752,0.000511,362.433,1.0003,1.0003,0.0,0.0,0.00358047,5036.0,23575.0,32012.0,17.0,1.0,1.0,9.0,1.0,1.0,16279.0,1.617,0.6453,0.0053,0.6628,0.0142,0.6426,0.0057,37.97,0.0676,0.0003,0.9955,0.0009,0.9946,0.0027,0.9959,0.0009,0.9913,0.0011,0.971871,0.001442,0.467431,0.004589,0.989506,0.981729,0.973096,0.494484,0.999808,0.9864,18.347,6171040.0,2.412,0.938272,0.9965,0.001,0.9981,0.0019,0.9962,0.0011,362.433,0.99008,0.08729,0.0873,1.007276,5036.0,212171.0,544199.0
98658.0,1366189.0,3160388.0,129927.0,204744.0,223073.0,74.429,68.132,74.658,17.654,1092.414,1092.414,6.39566,1.0001,0.0,0.09,1e+38,1e+38,1e+38,1e+38,1e+38,74.289097,15.305883,17.621,0.060958,42138.0,21.095,0.1464,0.0003,0.998,0.0001,0.9984,0.0001,0.9969,0.0003,0.9948,0.0002,0.9944,0.0003,0.9957,0.0004,1.251,0.9967,0.0002,0.9971,0.0002,0.9956,0.0004,0.998961,4.5e-05,0.885383,0.001284,0.998164,0.99673,0.995527,0.893921,0.999994,0.999526,94.069,102762368.0,4.391,0.000511,4228.984,0.9999,0.9995,0.0001,0.0001,0.00999698,129917.0,82239.0,96874.0,33.0,1.0,1.0,17.0,1.0,1.0,16282.0,2.893,0.5948,0.0017,0.5998,0.0018,0.5246,0.0067,34.475,0.0698,0.0001,0.9951,0.0003,0.9952,0.0003,0.9922,0.0016,0.9874,0.0004,0.98828,0.00027,0.789909,0.001775,0.988448,0.979126,0.961722,0.848663,0.999759,0.994207,79.766,87137693.0,2.792,0.938272,0.9943,0.0004,0.9942,0.0004,0.9956,0.0011,4228.984,0.99507,0.06066,0.06066,1.007276,129917.0,1398060.0,3196836.0
4883.0,103829.0,442286.0,6164.0,17163.0,31930.0,15.46,37.514,15.476,28.63,412.12,412.12,6.39566,1.0,0.0,0.012,1e+38,1e+38,1e+38,1e+38,1e+38,15.442587,0.406691,28.597,0.076769,5386.0,21.095,0.1632,0.0013,0.9979,0.0006,1.0,0.0,0.9976,0.0007,0.9968,0.0008,0.9984,0.0016,0.9965,0.0009,0.252,0.9953,0.001,0.9982,0.0018,0.9949,0.0012,0.998456,0.000292,0.784907,0.00656,0.998978,0.998778,0.994901,0.790704,0.999999,0.998933,24.166,9959144.0,4.391,0.000511,540.565,0.9998,0.9998,0.0002,0.0002,0.00490903,6164.0,11685.0,26115.0,17.0,1.0,1.0,9.0,1.0,1.0,16280.0,1.073,0.5852,0.0069,0.606,0.0199,0.5824,0.0074,34.475,0.0719,0.0004,0.996,0.0012,1.0,0.0,0.9954,0.0013,0.987,0.0015,0.970296,0.001571,0.588662,0.00554,0.986342,0.970927,0.961972,0.638983,0.999603,0.986271,20.993,8651425.0,2.792,0.938272,0.9975,0.0009,1.0,0.0,0.9972,0.0011,540.565,0.99199,0.07616,0.07616,1.007276,6164.0,105168.0,443952.0
5718.0,20343.0,1750516.0,9965.0,24661.0,36916.0,25.465,71.099,25.499,32.508,358.165,358.165,6.39566,1.0,0.0,0.016,1e+38,1e+38,1e+38,1e+38,1e+38,25.439274,0.972146,32.475,0.083157,7817.0,33.35,0.9999,0.009,0.9945,0.001,0.9995,0.0005,0.992,0.0014,0.9948,0.0009,0.9955,0.0015,0.9945,0.0012,0.057,0.9962,0.0009,0.9972,0.0012,0.9956,0.0012,0.996581,0.000394,0.753193,0.005734,0.998331,0.997584,0.989691,0.764158,0.999996,0.997569,46.062,16497729.0,3.014,0.000511,784.385,1.0,1.0,0.0,0.0,0.00272069,9965.0,24663.0,27011.0,65.0,1.0,1.0,1.0,1.0,1.0,16513.0,4.887,0.4751,0.0101,0.4767,0.0112,0.4625,0.0228,23.115,0.021,0.0001,0.9686,0.005,0.9937,0.0026,0.874,0.0208,0.9271,0.0042,0.961726,0.002481,0.679389,0.008682,0.966564,0.95283,0.9027,0.817201,0.998423,0.982214,170.076,60915410.0,4.22,0.938272,0.9947,0.0021,0.9964,0.0021,0.9898,0.0059,784.385,0.99091,0.0824,0.08241,1.007276,9965.0,24663.0,1755719.0
10084.0,32569.0,2686616.0,12824.0,35379.0,54158.0,39.321,59.897,39.348,42.254,656.475,656.475,6.39566,1.0001,0.0,0.015,1e+38,1e+38,1e+38,1e+38,1e+38,39.289991,1.782508,42.221,0.100237,9282.0,33.35,0.9999,0.0075,0.9911,0.001,0.9991,0.0005,0.9869,0.0014,0.9967,0.0006,0.9973,0.0009,0.9964,0.0008,0.05,0.9962,0.0007,0.997,0.001,0.9956,0.001,0.997242,0.000271,0.774668,0.004488,0.998904,0.997072,0.991322,0.784605,0.999997,0.998131,39.028,25621206.0,3.014,0.000511,931.22,1.0002,1.0003,0.0,0.0,0.00300368,12823.0,35381.0,41389.0,65.0,1.0,1.0,1.0,1.0,1.0,16514.0,4.092,0.4668,0.0079,0.4771,0.0087,0.4187,0.0187,23.115,0.0201,0.0001,0.9723,0.0037,0.9943,0.0019,0.8687,0.0185,0.9235,0.0034,0.958349,0.002085,0.668833,0.007022,0.967951,0.949319,0.890214,0.817631,0.998376,0.979978,144.003,94534289.0,4.22,0.938272,0.9919,0.0021,0.9916,0.0024,0.9927,0.0042,931.22,0.98818,0.09905,0.09906,1.007276,12823.0,35381.0,2690313.0
27856.0,99394.0,8701576.0,29178.0,100730.0,163177.0,126.419,75.794,126.428,70.143,1667.932,1669.976,6.39566,1.0001,0.0,0.017,1e+38,1e+38,1e+38,1e+38,1e+38,126.359174,11.09593,70.11,0.153403,17963.0,33.35,1.0,0.0045,0.9941,0.0004,0.999,0.0003,0.9915,0.0007,0.9941,0.0004,0.9944,0.0007,0.994,0.0006,0.06,0.9965,0.0004,0.9988,0.0004,0.995,0.0006,0.996864,0.000167,0.761001,0.002577,0.998671,0.997468,0.990236,0.77148,0.999997,0.997769,49.586,82706018.0,3.014,0.000511,1802.435,1.0001,1.0001,0.0,0.0,0.00239882,29176.0,100728.0,133894.0,65.0,1.0,1.0,1.0,1.0,1.0,16515.0,5.211,0.4662,0.0044,0.4724,0.0049,0.4384,0.0103,23.115,0.0187,0.0,0.9707,0.0022,0.9937,0.0011,0.8734,0.0098,0.927,0.0019,0.959899,0.001137,0.675056,0.003913,0.970111,0.945866,0.895287,0.821725,0.998382,0.981332,180.716,301791187.0,4.22,0.938272,0.9943,0.001,0.9948,0.0011,0.9924,0.0024,1802.435,0.98037,0.1504,0.15041,1.007276,29176.0,100728.0,8703120.0
7680.0,27192.0,2368537.0,8881.0,28410.0,45316.0,34.401,75.799,34.409,59.92,453.84,453.84,6.39566,1.0001,0.0,0.017,1e+38,1e+38,1e+38,1e+38,1e+38,34.381809,0.961906,59.887,0.13346,5724.0,33.35,1.0001,0.0084,0.9938,0.0009,0.9983,0.0008,0.9914,0.0013,0.9958,0.0007,0.9959,0.0012,0.9958,0.0009,0.06,0.9972,0.0006,0.9962,0.0012,0.9978,0.0007,0.99693,0.000315,0.763612,0.004885,0.998759,0.99622,0.991553,0.773999,0.999995,0.998091,50.085,22730516.0,3.014,0.000511,574.257,1.0002,1.0002,0.0,0.0,0.0022932,8880.0,28408.0,36460.0,65.0,1.0,1.0,1.0,1.0,1.0,16516.0,5.219,0.4569,0.0084,0.4602,0.0092,0.4413,0.0202,23.115,0.0191,0.0001,0.9789,0.0035,0.9963,0.0016,0.899,0.0175,0.9278,0.0036,0.955344,0.002346,0.657687,0.007613,0.970607,0.946126,0.882448,0.811591,0.998416,0.977852,181.002,82145757.0,4.22,0.938272,0.995,0.0018,0.9951,0.002,0.9945,0.0039,574.257,0.98323,0.13123,0.13124,1.007276,8880.0,28408.0,2369931.0
35836.0,122089.0,10358715.0,39685.0,126321.0,199709.0,151.435,67.481,151.481,57.921,2244.112,2236.016,6.39566,1.0032,0.0,0.016,1e+38,1e+38,1e+38,1e+38,1e+38,151.348834,19.284023,57.888,0.129609,26076.0,33.35,1.0035,0.004,0.9944,0.0004,0.9984,0.0004,0.9923,0.0006,0.9945,0.0004,0.994,0.0007,0.9948,0.0005,0.055,0.9956,0.0004,0.9975,0.0005,0.9944,0.0006,0.997089,0.000145,0.766851,0.002326,0.998874,0.997875,0.990289,0.776895,0.999998,0.997833,44.652,100203632.0,3.014,0.000511,2615.299,1.0028,1.0033,0.0,0.0,0.00269224,39557.0,125883.0,159455.0,65.0,1.0,1.0,1.0,1.0,1.0,16517.0,4.633,0.4616,0.004,0.4707,0.0045,0.4204,0.0096,23.115,0.0193,0.0,0.9739,0.0019,0.9951,0.0009,0.8744,0.0093,0.9256,0.0017,0.958794,0.00106,0.669681,0.003584,0.97137,0.945837,0.893186,0.816065,0.998449,0.980353,161.545,361218378.0,4.22,0.938272,0.9931,0.001,0.9922,0.0012,0.9962,0.0016,2609.289,0.98379,0.12751,0.12752,1.007276,39557.0,125883.0,10364564.0
18261.0,42571.0,11409063.0,20261.0,44604.0,195765.0,105.747,65.05,105.757,57.91,1625.64,1625.64,7.935791,1.0,0.0,0.011,1e+38,1e+38,1e+38,1e+38,1e+38,105.793077,9.495799,57.935,0.093784,18199.0,33.64,1.0,0.0067,0.9887,0.0012,0.9994,0.0006,0.9854,0.0015,0.995,0.0008,0.9967,0.0013,0.9945,0.001,0.026,0.995,0.0009,0.9956,0.0016,0.9947,0.0011,0.996549,0.000331,0.755299,0.004838,0.999196,0.997623,0.988487,0.766534,0.999998,0.997312,42.109,68453684.0,3.283,0.000511,1826.232,1.0,1.0,0.0,0.0,0.00530046,20260.0,44603.0,175571.0,65.0,1.0,1.0,1.0,1.0,1.0,14590.0,7.018,0.401,0.0088,0.4277,0.0117,0.3672,0.0132,19.27,0.0172,0.0,0.9076,0.0078,0.991,0.0034,0.8013,0.0162,0.8138,0.0035,0.940854,0.003006,0.609279,0.008316,0.966139,0.949697,0.847203,0.783797,0.998297,0.966965,220.798,358937787.0,5.512,0.938272,0.9944,0.0021,0.9986,0.0014,0.9888,0.0045,1826.232,0.98379,0.09218,0.09219,1.007276,20260.0,44603.0,11412105.0
31454.0,74260.0,20096576.0,39507.0,82429.0,348623.0,185.961,66.45,185.984,51.569,2798.515,2798.515,7.935791,1.0,0.0,0.011,1e+38,1e+38,1e+38,1e+38,1e+38,186.050781,32.978998,51.594,0.086466,35941.0,33.64,0.9999,0.0049,0.9895,0.0009,0.9968,0.001,0.9873,0.0011,0.9942,0.0006,0.9972,0.0009,0.9934,0.0008,0.027,0.9953,0.0007,0.9949,0.0013,0.9954,0.0008,0.996718,0.000246,0.750391,0.003705,0.99879,0.99783,0.989743,0.760737,0.999997,0.997546,42.641,119330426.0,3.283,0.000511,3606.514,1.0,1.0,0.0,0.0,0.00529627,39507.0,82434.0,309345.0,65.0,1.0,1.0,1.0,1.0,1.0,14592.0,7.181,0.3948,0.0066,0.4317,0.0089,0.3437,0.01,19.27,0.0173,0.0,0.9147,0.0058,0.9941,0.0021,0.8033,0.0128,0.8147,0.0026,0.942816,0.002214,0.613427,0.006189,0.967902,0.947753,0.858739,0.778708,0.998323,0.96874,225.537,631168443.0,5.512,0.938272,0.9915,0.002,0.9968,0.0016,0.9837,0.0043,3606.514,0.98557,0.08513,0.08514,1.007276,39507.0,82434.0,20107413.0
39972.0,94888.0,25913719.0,40815.0,95755.0,439456.0,239.961,67.666,239.973,66.098,3546.244,3546.244,7.935791,1.0001,0.0,0.011,1e+38,1e+38,1e+38,1e+38,1e+38,240.052017,42.83457,66.123,0.103562,36182.0,33.64,1.0,0.0046,0.9873,0.0008,0.9978,0.0007,0.9842,0.0011,0.9951,0.0005,0.9976,0.0008,0.9944,0.0006,0.027,0.9948,0.0006,0.995,0.0012,0.9948,0.0007,0.99641,0.000223,0.759161,0.00321,0.999,0.997361,0.988062,0.771137,0.999997,0.997268,43.746,155132389.0,3.283,0.000511,3630.536,1.0001,1.0001,0.0,0.0,0.00527533,40812.0,95752.0,398704.0,65.0,1.0,1.0,1.0,1.0,1.0,14593.0,7.307,0.3948,0.0058,0.4277,0.0078,0.3492,0.0088,19.27,0.017,0.0,0.8966,0.0055,0.9914,0.0022,0.7713,0.0115,0.8132,0.0023,0.941002,0.001975,0.608782,0.005444,0.964168,0.951681,0.851221,0.779426,0.998269,0.967183,229.516,813920125.0,5.512,0.938272,0.9955,0.0013,0.9981,0.0011,0.9915,0.0028,3630.536,0.9815,0.10156,0.10158,1.007276,40812.0,95752.0,25915766.0
30457.0,72573.0,19719223.0,39315.0,81572.0,342624.0,182.464,67.341,182.49,50.716,2709.572,2709.518,7.935791,1.0001,0.0,0.011,1e+38,1e+38,1e+38,1e+38,1e+38,182.553948,32.285015,50.741,0.085502,35859.0,33.64,1.0,0.005,0.9897,0.0009,0.9977,0.0009,0.9874,0.0011,0.9955,0.0006,0.998,0.0008,0.9947,0.0007,0.027,0.9961,0.0006,0.9978,0.0009,0.9955,0.0008,0.99655,0.000247,0.764588,0.003616,0.998921,0.998133,0.987608,0.776468,0.999998,0.99723,43.522,117926618.0,3.283,0.000511,3598.251,1.0001,1.0001,0.0,0.0,0.00529548,39313.0,81569.0,303546.0,65.0,1.0,1.0,1.0,1.0,1.0,14594.0,7.278,0.402,0.0067,0.4363,0.009,0.3546,0.01,19.27,0.0174,0.0,0.9059,0.006,0.994,0.0021,0.7907,0.0127,0.8121,0.0027,0.939511,0.00228,0.604401,0.006245,0.96879,0.949322,0.841678,0.780793,0.998418,0.965295,228.292,618562333.0,5.512,0.938272,0.9952,0.0015,0.9976,0.0014,0.9916,0.0032,3598.251,0.98581,0.0842,0.08421,1.007276,39313.0,81569.0,19730471.0
22487.0,53038.0,14469530.0,38555.0,69357.0,261173.0,133.877,66.93,133.903,37.089,2000.237,1998.217,7.935791,1.0001,0.0,0.011,1e+38,1e+38,1e+38,1e+38,1e+38,133.96702,23.771585,37.114,0.070972,35981.0,33.64,1.0,0.0054,0.9876,0.0011,0.9978,0.001,0.9846,0.0014,0.9952,0.0007,0.9987,0.0008,0.9941,0.0009,0.027,0.9957,0.0007,0.9966,0.0013,0.9954,0.0009,0.996027,0.000312,0.760144,0.004302,0.998853,0.997834,0.985887,0.773587,0.999998,0.996805,43.374,86759229.0,3.283,0.000511,3610.289,1.0001,1.0002,0.0,0.0,0.00528713,38553.0,69359.0,222912.0,65.0,1.0,1.0,1.0,1.0,1.0,14595.0,7.241,0.3969,0.0079,0.4202,0.0104,0.3614,0.0121,19.27,0.018,0.0,0.9099,0.007,0.9885,0.0035,0.8051,0.0149,0.8156,0.0031,0.940403,0.002656,0.604712,0.007315,0.965932,0.956722,0.843795,0.775494,0.998526,0.964931,227.12,453835565.0,5.512,0.938272,0.996,0.0016,0.9978,0.0016,0.9935,0.0033,3610.289,0.98962,0.07013,0.07014,1.007276,38553.0,69359.0,14489250.0
18364.0,43150.0,11719612.0,35761.0,60869.0,216099.0,108.218,66.035,108.266,31.991,1638.783,1638.783,7.935791,1.0001,0.0,0.011,1e+38,1e+38,1e+38,1e+38,1e+38,108.302148,18.014293,32.016,0.0661,33728.0,33.64,1.0,0.0057,0.9887,0.0012,0.9983,0.001,0.9858,0.0015,0.9959,0.0007,0.9973,0.0012,0.9955,0.0009,0.026,0.9955,0.0008,0.9944,0.0019,0.9959,0.0009,0.996134,0.000351,0.75032,0.004813,0.998969,0.997203,0.987654,0.762616,0.999997,0.997069,42.322,69356727.0,3.283,0.000511,3384.246,1.0001,1.0001,0.0,0.0,0.00531828,35758.0,60869.0,180659.0,65.0,1.0,1.0,1.0,1.0,1.0,14597.0,7.151,0.3977,0.0087,0.4309,0.0117,0.3553,0.013,19.27,0.0184,0.0,0.9044,0.0079,0.9961,0.0022,0.7869,0.0166,0.812,0.0035,0.939881,0.002959,0.60515,0.008178,0.964514,0.957302,0.836117,0.78386,0.998485,0.964578,224.331,367629208.0,5.512,0.938272,0.996,0.0018,1.0,0.0,0.9906,0.0042,3384.246,0.99105,0.06539,0.0654,1.007276,35758.0,60869.0,11742865.0
36447.0,85922.0,23380009.0,40686.0,90214.0,400302.0,216.336,66.753,216.35,59.01,3240.847,3240.847,7.935791,1.0,0.0,0.011,1e+38,1e+38,1e+38,1e+38,1e+38,216.427408,38.999675,59.035,0.095078,36535.0,33.64,1.0,0.0047,0.9889,0.0008,0.9992,0.0005,0.9859,0.0011,0.9956,0.0005,0.9978,0.0008,0.9949,0.0006,0.027,0.9957,0.0006,0.9988,0.0006,0.9946,0.0008,0.996558,0.000229,0.75794,0.003374,0.998955,0.99835,0.987852,0.769332,0.999998,0.997198,42.712,138423438.0,3.283,0.000511,3666.321,1.0,1.0,0.0,0.0,0.00529196,40687.0,90216.0,359783.0,65.0,1.0,1.0,1.0,1.0,1.0,14598.0,7.214,0.4103,0.0062,0.4317,0.0082,0.383,0.0094,19.27,0.0171,0.0,0.9146,0.0052,0.9917,0.0023,0.8175,0.0109,0.8101,0.0025,0.940907,0.002083,0.607098,0.005766,0.966186,0.954247,0.846606,0.777778,0.998453,0.965913,227.132,736100513.0,5.512,0.938272,0.9935,0.0016,0.9972,0.0014,0.9883,0.0034,3666.321,0.98349,0.09342,0.09343,1.007276,40687.0,90216.0,23385918.0
19799.0,46266.0,12445588.0,20921.0,47403.0,212319.0,115.309,65.444,115.322,61.527,1761.946,1761.946,7.935791,1.0,0.0,0.011,1e+38,1e+38,1e+38,1e+38,1e+38,115.355807,10.62686,61.552,0.098064,18680.0,33.64,1.0,0.0065,0.989,0.0011,0.9975,0.0011,0.9865,0.0014,0.9958,0.0007,0.9975,0.0011,0.9953,0.0008,0.026,0.9963,0.0007,0.9989,0.0008,0.9954,0.001,0.997468,0.000269,0.760499,0.004598,0.999272,0.998943,0.990869,0.768879,0.999999,0.99789,42.108,74192170.0,3.283,0.000511,1874.335,1.0001,1.0001,0.0,0.0,0.00529791,20920.0,47405.0,191508.0,65.0,1.0,1.0,1.0,1.0,1.0,14599.0,7.064,0.4095,0.0084,0.4437,0.0111,0.3587,0.0127,19.27,0.0171,0.0,0.9125,0.0072,0.9933,0.0027,0.7991,0.0158,0.8124,0.0033,0.938782,0.002867,0.60155,0.007746,0.965846,0.950343,0.846584,0.774129,0.998304,0.965348,222.891,392721260.0,5.512,0.938272,0.9948,0.002,0.9976,0.0017,0.99,0.0044,1874.335,0.98278,0.09629,0.0963,1.007276,20920.0,47405.0,12448034.0
9483.0,14654.0,1195794.0,9790.0,14962.0,28053.0,35.52,37.464,35.521,36.283,948.118,948.118,7.935791,1.0,0.0,0.01,1e+38,1e+38,1e+38,1e+38,1e+38,35.544381,1.710301,36.308,0.070171,9756.0,33.64,0.9999,0.0116,0.9828,0.0039,1.0,0.0,0.9825,0.004,0.9802,0.0042,1.0,0.0,0.9798,0.0043,0.015,0.9976,0.0017,1.0,0.0,0.9976,0.0017,0.996162,0.000769,0.742902,0.010443,0.999388,0.998156,0.986881,0.75463,0.999999,0.996781,10.022,9502292.0,3.283,0.000511,979.001,1.0,1.0,0.0,0.0,0.00615244,9790.0,14963.0,18403.0,65.0,1.0,1.0,1.0,1.0,1.0,14600.0,1.261,0.3953,0.0284,0.4545,0.1062,0.3905,0.0295,19.27,0.0235,0.0001,0.936,0.0219,1.0,0.0,0.9304,0.0237,0.819,0.0104,0.959281,0.006315,0.668911,0.021589,0.963504,0.962963,0.887324,0.8125,0.998648,0.978873,51.529,48855367.0,5.512,0.938272,1.0,0.0,1.0,0.0,1.0,0.0,979.001,0.98985,0.06935,0.06936,1.007276,9790.0,14963.0,1196184.0
40762.0,835839.0,3484639.0,47953.0,207181.0,251287.0,81.189,66.23,81.255,41.833,1225.858,1227.856,8.479749,1.0005,0.0,0.033,1e+38,1e+38,1e+38,1e+38,1e+38,81.124473,7.676781,41.8,0.099476,19404.0,19.56,0.2457,0.0006,0.9948,0.0003,0.998,0.0003,0.9933,0.0004,0.9954,0.0002,0.9955,0.0004,0.9954,0.0003,0.681,0.9953,0.0003,0.9967,0.0004,0.9945,0.0004,0.998225,7.2e-05,0.842831,0.001536,0.997925,0.996389,0.993825,0.85291,0.999993,0.999092,111.316,136458033.0,5.587,0.000511,1942.361,1.0004,1.0007,0.0,0.0,0.00265219,47928.0,168649.0,205506.0,17.0,1.0,1.0,5.0,1.0,1.0,16162.0,2.838,0.4929,0.003,0.5002,0.0032,0.4436,0.0083,30.02,0.0719,0.0001,0.985,0.001,0.9951,0.0006,0.9161,0.0066,0.9371,0.0012,0.972702,0.000694,0.721966,0.002965,0.978086,0.9608,0.916718,0.838051,0.999141,0.986513,98.629,121102421.0,3.731,0.938272,0.9941,0.0007,0.9941,0.0007,0.994,0.0017,1946.363,0.9883,0.09831,0.09832,1.007276,47928.0,843246.0,3493598.0
22447.0,472260.0,1967646.0,23652.0,113731.0,138405.0,46.049,72.442,46.063,60.916,635.661,635.661,8.479749,1.0001,0.0,0.035,1e+38,1e+38,1e+38,1e+38,1e+38,46.023683,1.69551,60.883,0.135387,7534.0,19.56,0.2402,0.0008,0.9946,0.0004,0.9987,0.0003,0.9927,0.0005,0.9951,0.0003,0.994,0.0007,0.9956,0.0004,0.743,0.9947,0.0004,0.9966,0.0005,0.9936,0.0005,0.998044,0.000101,0.838735,0.002057,0.998285,0.995676,0.993261,0.84955,0.999993,0.998986,123.059,78223509.0,5.587,0.000511,756.174,0.9999,0.9998,0.0001,0.0001,0.0031055,23650.0,94705.0,115841.0,17.0,1.0,1.0,5.0,1.0,1.0,16164.0,3.095,0.491,0.004,0.4991,0.0043,0.4392,0.0109,30.02,0.0703,0.0002,0.9838,0.0014,0.9948,0.0009,0.9106,0.009,0.9334,0.0017,0.974523,0.000882,0.731067,0.00396,0.980345,0.965378,0.911783,0.847207,0.99932,0.986521,107.47,68314636.0,3.731,0.938272,0.9938,0.0009,0.9937,0.001,0.9941,0.0022,756.174,0.98295,0.13308,0.13309,1.007276,23650.0,473525.0,1969296.0
7554.0,93466.0,543596.0,7652.0,93569.0,114963.0,27.961,39.69,27.962,39.143,704.474,704.474,8.479749,1.0,0.0,0.011,1e+38,1e+38,1e+38,1e+38,1e+38,27.937279,0.972265,39.11,0.094629,7119.0,19.56,1.0,0.0046,0.9831,0.0007,0.9923,0.0044,0.983,0.0007,0.9968,0.0003,0.9948,0.0036,0.9969,0.0003,0.133,0.9954,0.0004,1.0,0.0,0.9953,0.0004,0.998528,0.000102,0.82377,0.002379,0.999005,0.998629,0.993719,0.830942,0.999999,0.998938,27.405,19306318.0,5.587,0.000511,714.337,1.0,1.0,0.0,0.0,0.00564161,7652.0,93566.0,108742.0,5.0,1.0,1.0,1.0,1.0,1.0,16165.0,0.772,0.5133,0.0059,0.4986,0.0266,0.5141,0.0061,30.02,0.2114,0.0006,0.9814,0.0022,0.9888,0.0079,0.9811,0.0023,0.9413,0.002,0.968337,0.001035,0.691184,0.003938,0.97567,0.954444,0.930369,0.797784,0.998892,0.985919,26.855,18918535.0,3.731,0.938272,0.9938,0.0012,1.0,0.0,0.9935,0.0012,714.337,0.98905,0.0936,0.0936,1.007276,7652.0,93566.0,543711.0
9554.0,19412.0,8992470.0,10665.0,20545.0,1806075.0,57.954,63.876,57.971,57.417,907.29,897.228,9.171712,0.9993,0.0003,0.011,1e+38,1e+38,1e+38,1e+38,1e+38,57.954222,0.296919,57.417,0.294167,10058.0,31.645,0.9993,0.0099,0.9915,0.0016,1.0,0.0,0.9903,0.0019,0.9948,0.0012,0.9981,0.0019,0.9942,0.0014,0.022,0.998,0.0009,1.0,0.0,0.9976,0.0011,0.996555,0.000513,0.740289,0.007415,0.999112,0.997957,0.989188,0.750579,0.999998,0.997303,46.714,42383262.0,3.738,0.000511,1009.644,0.9997,0.9997,0.0002,0.0002,0.00569281,10673.0,20560.0,1799873.0,5.0,1.0,1.0,1.0,1.0,1.0,11867.0,10.023,0.2362,0.0033,0.3226,0.021,0.2334,0.0034,18.125,0.2007,0.0001,0.848,0.0053,0.9938,0.0062,0.8428,0.0055,0.7533,0.0013,0.896199,0.001111,0.469803,0.002057,0.970259,0.965856,0.789853,0.634701,0.998985,0.923234,314.638,282302220.0,6.265,0.938272,0.9796,0.0027,0.9872,0.009,0.9792,0.0028,1009.644,0.98393,0.28944,0.09169,1.007276,10673.0,20560.0,8999366.0
7882.0,16717.0,7961443.0,7892.0,16731.0,1598048.0,50.916,69.299,50.916,69.299,734.727,736.728,9.171712,1.0013,0.0,0.011,1e+38,1e+38,1e+38,1e+38,1e+38,50.915776,0.255248,69.299,0.347405,7353.0,31.645,1.0008,0.0109,0.9911,0.0017,0.9979,0.0021,0.9898,0.002,0.9945,0.0014,1.0,0.0,0.9934,0.0016,0.023,0.9978,0.001,1.0,0.0,0.9973,0.0012,0.997718,0.000417,0.763308,0.007576,0.999031,0.998412,0.992645,0.770934,0.999998,0.998315,50.524,37121077.0,3.738,0.000511,734.727,1.0016,1.0016,0.0,0.0,0.00565821,7882.0,16717.0,1592289.0,5.0,1.0,1.0,1.0,1.0,1.0,11868.0,10.806,0.235,0.0036,0.3679,0.0229,0.2307,0.0036,18.125,0.2007,0.0001,0.8378,0.0058,1.0,0.0,0.8308,0.0061,0.7528,0.0014,0.895351,0.001196,0.46694,0.002192,0.971149,0.963889,0.791892,0.629915,0.998958,0.922982,336.972,248256183.0,6.265,0.938272,0.9853,0.0025,1.0,0.0,0.9842,0.0027,736.728,0.98061,0.34067,0.10536,1.007276,7882.0,16717.0,7961443.0
10703.0,22378.0,10615913.0,11038.0,22713.0,2128530.0,68.071,67.722,68.087,65.64,1005.165,1003.081,9.171712,0.9993,0.0003,0.011,1e+38,1e+38,1e+38,1e+38,1e+38,68.071433,0.343154,65.64,0.330897,10332.0,31.645,0.9995,0.0094,0.9905,0.0015,0.9967,0.0023,0.9894,0.0018,0.9977,0.0008,1.0,0.0,0.9972,0.0009,0.022,0.998,0.0008,1.0,0.0,0.9976,0.001,0.99703,0.000424,0.752201,0.006729,0.999263,0.998044,0.990294,0.761624,0.999999,0.997686,49.635,49891136.0,3.738,0.000511,1037.276,0.9996,0.9996,0.0002,0.0002,0.00567781,11046.0,22724.0,2123705.0,5.0,1.0,1.0,1.0,1.0,1.0,11870.0,10.583,0.235,0.003,0.3097,0.0195,0.2327,0.0031,18.125,0.2005,0.0001,0.845,0.0049,0.9943,0.0057,0.84,0.0051,0.7526,0.0012,0.897261,0.001024,0.472911,0.001909,0.970327,0.963512,0.793278,0.637645,0.998917,0.925093,329.8,330816325.0,6.265,0.938272,0.9786,0.0026,1.0,0.0,0.9774,0.0028,1037.276,0.98163,0.32482,0.1011,1.007276,11046.0,22724.0,10618523.0
9550.0,19756.0,9095795.0,10561.0,20772.0,1823636.0,54.952,64.712,54.993,57.916,849.172,896.45,9.171712,0.9991,0.0003,0.011,1e+38,1e+38,1e+38,1e+38,1e+38,54.952016,0.281227,57.916,0.296397,9945.0,31.645,0.9989,0.0098,0.9923,0.0015,0.9981,0.0019,0.9912,0.0017,0.9961,0.0011,0.9981,0.0019,0.9958,0.0012,0.022,0.9959,0.0012,1.0,0.0,0.995,0.0015,0.997116,0.000453,0.748439,0.007206,0.999715,0.99802,0.990425,0.75739,0.999999,0.997677,47.623,40439733.0,3.738,0.000511,949.519,0.9991,0.999,0.0003,0.0003,0.00568951,10571.0,20794.0,1820255.0,5.0,1.0,1.0,1.0,1.0,1.0,11871.0,10.146,0.2366,0.0033,0.3287,0.0208,0.2337,0.0033,18.125,0.2004,0.0001,0.8486,0.0053,1.0,0.0,0.8431,0.0055,0.7536,0.0013,0.896361,0.001109,0.469951,0.002056,0.970592,0.965852,0.789997,0.634571,0.998996,0.923259,316.968,284146022.0,6.265,0.938272,0.9826,0.0025,0.9938,0.0062,0.9819,0.0026,998.824,0.98379,0.29159,0.09227,1.007276,10571.0,20794.0,9101275.0
9716.0,20038.0,9238342.0,11375.0,21715.0,1854871.0,59.428,64.583,59.44,55.307,920.185,908.158,9.171712,1.0001,0.0,0.011,1e+38,1e+38,1e+38,1e+38,1e+38,59.42834,0.306068,55.307,0.284843,10708.0,31.645,0.9998,0.0096,0.9904,0.0017,0.9965,0.0025,0.9892,0.002,0.9961,0.0011,0.9964,0.0025,0.996,0.0012,0.022,0.9973,0.001,1.0,0.0,0.9966,0.0013,0.996851,0.000477,0.735026,0.007321,0.999725,0.998635,0.989365,0.744147,1.0,0.997279,47.346,43566992.0,3.738,0.000511,1074.72,0.9998,0.9998,0.0001,0.0001,0.00565827,11374.0,21720.0,1849062.0,5.0,1.0,1.0,1.0,1.0,1.0,11872.0,10.173,0.2341,0.0033,0.3039,0.0199,0.2317,0.0033,18.125,0.2006,0.0001,0.8371,0.0054,0.9939,0.0061,0.8313,0.0056,0.7543,0.0013,0.896012,0.001101,0.470684,0.002036,0.968643,0.964248,0.791844,0.636411,0.998879,0.924317,317.555,288389879.0,6.265,0.938272,0.9833,0.0024,1.0,0.0,0.9822,0.0026,1074.72,0.98452,0.28043,0.08932,1.007276,11374.0,21720.0,9245312.0
8825.0,17842.0,7989847.0,10459.0,19451.0,1599656.0,51.645,61.43,51.674,51.921,840.701,828.679,9.171712,0.9977,0.0005,0.011,1e+38,1e+38,1e+38,1e+38,1e+38,51.644518,0.268573,51.921,0.270011,9890.0,31.645,0.9963,0.0101,0.9921,0.0016,0.9979,0.0021,0.9909,0.0019,0.9948,0.0013,1.0,0.0,0.9938,0.0016,0.022,0.9946,0.0016,1.0,0.0,0.9934,0.0019,0.997009,0.000495,0.752841,0.007662,0.999346,0.997495,0.990642,0.76236,0.999998,0.997776,45.192,37993050.0,3.738,0.000511,995.23,0.9973,0.9968,0.0005,0.0005,0.00569203,10483.0,19524.0,1599976.0,5.0,1.0,1.0,1.0,1.0,1.0,11873.0,9.642,0.2359,0.0035,0.3467,0.0224,0.2324,0.0035,18.125,0.2,0.0001,0.8387,0.0057,0.9936,0.0063,0.8327,0.0059,0.7527,0.0014,0.894883,0.001185,0.470412,0.002185,0.967645,0.963448,0.788661,0.639798,0.998817,0.923875,302.234,250454596.0,6.265,0.938272,0.9798,0.0029,0.9865,0.0095,0.9794,0.003,995.23,0.98547,0.26609,0.08559,1.007276,10483.0,19524.0,7999878.0
8546.0,17222.0,7701838.0,11793.0,20480.0,1544869.0,49.68,60.684,49.703,43.995,818.659,800.614,9.171712,0.9975,0.0005,0.011,1e+38,1e+38,1e+38,1e+38,1e+38,49.679846,0.266394,43.995,0.23591,11235.0,31.645,0.997,0.0098,0.9934,0.0015,0.9959,0.0029,0.9929,0.0017,0.9965,0.0011,0.9959,0.0029,0.9966,0.0012,0.022,0.996,0.0013,0.9976,0.0024,0.9956,0.0015,0.996858,0.000514,0.749506,0.007866,0.999336,0.997694,0.98998,0.759346,0.999998,0.997589,44.632,36538330.0,3.738,0.000511,1129.737,0.998,0.9972,0.0004,0.0004,0.00567494,11823.0,20541.0,1542620.0,5.0,1.0,1.0,1.0,1.0,1.0,11874.0,9.62,0.2361,0.0036,0.3233,0.0217,0.2331,0.0036,18.125,0.2003,0.0001,0.8385,0.0058,0.9804,0.0112,0.8327,0.006,0.7517,0.0014,0.896276,0.001206,0.47053,0.002236,0.970457,0.964975,0.789928,0.636073,0.998965,0.923549,301.073,241043046.0,6.265,0.938272,0.9774,0.0031,1.0,0.0,0.9759,0.0033,1129.737,0.98769,0.233,0.07712,1.007276,11823.0,20541.0,7713099.0
14919.0,30845.0,14405874.0,18820.0,34780.0,130648.0,92.676,66.623,92.766,52.045,1391.048,1391.048,9.171712,0.9999,0.0001,0.011,1e+38,1e+38,1e+38,1e+38,1e+38,92.676315,0.481801,52.045,0.270571,17762.0,31.645,0.9999,0.0076,0.9928,0.0012,0.9967,0.0019,0.992,0.0013,0.9964,0.0008,0.9989,0.0011,0.9959,0.001,0.022,0.9968,0.0009,0.9987,0.0013,0.9964,0.0011,0.996642,0.000394,0.74391,0.005794,0.998925,0.996775,0.990734,0.754107,0.999997,0.997722,48.718,67769498.0,3.738,0.000511,1782.404,1.0,1.0,0.0,0.0,0.00564017,18821.0,34782.0,111771.0,129.0,1.0,1.0,1.0,1.0,1.0,11875.0,10.356,0.2673,0.0104,0.3109,0.0159,0.2296,0.0135,18.125,0.0091,0.0,0.9222,0.0117,0.9962,0.0038,0.8473,0.0222,0.7836,0.0048,0.917653,0.003613,0.521591,0.007945,0.973896,0.969573,0.810682,0.681376,0.999206,0.939679,322.2,448195156.0,6.265,0.938272,0.9848,0.0062,0.9881,0.0068,0.9787,0.0122,1782.404,0.98544,0.26663,0.08574,1.007276,18821.0,34782.0,14418402.0
14490.0,29819.0,13495791.0,19250.0,34628.0,124047.0,87.041,64.041,87.159,47.452,1359.131,1359.131,9.171712,1.0,0.0,0.011,1e+38,1e+38,1e+38,1e+38,1e+38,87.040753,0.459847,47.452,0.250696,18304.0,31.645,0.9999,0.0076,0.9924,0.0012,0.9988,0.0012,0.9912,0.0014,0.9963,0.0009,1.0,0.0,0.9955,0.001,0.022,0.9962,0.001,0.9986,0.0014,0.9957,0.0012,0.996548,0.000407,0.742261,0.005909,0.99925,0.997433,0.989435,0.752682,0.999998,0.997387,47.01,63893289.0,3.738,0.000511,1836.786,1.0,1.0,0.0,0.0,0.00568394,19250.0,34630.0,104746.0,129.0,1.0,1.0,1.0,1.0,1.0,11876.0,9.93,0.2715,0.0106,0.3325,0.0169,0.2219,0.0133,18.125,0.0092,0.0,0.9189,0.012,0.9961,0.0039,0.8398,0.0229,0.7733,0.005,0.913423,0.003821,0.505926,0.00801,0.970085,0.972471,0.813912,0.658905,0.999176,0.936526,310.076,421433306.0,6.265,0.938272,0.9975,0.0025,1.0,0.0,0.9932,0.0068,1836.786,0.98672,0.24737,0.08078,1.007276,19250.0,34630.0,13512195.0
18171.0,37935.0,17549505.0,19952.0,39732.0,156146.0,112.829,66.385,112.896,60.107,1699.629,1699.629,9.171712,1.0001,0.0,0.011,1e+38,1e+38,1e+38,1e+38,1e+38,112.829065,0.574645,60.107,0.306129,18720.0,31.645,1.0,0.0071,0.9901,0.0012,0.9962,0.0019,0.989,0.0014,0.9957,0.0008,0.999,0.001,0.9951,0.0009,0.022,0.9967,0.0008,0.9989,0.0011,0.9962,0.0009,0.997104,0.000324,0.749521,0.005151,0.998715,0.997843,0.991517,0.758542,0.999997,0.997952,48.575,82558709.0,3.738,0.000511,1878.248,1.0001,1.0001,0.0,0.0,0.00566337,19951.0,39731.0,136113.0,129.0,1.0,1.0,1.0,1.0,1.0,11877.0,10.325,0.2867,0.0096,0.3451,0.0151,0.2366,0.0122,18.125,0.0089,0.0,0.9071,0.011,0.9971,0.0029,0.82,0.0205,0.7851,0.0043,0.920884,0.003207,0.527988,0.007149,0.971803,0.967914,0.825308,0.680132,0.999095,0.944121,321.04,545648215.0,6.265,0.938272,0.9902,0.0044,0.9941,0.0041,0.9818,0.0104,1878.248,0.98318,0.30098,0.09475,1.007276,19951.0,39731.0,17558533.0
20386.0,41832.0,19171376.0,23224.0,44706.0,172008.0,123.46,64.688,123.56,56.334,1908.545,1908.545,9.171712,1.0,0.0,0.011,1e+38,1e+38,1e+38,1e+38,1e+38,123.459541,0.634234,56.334,0.2894,21857.0,31.645,1.0,0.0067,0.9928,0.001,0.9991,0.0009,0.9916,0.0012,0.9974,0.0006,1.0,0.0,0.9969,0.0007,0.022,0.9965,0.0008,1.0,0.0,0.9958,0.001,0.997084,0.000322,0.738194,0.005021,0.999458,0.99784,0.991236,0.746737,0.999999,0.99778,47.431,90523610.0,3.738,0.000511,2193.331,1.0,1.0,0.0,0.0,0.00567004,23225.0,44705.0,148719.0,129.0,1.0,1.0,1.0,1.0,1.0,11878.0,10.045,0.2734,0.009,0.326,0.0139,0.2285,0.0115,18.125,0.009,0.0,0.9211,0.0099,0.9893,0.0053,0.8496,0.0189,0.7763,0.0042,0.917959,0.003109,0.523502,0.006827,0.971838,0.967151,0.815959,0.682593,0.999075,0.941584,313.268,597885318.0,6.265,0.938272,0.9914,0.0038,0.9971,0.0029,0.9832,0.0083,2193.331,0.98424,0.28484,0.09049,1.007276,23225.0,44705.0,19184797.0
18494.0,25100.0,3096002.0,20252.0,26878.0,44170.0,69.475,37.478,69.594,34.311,1853.741,1851.738,9.171712,1.0,0.0,0.01,1e+38,1e+38,1e+38,1e+38,1e+38,69.474687,0.397187,34.311,0.196155,20212.0,31.645,1.0,0.0086,0.9872,0.0027,1.0,0.0,0.987,0.0027,0.9866,0.0027,1.0,0.0,0.9864,0.0028,0.014,0.9979,0.0012,1.0,0.0,0.9978,0.0012,0.996887,0.000579,0.748316,0.008858,0.999142,0.998696,0.989348,0.75801,0.999999,0.997422,11.167,20700204.0,3.738,0.000511,2028.346,1.0,0.9999,0.0,0.0,0.00616312,20253.0,26879.0,24054.0,129.0,1.0,1.0,1.0,1.0,1.0,11879.0,1.672,0.2739,0.023,0.2,0.0894,0.2781,0.0237,18.125,0.0142,0.0001,0.9196,0.0257,1.0,0.0,0.9252,0.0254,0.7676,0.0101,0.935509,0.005584,0.562904,0.014473,0.985244,0.973036,0.833333,0.7046,0.999602,0.950767,71.084,131629443.0,6.265,0.938272,1.0,0.0,1.0,0.0,1.0,0.0,2028.346,0.9904,0.19427,0.06762,1.007276,20253.0,26879.0,3103019.0
7779.0,58942.0,2864308.0,9982.0,35598.0,54080.0,36.416,60.464,36.423,44.239,602.287,602.287,9.879096,1.0,0.0,0.013,1e+38,1e+38,1e+38,1e+38,1e+38,36.436995,1.474441,44.264,0.07837,8204.0,23.05,0.5818,0.0039,0.988,0.0012,0.9953,0.0018,0.9865,0.0013,0.9973,0.0006,0.9973,0.0013,0.9972,0.0006,0.098,0.9964,0.0007,0.9978,0.0013,0.9961,0.0008,0.997341,0.000287,0.77321,0.004842,0.999466,0.997572,0.990798,0.782709,0.999999,0.998001,79.684,47992741.0,5.366,0.000511,823.316,0.9931,0.9906,0.0009,0.0009,0.00427605,9982.0,30591.0,44113.0,65.0,1.0,1.0,2.0,1.0,1.0,13164.0,4.756,0.3957,0.0119,0.4177,0.0132,0.2882,0.0267,23.05,0.0189,0.0001,0.9475,0.0084,0.9932,0.0034,0.7155,0.0419,0.8379,0.0056,0.980236,0.002501,0.756843,0.013058,0.981859,0.977541,0.920439,0.856695,0.999593,0.988599,158.04,95185193.0,5.422,0.938272,0.9952,0.0028,0.9964,0.0025,0.9846,0.0153,828.953,0.98762,0.0773,0.07731,1.007276,9982.0,61182.0,2867324.0
31183.0,243992.0,11887146.0,43179.0,149737.0,226227.0,151.02,63.202,151.033,42.032,2389.478,2389.478,9.879096,1.0,0.0,0.013,1e+38,1e+38,1e+38,1e+38,1e+38,151.109416,26.6872,42.057,0.076024,35806.0,23.05,0.5845,0.0019,0.9874,0.0006,0.9981,0.0006,0.9852,0.0007,0.9976,0.0003,0.9974,0.0006,0.9977,0.0003,0.102,0.9969,0.0003,0.9987,0.0005,0.9965,0.0004,0.996871,0.000151,0.768153,0.002327,0.998203,0.997021,0.99074,0.779049,0.999995,0.997954,83.41,199305767.0,5.366,0.000511,3593.298,0.9984,0.9976,0.0002,0.0002,0.00420011,43179.0,128089.0,183108.0,65.0,1.0,1.0,2.0,1.0,1.0,13165.0,4.975,0.3983,0.0059,0.4146,0.0065,0.3203,0.0136,23.05,0.019,0.0,0.9488,0.0041,0.9926,0.0017,0.7402,0.0195,0.8373,0.0028,0.979478,0.001255,0.755029,0.006497,0.980628,0.979196,0.910837,0.863276,0.999597,0.987809,165.144,394607508.0,5.422,0.938272,0.9902,0.002,0.9934,0.0017,0.9625,0.0116,3598.705,0.98824,0.07503,0.07504,1.007276,43179.0,256178.0,11902040.0
38315.0,304486.0,14916719.0,49468.0,182668.0,279125.0,189.474,65.058,189.476,47.002,2912.39,2912.39,9.879096,1.0001,0.0,0.013,1e+38,1e+38,1e+38,1e+38,1e+38,189.574317,37.561259,47.027,0.081364,40170.0,23.05,0.5784,0.0017,0.9873,0.0005,0.9972,0.0006,0.9852,0.0006,0.9974,0.0002,0.9982,0.0005,0.9972,0.0003,0.105,0.9963,0.0003,0.9979,0.0005,0.9959,0.0004,0.997042,0.000129,0.776135,0.002057,0.998727,0.997124,0.990386,0.786932,0.999996,0.997951,85.947,250311293.0,5.366,0.000511,4031.274,0.9982,0.9975,0.0002,0.0002,0.00414089,49465.0,157900.0,229690.0,65.0,1.0,1.0,2.0,1.0,1.0,13166.0,5.122,0.3987,0.0052,0.4157,0.0057,0.3134,0.0121,23.05,0.0187,0.0,0.9501,0.0036,0.9935,0.0014,0.7364,0.0176,0.8391,0.0025,0.981517,0.001042,0.766467,0.005762,0.983514,0.980331,0.912266,0.871401,0.999676,0.988718,169.931,494906343.0,5.422,0.938272,0.9942,0.0013,0.9962,0.0011,0.9781,0.0076,4038.192,0.98685,0.0802,0.08021,1.007276,49465.0,315801.0,14929820.0
18807.0,151275.0,7412258.0,22974.0,89325.0,137094.0,94.136,65.836,94.145,50.954,1429.857,1431.85,9.879096,1.0001,0.0,0.013,1e+38,1e+38,1e+38,1e+38,1e+38,94.182344,8.552801,50.979,0.085769,18415.0,23.05,0.5744,0.0024,0.9882,0.0007,0.9977,0.0008,0.9864,0.0008,0.9968,0.0004,0.9964,0.001,0.9969,0.0004,0.106,0.9965,0.0004,0.998,0.0008,0.9961,0.0005,0.997019,0.000185,0.77321,0.00292,0.998656,0.997203,0.990457,0.783902,0.999996,0.997938,86.91,124268421.0,5.366,0.000511,1847.654,0.9969,0.996,0.0004,0.0004,0.00415267,22972.0,77757.0,114120.0,65.0,1.0,1.0,2.0,1.0,1.0,13167.0,5.177,0.3944,0.0073,0.4166,0.0082,0.2885,0.0163,23.05,0.0185,0.0,0.9505,0.0051,0.9941,0.002,0.7336,0.0254,0.8343,0.0036,0.9804,0.001563,0.756791,0.008175,0.981691,0.979277,0.920339,0.855357,0.999621,0.988478,171.938,246189912.0,5.422,0.938272,0.9931,0.0021,0.9965,0.0016,0.9627,0.0149,1853.648,0.98574,0.08445,0.08446,1.007276,22972.0,155514.0,7417797.0
21729.0,63965.0,2123051.0,22810.0,65054.0,146467.0,82.855,38.381,82.86,36.549,2158.75,2160.788,9.879096,1.0,0.0,0.01,1e+38,1e+38,1e+38,1e+38,1e+38,82.912154,9.238633,36.574,0.070433,22594.0,23.05,0.9999,0.0055,0.9568,0.0017,0.9931,0.0069,0.9564,0.0017,0.999,0.0003,1.0,0.0,0.999,0.0003,0.03,0.9962,0.0006,0.9924,0.0076,0.9963,0.0006,0.997471,0.000215,0.77111,0.003721,0.999207,0.998531,0.990823,0.780016,0.999999,0.997981,19.847,42844990.0,5.366,0.000511,2267.103,0.9977,0.9976,0.0003,0.0003,0.00611282,22809.0,65060.0,124966.0,17.0,1.0,1.0,1.0,1.0,1.0,13169.0,0.983,0.3663,0.0115,0.3582,0.0414,0.3672,0.0119,23.05,0.0689,0.0002,0.8686,0.0124,1.0,0.0,0.8596,0.0131,0.8111,0.0042,0.965713,0.00252,0.689114,0.009668,0.974822,0.971892,0.884563,0.822278,0.999292,0.979484,40.119,86687811.0,5.422,0.938272,0.9949,0.0025,1.0,0.0,0.9946,0.0027,2272.359,0.98978,0.0696,0.06961,1.007276,22809.0,65060.0,2124417.0
9393.0,17989.0,7508885.0,11871.0,20474.0,1512382.0,49.04,54.028,49.08,43.262,907.683,885.601,9.171712,1.0001,0.0,0.011,1e+38,1e+38,1e+38,1e+38,1e+38,49.040177,0.263929,43.262,0.232833,11302.0,31.645,0.9993,0.0099,0.9903,0.0018,0.998,0.002,0.9887,0.0022,0.9979,0.0009,1.0,0.0,0.9975,0.001,0.02,0.9951,0.0015,1.0,0.0,0.994,0.0018,0.997517,0.000461,0.749109,0.00785,0.998649,0.998656,0.992532,0.756784,0.999998,0.998184,39.497,35850696.0,3.738,0.000511,1134.467,0.9997,0.9997,0.0002,0.0002,0.00572181,11870.0,20488.0,1504969.0,5.0,1.0,1.0,1.0,1.0,1.0,11860.0,8.479,0.2289,0.0036,0.3282,0.022,0.2255,0.0036,18.125,0.201,0.0001,0.8399,0.006,1.0,0.0,0.8336,0.0062,0.7518,0.0014,0.899052,0.00119,0.475571,0.002246,0.970247,0.966607,0.794018,0.638635,0.999006,0.925565,271.482,240424581.0,6.265,0.938272,0.9814,0.0028,1.0,0.0,0.9801,0.003,1134.467,0.9879,0.23001,0.07638,1.007276,11870.0,20488.0,7524845.0
4679.0,9637.0,4471388.0,6870.0,11842.0,898990.0,28.953,65.866,28.969,43.903,439.57,439.57,9.171712,0.9994,0.0003,0.011,1e+38,1e+38,1e+38,1e+38,1e+38,28.952561,0.155321,43.903,0.235526,6573.0,31.645,1.0,0.013,0.9887,0.0026,1.0,0.0,0.9873,0.003,0.9964,0.0015,1.0,0.0,0.9957,0.0017,0.022,0.9954,0.0019,1.0,0.0,0.9945,0.0023,0.997521,0.000611,0.747333,0.010558,1.0,0.997026,0.992904,0.754919,1.0,0.998261,48.239,21204421.0,3.738,0.000511,659.833,0.9995,0.9993,0.0003,0.0003,0.00569547,6874.0,11842.0,894796.0,5.0,1.0,1.0,1.0,1.0,1.0,11861.0,10.172,0.2285,0.0046,0.3856,0.0317,0.2239,0.0047,18.125,0.2009,0.0002,0.8275,0.0079,0.9891,0.0108,0.8207,0.0082,0.7551,0.0019,0.894484,0.001589,0.466343,0.002906,0.969081,0.965339,0.789241,0.631621,0.998928,0.922361,321.375,141266721.0,6.265,0.938272,0.983,0.0036,0.9896,0.0104,0.9825,0.0038,659.833,0.98772,0.23263,0.07703,1.007276,6874.0,11842.0,4473978.0
