Physics_Setting,total_tbins,tbin_number,t_min,t_max,t_central,total_phibins,phi_central,avg_Q2,avg_Q2_err,avg_W,avg_W_err,avg_eps,avg_eps_err,avg_theta,avg_theta_err
Q3p85_W2p62_t0p21_loweps_center,7,1,0.1600,0.2080,0.1840,15,180.0000,3.586797,0.000545,2.685817,0.000129,0.282062,0.000037,0.016474,0.000036
Q3p85_W2p62_t0p21_loweps_center,7,2,0.2080,0.2260,0.2170,15,180.0000,3.703465,0.000642,2.656522,0.000162,0.286157,0.000050,0.020874,0.000043
Q3p85_W2p62_t0p21_loweps_center,7,3,0.2260,0.2640,0.2450,15,180.0000,3.808953,0.000483,2.629007,0.000127,0.290356,0.000035,0.024507,0.000030
Q3p85_W2p62_t0p21_loweps_center,7,4,0.2640,0.3020,0.2830,15,180.0000,3.919770,0.000618,2.600339,0.000161,0.294327,0.000037,0.028863,0.000035
Q3p85_W2p62_t0p21_loweps_center,7,5,0.3020,0.3500,0.3260,15,180.0000,3.992819,0.000753,2.581734,0.000195,0.296601,0.000040,0.033836,0.000042
Q3p85_W2p62_t0p21_loweps_center,7,6,0.3500,0.4080,0.3790,15,180.0000,4.058163,0.000985,2.565149,0.000252,0.298616,0.000051,0.038608,0.000062
Q3p85_W2p62_t0p21_loweps_center,7,7,0.4080,0.5000,0.4540,15,180.0000,4.142764,0.001419,2.543540,0.000357,0.301231,0.000070,0.042248,0.000107
Q3p85_W2p62_t0p21_loweps_left,7,1,0.1600,0.2080,0.1840,15,180.0000,3.541826,0.001577,2.692642,0.000416,0.283925,0.000118,0.024256,0.000087
Q3p85_W2p62_t0p21_loweps_left,7,2,0.2080,0.2260,0.2170,15,180.0000,3.653043,0.001249,2.665662,0.000339,0.287132,0.000101,0.025440,0.000076
Q3p85_W2p62_t0p21_loweps_left,7,3,0.2260,0.2640,0.2450,15,180.0000,3.772992,0.000763,2.635975,0.000203,0.290728,0.000053,0.028537,0.000045
Q3p85_W2p62_t0p21_loweps_left,7,4,0.2640,0.3020,0.2830,15,180.0000,3.859614,0.000748,2.614539,0.000195,0.293113,0.000043,0.034703,0.000041
Q3p85_W2p62_t0p21_loweps_left,7,5,0.3020,0.3500,0.3260,15,180.0000,3.897279,0.000695,2.605457,0.000179,0.293903,0.000036,0.042952,0.000036
Q3p85_W2p62_t0p21_loweps_left,7,6,0.3500,0.4080,0.3790,15,180.0000,3.920149,0.000709,2.601376,0.000184,0.293304,0.000036,0.051785,0.000037
Q3p85_W2p62_t0p21_loweps_left,7,7,0.4080,0.5000,0.4540,15,180.0000,3.969749,0.001014,2.591243,0.000266,0.292992,0.000052,0.057151,0.000056
Q3p85_W2p62_t0p21_higheps_right,7,1,0.1600,0.2080,0.1840,15,180.0000,3.493569,0.002024,2.702683,0.000467,0.777067,0.000042,0.019807,0.000130
Q3p85_W2p62_t0p21_higheps_right,7,2,0.2080,0.2260,0.2170,15,180.0000,3.605827,0.003027,2.676543,0.000692,0.777719,0.000069,0.026055,0.000170
Q3p85_W2p62_t0p21_higheps_right,7,3,0.2260,0.2640,0.2450,15,180.0000,3.674842,0.002164,2.660373,0.000506,0.778097,0.000047,0.031660,0.000112
Q3p85_W2p62_t0p21_higheps_right,7,4,0.2640,0.3020,0.2830,15,180.0000,3.757800,0.002217,2.639984,0.000528,0.778769,0.000047,0.038487,0.000109
Q3p85_W2p62_t0p21_higheps_right,7,5,0.3020,0.3500,0.3260,15,180.0000,3.828680,0.002157,2.622464,0.000519,0.779331,0.000042,0.045426,0.000103
Q3p85_W2p62_t0p21_higheps_right,7,6,0.3500,0.4080,0.3790,15,180.0000,3.895080,0.002244,2.606236,0.000547,0.779782,0.000041,0.053776,0.000102
Q3p85_W2p62_t0p21_higheps_right,7,7,0.4080,0.5000,0.4540,15,180.0000,3.960305,0.002161,2.589838,0.000529,0.780325,0.000036,0.064170,0.000098
Q3p85_W2p62_t0p21_higheps_center,7,1,0.1600,0.2080,0.1840,15,180.0000,3.542581,0.001942,2.689792,0.000461,0.777747,0.000044,0.017599,0.000121
Q3p85_W2p62_t0p21_higheps_center,7,2,0.2080,0.2260,0.2170,15,180.0000,3.674682,0.002455,2.658819,0.000586,0.778518,0.000062,0.021716,0.000152
Q3p85_W2p62_t0p21_higheps_center,7,3,0.2260,0.2640,0.2450,15,180.0000,3.769973,0.001886,2.636336,0.000454,0.779028,0.000040,0.025956,0.000106
Q3p85_W2p62_t0p21_higheps_center,7,4,0.2640,0.3020,0.2830,15,180.0000,3.861257,0.002354,2.614255,0.000572,0.779596,0.000041,0.031406,0.000128
Q3p85_W2p62_t0p21_higheps_center,7,5,0.3020,0.3500,0.3260,15,180.0000,3.914272,0.002611,2.601280,0.000638,0.779933,0.000040,0.038545,0.000142
Q3p85_W2p62_t0p21_higheps_center,7,6,0.3500,0.4080,0.3790,15,180.0000,3.942607,0.002925,2.594582,0.000716,0.780059,0.000044,0.048575,0.000168
Q3p85_W2p62_t0p21_higheps_center,7,7,0.4080,0.5000,0.4540,15,180.0000,3.957859,0.003039,2.591133,0.000747,0.780087,0.000046,0.061929,0.000170
Q3p85_W2p62_t0p21_higheps_left,7,1,0.1600,0.2080,0.1840,15,180.0000,3.511739,0.008267,2.692876,0.002195,0.778628,0.000197,0.026546,0.000421
Q3p85_W2p62_t0p21_higheps_left,7,2,0.2080,0.2260,0.2170,15,180.0000,3.609371,0.005413,2.670425,0.001405,0.779088,0.000133,0.027455,0.000305
Q3p85_W2p62_t0p21_higheps_left,7,3,0.2260,0.2640,0.2450,15,180.0000,3.730124,0.002852,2.643658,0.000698,0.779336,0.000061,0.030780,0.000150
Q3p85_W2p62_t0p21_higheps_left,7,4,0.2640,0.3020,0.2830,15,180.0000,3.831425,0.002723,2.620282,0.000660,0.779697,0.000046,0.035882,0.000138
Q3p85_W2p62_t0p21_higheps_left,7,5,0.3020,0.3500,0.3260,15,180.0000,3.878028,0.002498,2.609433,0.000607,0.779847,0.000037,0.043643,0.000122
Q3p85_W2p62_t0p21_higheps_left,7,6,0.3500,0.4080,0.3790,15,180.0000,3.887052,0.002453,2.607955,0.000596,0.779722,0.000036,0.053192,0.000119
Q3p85_W2p62_t0p21_higheps_left,7,7,0.4080,0.5000,0.4540,15,180.0000,3.889594,0.002545,2.607722,0.000622,0.779635,0.000037,0.064734,0.000127
Q3p85_W2p62_t0p21_loweps_center,7,1,0.1580,0.2000,0.1790,15,180.0000,3.558471,0.000593,2.692580,0.000139,0.281312,0.000040,0.015456,0.000040
Q3p85_W2p62_t0p21_loweps_center,7,2,0.2000,0.2260,0.2130,15,180.0000,3.689682,0.000548,2.660159,0.000137,0.285551,0.000042,0.020310,0.000037
Q3p85_W2p62_t0p21_loweps_center,7,3,0.2260,0.2620,0.2440,15,180.0000,3.805734,0.000492,2.629836,0.000129,0.290241,0.000035,0.024384,0.000030
Q3p85_W2p62_t0p21_loweps_center,7,4,0.2620,0.3000,0.2810,15,180.0000,3.915187,0.000608,2.601530,0.000159,0.294166,0.000037,0.028621,0.000035
Q3p85_W2p62_t0p21_loweps_center,7,5,0.3000,0.3500,0.3250,15,180.0000,3.991064,0.000732,2.582146,0.000189,0.296574,0.000039,0.033680,0.000041
Q3p85_W2p62_t0p21_loweps_center,7,6,0.3500,0.4020,0.3760,15,180.0000,4.055079,0.001025,2.565932,0.000263,0.298521,0.000053,0.038489,0.000064
Q3p85_W2p62_t0p21_loweps_center,7,7,0.4020,0.5000,0.4510,15,180.0000,4.137333,0.001332,2.544985,0.000336,0.301020,0.000066,0.041961,0.000100
Q3p85_W2p62_t0p21_loweps_left,7,1,0.1580,0.2000,0.1790,15,180.0000,3.504721,0.002042,2.701691,0.000532,0.282768,0.000148,0.023975,0.000109
Q3p85_W2p62_t0p21_loweps_left,7,2,0.2000,0.2260,0.2130,15,180.0000,3.638309,0.001127,2.669241,0.000304,0.286711,0.000089,0.025306,0.000067
Q3p85_W2p62_t0p21_loweps_left,7,3,0.2260,0.2620,0.2440,15,180.0000,3.769659,0.000781,2.636808,0.000208,0.290630,0.000054,0.028367,0.000046
Q3p85_W2p62_t0p21_loweps_left,7,4,0.2620,0.3000,0.2810,15,180.0000,3.855618,0.000748,2.615534,0.000195,0.293001,0.000043,0.034359,0.000041
Q3p85_W2p62_t0p21_loweps_left,7,5,0.3000,0.3500,0.3250,15,180.0000,3.896092,0.000680,2.605748,0.000176,0.293874,0.000036,0.042785,0.000036
Q3p85_W2p62_t0p21_loweps_left,7,6,0.3500,0.4020,0.3760,15,180.0000,3.918518,0.000737,2.601667,0.000191,0.293346,0.000037,0.051510,0.000038
Q3p85_W2p62_t0p21_loweps_left,7,7,0.4020,0.5000,0.4510,15,180.0000,3.965119,0.000944,2.592314,0.000247,0.292924,0.000049,0.056918,0.000052
Q3p85_W2p62_t0p21_higheps_right,7,1,0.1580,0.2000,0.1790,15,180.0000,3.472569,0.002136,2.707580,0.000495,0.776938,0.000045,0.018585,0.000142
Q3p85_W2p62_t0p21_higheps_right,7,2,0.2000,0.2260,0.2130,15,180.0000,3.592222,0.002530,2.679944,0.000577,0.777585,0.000056,0.025355,0.000145
Q3p85_W2p62_t0p21_higheps_right,7,3,0.2260,0.2620,0.2440,15,180.0000,3.672548,0.002227,2.661140,0.000520,0.778025,0.000048,0.031507,0.000115
Q3p85_W2p62_t0p21_higheps_right,7,4,0.2620,0.3000,0.2810,15,180.0000,3.751910,0.002199,2.641349,0.000524,0.778744,0.000046,0.038137,0.000109
Q3p85_W2p62_t0p21_higheps_right,7,5,0.3000,0.3500,0.3250,15,180.0000,3.829724,0.002116,2.622239,0.000510,0.779331,0.000041,0.045246,0.000101
Q3p85_W2p62_t0p21_higheps_right,7,6,0.3500,0.4020,0.3760,15,180.0000,3.890246,0.002365,2.607323,0.000574,0.779773,0.000042,0.053485,0.000107
Q3p85_W2p62_t0p21_higheps_right,7,7,0.4020,0.5000,0.4510,15,180.0000,3.958090,0.002090,2.590514,0.000511,0.780276,0.000035,0.063569,0.000095
Q3p85_W2p62_t0p21_higheps_center,7,1,0.1580,0.2000,0.1790,15,180.0000,3.513899,0.002110,2.696470,0.000505,0.777581,0.000048,0.016759,0.000137
Q3p85_W2p62_t0p21_higheps_center,7,2,0.2000,0.2260,0.2130,15,180.0000,3.658162,0.002083,2.662932,0.000495,0.778365,0.000052,0.021219,0.000128
Q3p85_W2p62_t0p21_higheps_center,7,3,0.2260,0.2620,0.2440,15,180.0000,3.767298,0.001919,2.637075,0.000462,0.778987,0.000041,0.025782,0.000108
Q3p85_W2p62_t0p21_higheps_center,7,4,0.2620,0.3000,0.2810,15,180.0000,3.855527,0.002332,2.615772,0.000566,0.779528,0.000041,0.031129,0.000127
Q3p85_W2p62_t0p21_higheps_center,7,5,0.3000,0.3500,0.3250,15,180.0000,3.912175,0.002568,2.601791,0.000627,0.779917,0.000039,0.038436,0.000140
Q3p85_W2p62_t0p21_higheps_center,7,6,0.3500,0.4020,0.3760,15,180.0000,3.941253,0.003047,2.594818,0.000746,0.780075,0.000046,0.048236,0.000173
Q3p85_W2p62_t0p21_higheps_center,7,7,0.4020,0.5000,0.4510,15,180.0000,3.955167,0.002967,2.591810,0.000728,0.780060,0.000044,0.061293,0.000165
Q3p85_W2p62_t0p21_higheps_left,7,1,0.1580,0.2000,0.1790,15,180.0000,3.445997,0.011727,2.709801,0.002978,0.777817,0.000245,0.027346,0.000576
Q3p85_W2p62_t0p21_higheps_left,7,2,0.2000,0.2260,0.2130,15,180.0000,3.597104,0.004835,2.673345,0.001257,0.779008,0.000120,0.027400,0.000269
Q3p85_W2p62_t0p21_higheps_left,7,3,0.2260,0.2620,0.2440,15,180.0000,3.728196,0.002927,2.644148,0.000716,0.779319,0.000064,0.030542,0.000155
Q3p85_W2p62_t0p21_higheps_left,7,4,0.2620,0.3000,0.2810,15,180.0000,3.824590,0.002729,2.621954,0.000661,0.779648,0.000047,0.035755,0.000139
Q3p85_W2p62_t0p21_higheps_left,7,5,0.3000,0.3500,0.3250,15,180.0000,3.877595,0.002446,2.609541,0.000594,0.779845,0.000036,0.043430,0.000120
Q3p85_W2p62_t0p21_higheps_left,7,6,0.3500,0.4020,0.3760,15,180.0000,3.889347,0.002561,2.607324,0.000624,0.779756,0.000038,0.052687,0.000125
Q3p85_W2p62_t0p21_higheps_left,7,7,0.4020,0.5000,0.4510,15,180.0000,3.887609,0.002442,2.608245,0.000596,0.779609,0.000035,0.064018,0.000123
