COINTRIG_cut,COINTRIG_scaler,COIN_PS,CPULT_scaler,CPULT_scaler_uncern,HMS3of4ELT,HMS3of4ELT_err,HMSTRIG_cut,HMSTRIG_scaler,HMS_3-4Trig_scaler,HMS_PS,HMS_eLT_scaler,HMS_eLT_scaler_uncern,HMS_track,HMS_track_uncern,H_S1X,PS1,PS2,PS3,PS4,PS5,PS6,P_S1X,SHMS3of4ELT,SHMS3of4ELT_err,SHMSTRIG_cut,SHMSTRIG_scaler,SHMS_3-4Trig_scaler,SHMS_PS,SHMS_eLT_scaler,SHMS_eLT_scaler_uncern,SHMS_track,SHMS_track_uncern,accp_edtm,charge,curr_corr,h_int_etotnorm_evts,h_int_etottracknorm_evts,haccp_edtm,p_int_etotnorm_evts,p_int_etottracknorm_evts,paccp_edtm,run number,sent_edtm,sent_edtm_PS,time,tot_events
,52069.0,,0.999971664238902,0.0140478233110472,0.9999492508312467,2.907121531515613e-17,7176,885604.0,1555791.0,65,0.9834804634560969,0.002663236301012,0.9977,0.0189,66629.66890734428,,1025,,65,,,516551.3345379238,0.996753925100888,1.1334540890063273e-17,5124,12109395.0,15361934.0,1025,0.9834804634560969,0.002663236301012,0.9834,0.0218,624,3780.148224318751,1.0003621548795874,8797,8759,334,7843,7352,290,12143,35593.0,581.7752645403377,54.759965,26362
,434130.0,,0.9997191781771452,0.0017219455258649,0.9999680668507908,7.447534035207447e-20,446613,14863183.0,26390911.0,17,0.9869093212650708,0.0011628445947599,0.9978,0.0023,52956.1573155093,,257,,17,,,410964.7906657555,0.9979545435405464,2.681350595337462e-20,363877,208919393.0,264352806.0,257,0.9869093212650708,0.0011628445947599,0.9866,0.0026,12743,64960.283429542185,1.0004576478169502,560902,558424,6621,523217,493411,6123,12145,202122.0,12629.733577477684,1189.157276,1695709
,566824.0,,0.9992517520399368,0.0015356169964368,0.9999498278501584,6.568986858196317e-20,562529,18686734.0,33228619.0,17,0.9834804282447356,0.0012342443587565,0.9977,0.0021,66358.51022448388,,257,,17,,,515163.7195019095,0.9967737331365086,2.397385179405932e-20,448228,262292272.0,333009407.0,257,0.9834804282447356,0.0012342443587565,0.9855,0.0023,12793,82134.47691993644,1.000362690140817,708366,704751,6661,663699,622919,6133,12144,203789.0,12733.897230487526,1191.5746,2132716
,248135.0,,0.9983060122493302,0.0014070727059314,0.9999832147369536,7.673991922252252e-20,626588,11394816.0,20265680.0,9,0.9905371328763908,0.0010540853086525,0.9979,0.002,38392.79624242446,,129,,9,,,298654.3820702038,0.99892511823594,2.762190101244751e-20,588240,161471812.0,203727682.0,129,0.9905371328763908,0.0010540853086525,0.9878,0.0021,13218,50099.29004948513,1.0006315596886453,810020,806707,6669,790833,749924,6549,12147,113866.0,13436.384151593453,1265.627681,2517535
,114797.0,,0.9971805619772814,0.0013183111908875,0.9999933668132066,1.0458900172159356e-19,642427,6835105.0,12166401.0,5,0.9941015793671651,0.0009438517662,0.998,0.0019,24123.431677784785,,65,,5,,,187373.58486523383,0.999578558064282,3.741588317445042e-20,757056,97520493.0,122619682.0,65,0.9941015793671651,0.0009438517662,0.9894,0.0019,13017,30112.889293440287,1.00101162212394,875847,872665,6233,933118,889882,6787,12148,60891.0,12927.627692307691,1218.514601,2865250
,92446.0,,0.9982701025248022,0.0015371892968761,0.999996530390544,1.1804140467715585e-19,472423,5041973.0,8959488.0,5,0.9957539219322108,0.000864375336228,0.9981,0.0022,17414.272311559627,,65,,5,,,134957.0473001244,0.9997816741520617,4.206918290457045e-20,561945,71793704.0,90165345.0,65,0.9957539219322108,0.000864375336228,0.9898,0.0023,13272,22108.24159266931,1.0014086618499014,643155,640930,6333,684271,654117,6945,12150,62186.0,13202.566153846155,1245.72146,2109259
,54877.0,,0.9979922266441088,0.0013682356115936,0.9999984207565328,1.290132330710097e-19,504767,3523016.0,6260214.0,3,0.997172122093666,0.0007710680557038,0.9982,0.002,11724.149757016126,,33,,3,,,90173.11977010952,0.9999026238931696,4.669724182981001e-20,846222,50259859.0,63052056.0,33,0.997172122093666,0.0007710680557038,0.9906,0.0019,13827,15436.873215905183,1.0021154656447109,751345,749032,6063,939896,900321,7766,12151,39173.0,13849.040404040405,1306.246998,2701456
,16757.0,,0.9972323982627318,0.0013721437646526,0.999999699274522,2.02666271308108e-19,773974,1443632.0,2567414.0,1,0.9988053814641216,0.0006256973906684,0.9981,0.0018,5068.038923036265,,17,,1,,,37865.94987627259,0.999982816227236,7.420815787514851e-20,551136,20648284.0,25900848.0,17,0.9988053814641216,0.0006256973906684,0.991,0.0021,12815,6306.859163077919,1.005094360028379,921947,919207,6968,751359,721948,5851,12153,12808.0,12808.0,1285.176449,2655208
,33667.0,,0.998209151197858,0.0015254216681308,0.9999992747805476,1.6357107304846697e-19,610592,2305455.0,4094912.0,2,0.9981136424166932,0.0006996641090796,0.9983,0.002,7919.472216226047,,33,,2,,,60393.40019442182,0.9999563440256372,5.914089111875522e-20,459029,32934996.0,41339251.0,33,0.9981136424166932,0.0006996641090796,0.9907,0.0024,13114,10091.89116871976,1.003175962700068,738851,736610,7063,620814,595572,6054,12152,25573.0,13173.969696969696,1282.058797,2155642
,13773.0,,0.9980094123602743,0.001563437762268742,0.9999998809432813,2.8291469227067307e-19,314512,823154.0,1463573.0,1,0.9992687082710637,0.0005638993753921613,0.9982,0.0024,3155.8083314321225,,9,,1,,,22867.314846108704,0.9999937192940996,1.0679304890388454e-19,796382,11721141.0,14704533.0,9,0.9992687082710637,0.0005638993753921613,0.9913,0.0021,12139,3562.365618284666,1.008522808774642,524730,523266,4685,802917,771625,7459,12154,12103.0,12103.0,1214.454438,2130432
