current,yieldRel_HMS_track,uncern_yieldRel_HMS_track
69.03123886800788,1.033910696022728,0.0217561685386966
54.62715886333456,1.0032417009495858,0.0031276575090398
68.92936197191216,1.0020638465670977,0.002868800421202
39.58454038386754,0.9959923458194512,0.0029455182717875
24.71278495040396,0.9964864638211648,0.0032568507914897
17.74733943547004,0.9952708837654668,0.003995535515484
11.81772914275833,0.9989582544392142,0.004952555323104
4.907387750518854,0.9980904561915376,0.0103214808605323
7.87162897078874,1.000420265092732,0.0067999530442761
2.93330528245364,1.0015969739662376,0.0170387240227405
