current,yieldRel_SHMS_track,uncern_yieldRel_SHMS_track
69.03123886800788,1.0349103657671817,0.0246005637288537
54.62715886333456,1.0090454881917028,0.0033735221514696
68.92936197191216,1.0104129315876216,0.0030339781354581
39.58454038386754,0.997196765278488,0.0030192763919499
24.71278495040396,0.9904599014748108,0.0032460747019849
17.74733943547004,0.9895730741225904,0.0040399106673197
11.81772914275833,0.9890001012326284,0.0048857758059188
4.907387750518854,0.9972811425297576,0.0103898617800516
7.87162897078874,0.9993073783428182,0.006946704035665
2.93330528245364,0.9945643240462368,0.0169796299449793
