COINTRIG_cut,COINTRIG_scaler,COIN_PS,COIN_scaler_accp,CPULT_TLT_HMS,CPULT_TLT_SHMS,CPULT_phys,CPULT_scaler,CPULT_scaler_uncern,ELT2_HMS,HMS3of4ELT,HMS3of4ELT_err,HMSTRIG_cut,HMSTRIG_scaler,HMS_3-4Trig_scaler,HMS_DataRate,HMS_PS,HMS_eLT_scaler,HMS_eLT_scaler_uncern,HMS_scaler_accp,HMS_track,HMS_track_uncern,H_S1X,PS1,PS2,PS3,PS4,PS5,PS6,P_S1X,SHMS3of4ELT,SHMS3of4ELT_err,SHMSTRIG_cut,SHMSTRIG_scaler,SHMS_3-4Trig_scaler,SHMS_DataRate,SHMS_PS,SHMS_eLT_scaler,SHMS_eLT_scaler_uncern,SHMS_scaler_accp,SHMS_track,SHMS_track_uncern,TLT,TLT_ELT_HMS,TLT_ELT_SHMS,accp_edtm,avg_yield_HMS_CPULT_notrack,avg_yield_HMS_CPULT_track,avg_yield_HMS_notrack,avg_yield_HMS_scaler,avg_yield_HMS_track,avg_yield_SHMS_CPULT_notrack,avg_yield_SHMS_CPULT_track,avg_yield_SHMS_notrack,avg_yield_SHMS_scaler,avg_yield_SHMS_track,boilingCorr,charge,curr_corr,current,hTLT,h_int_etotnorm_evts,h_int_etottracknorm_evts,haccp_edtm,min_yield_HMS_CPULT_notrack,min_yield_HMS_CPULT_track,min_yield_HMS_notrack,min_yield_HMS_scaler,min_yield_HMS_track,min_yield_SHMS_CPULT_notrack,min_yield_SHMS_CPULT_track,min_yield_SHMS_notrack,min_yield_SHMS_scaler,min_yield_SHMS_track,pTLT,p_int_etotnorm_evts,p_int_etottracknorm_evts,paccp_edtm,rate_COIN,rate_HMS,rate_HMS3-4,rate_SHMS,rate_SHMS3-4,run number,sent_edtm,sent_edtm_HMS,sent_edtm_PS,sent_edtm_SHMS,time,tot_events,uncer_boilingCorr,uncern_COIN_evts_scaler,uncern_CPULT_phys,uncern_ELT2_HMS,uncern_HMS3-4_evts_scaler,uncern_HMS_evts_notrack,uncern_HMS_evts_scaler,uncern_HMS_evts_track,uncern_SHMS3-4_evts_scaler,uncern_SHMS_evts_notrack,uncern_SHMS_evts_scaler,uncern_SHMS_evts_track,uncern_TLT,uncern_TLT_ELT_HMS,uncern_TLT_ELT_SHMS,uncern_charge,uncern_yieldRel_HMS_CPULT_notrack,uncern_yieldRel_HMS_CPULT_track,uncern_yieldRel_HMS_notrack,uncern_yieldRel_HMS_scaler,uncern_yieldRel_HMS_track,uncern_yieldRel_SHMS_CPULT_notrack,uncern_yieldRel_SHMS_CPULT_track,uncern_yieldRel_SHMS_notrack,uncern_yieldRel_SHMS_scaler,uncern_yieldRel_SHMS_track,yieldRel_HMS_CPULT_notrack,yieldRel_HMS_CPULT_track,yieldRel_HMS_notrack,yieldRel_HMS_scaler,yieldRel_HMS_track,yieldRel_SHMS_CPULT_notrack,yieldRel_SHMS_CPULT_track,yieldRel_SHMS_notrack,yieldRel_SHMS_scaler,yieldRel_SHMS_track,yield_HMS_CPULT_notrack,yield_HMS_CPULT_track,yield_HMS_notrack,yield_HMS_scaler,yield_HMS_track,yield_SHMS_CPULT_notrack,yield_SHMS_CPULT_track,yield_SHMS_notrack,yield_SHMS_scaler,yield_SHMS_track
,52069.0,,51487.22473545966,1.072663947813073,1.0761026207153426,0.999971664238902,0.999971664238902,0.0140478233110472,0.9991105140406865,0.9999492508312467,2.9071215315156126e-17,7176,885604.0,1555791.0,248.80726134644027,65,0.9834804634560969,0.002663236301012,850011.0,0.9977,0.0189,66629.66890734428,,1025,,65,,,516551.3345379238,0.996753925100888,1.1334540890063273e-17,5124,12109395.0,15361934.0,215.74235670966965,1025,0.9834804634560969,0.002663236301012,12073802.0,0.9834,0.0218,1.0725791178025146,0.9999209165081652,0.9967256813197929,624,146.11887466324757,145.86808152724637,146.24723725166666,225.08452836258041,145.9664838848182,2042.3110928313208,1962.0152971212244,2044.895604992382,3221.54018754648,1964.512026346832,1,3780.148224318751,1.0003621548795874,69.03123886800788,0.6099513949372067,8797,8759,334,146.3447145994929,146.1995711534822,146.34473202281652,225.7480463304938,146.1995885595255,2015.3677756345728,1953.8213041102733,2015.3804336463538,3259.1153208029905,1953.8335755643398,8.351361222712331,7843,7352,290,950.8588984671557,16172.471987518618,28411.102892414194,221135.91562741136,280532.20998223795,12143,35593.0,547.5846153846154,581.7752645403377,34.72487804878049,54.759965,26362,,0.004382383517506546,0.0140478233110472,1.780555697920046e-05,0.0008017230547774652,0.01066185333405944,0.0010626254553217892,0.010684955968589236,0.0002551391195761829,0.01129168859334367,0.0002873682459323863,0.011662650223191523,0.04297709074659935,0.0001973369165611702,0.00019670632883232955,5.864484368686836,0.02470967664510664,0.04360967664510664,0.010775939378271121,0.001880421220588557,0.021756168538696656,0.02689090196125662,0.04869090196125662,0.011399462082808651,0.0015777805985979722,0.0246005637288537,1.0015455904431636,1.0022725302394129,1.0340190551304476,0.9986995631074834,1.033910696022728,1.040951289754717,1.032863651862637,1.043021372898517,0.9943206497541539,1.0349103657671817,151.21475566578343,150.9086500721122,151.22243007840675,224.79182013796301,150.9163089493427,2125.946366163129,2026.4942847949847,2132.8698213532975,3203.243932490335,2033.0938597406273
,434130.0,,421500.2664225223,1.009283884804254,1.0113202667635939,0.9997191781771452,0.9997191781771452,0.0017219455258649,0.9993125593380299,0.9999680668507908,7.447534035207447e-20,446613,14863183.0,26390911.0,735.2306545134752,17,0.9869093212650708,0.0011628445947599,14661061.0,0.9978,0.0023,52956.1573155093,,257,,17,,,410964.7906657555,0.9979545435405464,2.681350595337462e-20,363877,208919393.0,264352806.0,683.6067377096374,257,0.9869093212650708,0.0011628445947599,208717271.0,0.9866,0.0026,1.0089682353018359,0.9996872539954611,0.997674296126503,12743,146.11887466324757,145.86808152724637,146.24723725166666,225.08452836258041,145.9664838848182,2042.3110928313208,1962.0152971212244,2044.895604992382,3221.54018754648,1964.512026346832,1,64960.283429542185,1.0004576478169502,54.627158863334564,0.5568765399115385,560902,558424,6621,146.3447145994929,146.1995711534822,146.34473202281652,225.7480463304938,146.1995885595255,2015.3677756345728,1953.8213041102733,2015.3804336463538,3259.1153208029905,1953.8335755643398,7.785451361059162,523217,493411,6123,365.07366078631304,12498.921126729078,22192.952549364883,175686.93159137684,222302.64350667776,12145,202122.0,11889.529411764706,12629.733577477684,786.4669260700389,1189.157276,1695709,,0.0015177145613362308,0.0017219455258649,1.3758271234487579e-05,0.0001946582474251619,0.0013352313041611649,0.00025938454004625466,0.001338190561562643,6.150466221492368e-05,0.00138248069917912,6.918478924814528e-05,0.0014236249356707172,0.008938383809900589,2.9658345802536886e-06,2.959862612488281e-06,106.92608796487225,0.003057176830026065,0.005357176830026065,0.0021194908572233777,0.0016663344207216667,0.0031276575090398704,0.004750448722480432,0.007350448722480433,0.002149570121316418,0.0016474758259622858,0.0033735221514696297,1.0015455904431636,1.0022725302394129,1.003546417433614,1.0022752493707843,1.0032417009495858,1.0133709033805811,1.0082629468137163,1.014164548880948,0.998935517612845,1.0090454881917028,146.76120430637758,146.43498729460822,146.76589100347385,225.59665179411067,146.4396635742353,2069.6186371266576,1978.227325169035,2073.8606287457324,3218.1109147573247,1982.2819966836103
,566824.0,,554090.1027695125,1.0054441022588108,1.0086478240182175,0.9992517520399368,0.9992517520399368,0.0015356169964368,0.9991374687157648,0.9999498278501584,6.568986858196317e-20,562529,18686734.0,33228619.0,922.4933521231685,17,0.9834804282447356,0.0012342443587565,18482945.0,0.9977,0.0021,66358.51022448388,,257,,17,,,515163.7195019095,0.9967737331365086,2.397385179405932e-20,448228,262292272.0,333009407.0,856.5074297945549,257,0.9834804282447356,0.0012342443587565,262088483.0,0.9855,0.0023,1.0046413732137691,0.999201617431304,0.9960278992240447,12793,146.11887466324757,145.86808152724637,146.24723725166666,225.08452836258041,145.9664838848182,2042.3110928313208,1962.0152971212244,2044.895604992382,3221.54018754648,1964.512026346832,1,82134.47691993644,1.000362690140817,68.92936197191216,0.5556580580894945,708366,704751,6661,146.3447145994929,146.1995711534822,146.34473202281652,225.7480463304938,146.1995885595255,2015.3677756345728,1953.8213041102733,2015.3804336463538,3259.1153208029905,1953.8335755643398,7.734377223500778,663699,622919,6133,475.69325495860693,15682.386986093863,27886.310265425265,220122.40945720059,279470.0449304643,12144,203789.0,11987.588235294117,12733.897230487526,792.9533073929961,1191.5746,2132716,,0.001328237950427072,0.0015356169964368,1.726551773388781e-05,0.00017347777924116983,0.0011881496545546662,0.00023133071395419578,0.0011911930465515297,5.479888842685647e-05,0.0012274799821933595,6.174577591827687e-05,0.0012670221613040285,0.008882638555915224,2.3597669386157273e-06,2.3522717192652762e-06,127.46230034738203,0.0027237666509914663,0.004823766650991466,0.001954486085058913,0.0015690202630269303,0.002868800421202025,0.004314970261656367,0.006614970261656366,0.0019786417883078766,0.0015531011645782413,0.003033978135458163,1.0015455904431636,1.0022725302394129,1.0029582355809394,0.9994575104976428,1.0020638465670975,1.0172424860237694,1.0084347053523428,1.0192451657669017,0.9933557666543283,1.0104129315876216,146.67251178805043,146.26039774471198,146.67987103251863,224.96242236880067,146.26773631149516,2077.525613305654,1978.5643180492311,2084.2499598864692,3200.1355228079624,1984.9683556802413
,248135.0,,234698.61584840654,0.9854326300276919,0.9864764348122369,0.9983060122493302,0.9983060122493302,0.0014070727059314,0.9995048189215451,0.9999832147369536,7.673991922252252e-20,626588,11394816.0,20265680.0,1000.3658150604773,9,0.9905371328763908,0.0010540853086525,11280950.0,0.9979,0.002,38392.79624242446,,129,,9,,,298654.3820702038,0.99892511823594,2.762190101244751e-20,588240,161471812.0,203727682.0,989.0108217917659,129,0.9905371328763908,0.0010540853086525,161357946.0,0.9878,0.0021,0.9837468064972261,0.9982892554203139,0.997232951321812,13218,146.11887466324757,145.86808152724637,146.24723725166666,225.08452836258041,145.9664838848182,2042.3110928313208,1962.0152971212244,2044.895604992382,3221.54018754648,1964.512026346832,1,50099.29004948513,1.0006315596886453,39.58454038386754,0.5271195967189504,810020,806707,6669,146.3447145994929,146.1995711534822,146.34473202281652,225.7480463304938,146.1995885595255,2015.3677756345728,1953.8213041102733,2015.3804336463538,3259.1153208029905,1953.8335755643398,7.419431612597264,790833,749924,6549,196.05686863923768,9003.292335544296,16012.355216494352,127582.39601113783,160969.67936022885,12147,113866.0,12651.777777777777,13436.384151593453,882.6821705426356,1265.627681,2517535,,0.002007501999880762,0.0014070727059314,9.908528084721303e-06,0.00022213623648912467,0.0011110973939440073,0.0002962418025695049,0.0011133765944708678,7.006078161125127e-05,0.0011244952061700664,7.869581556882105e-05,0.001154759047653272,0.008556898088901733,1.9831798497865603e-06,1.9810814189039062e-06,92.94109051305558,0.0025181700998754076,0.004518170099875408,0.0021624240771492033,0.0018786419944185034,0.0029455182717875953,0.004386705787733114,0.006486705787733115,0.002169338592978549,0.0018568062820313658,0.003019276391949924,1.0015455904431636,1.0022725302394129,0.9960666884372645,0.9997733415333148,0.9959923458194511,0.9981208846964377,0.9973924984702943,0.9979320339789325,1.0002028827334564,0.9971967652784879,145.66955615950621,145.37906042872595,145.67200130236657,225.0335110485072,145.38150069545716,2038.4733548021463,1956.899339232675,2040.6668303646275,3222.1937824256693,1959.0050380237485
,114797.0,,101869.3723076923,1.0097669342001465,1.01018597095849,0.9971805619772814,0.9971805619772814,0.0013183111908875,0.9996914843903458,0.9999933668132066,1.0458900172159356e-19,642427,6835105.0,12166401.0,1121.874944196914,5,0.9941015793671651,0.0009438517662,6774214.0,0.998,0.0019,24123.431677784785,,65,,5,,,187373.58486523383,0.999578558064282,3.741588317445042e-20,757056,97520493.0,122619682.0,1231.2657359147038,65,0.9941015793671651,0.0009438517662,97459602.0,0.9894,0.0019,1.0069132798236051,0.9971739474923471,0.9967603082709814,13017,146.11887466324757,145.86808152724637,146.24723725166666,225.08452836258041,145.9664838848182,2042.3110928313208,1962.0152971212244,2044.895604992382,3221.54018754648,1964.512026346832,1,30112.889293440287,1.00101162212394,24.712784950403957,0.5118161961537829,875847,872665,6233,146.3447145994929,146.1995711534822,146.34473202281652,225.7480463304938,146.1995885595255,2015.3677756345728,1953.8213041102733,2015.3804336463538,3259.1153208029905,1953.8335755643398,7.244995155277463,933118,889882,6787,94.21060683703698,5609.37472098457,9984.616507685163,80032.27283445575,100630.45768952587,12148,60891.0,12178.2,12927.627692307691,936.7846153846153,1218.514601,2865250,,0.0029514452449367528,0.0013183111908875,6.172216418194571e-06,0.00028669421963009237,0.001068527925227888,0.00038249644645120073,0.0010704742403020745,9.030668642819784e-05,0.0010352177656659696,0.00010126329527411885,0.0010600681565169894,0.008825788763678594,1.7428467162088528e-06,1.7421237633474535e-06,72.86648552610559,0.002386839116115388,0.004286839116115388,0.0026451988730580513,0.002449821553719554,0.003256850791489777,0.004773306242487259,0.006673306242487258,0.002631919636095818,0.00242189520179773,0.003246074701984959,1.0015455904431636,1.0022725302394129,0.9962036065563684,0.9984460462348576,0.9964864638211648,0.9880130387159319,0.9913023418708782,0.9871803433995114,1.004043667180118,0.9904599014748107,145.69105879659776,145.45266054172473,145.6920251990152,224.73475741225607,145.4536253627915,2017.8299888315291,1944.9503588227567,2018.6807455525313,3234.567023872293,1945.7703880615638
,92446.0,,79243.43384615384,1.0070046200767084,1.007221028549076,0.9982701025248022,0.9982701025248022,0.0015371892968761,0.9997773912355977,0.999996530390544,1.1804140467715585e-19,472423,5041973.0,8959488.0,809.4864160082785,5,0.9957539219322108,0.000864375336228,4979787.0,0.9981,0.0022,17414.272311559627,,65,,5,,,134957.0473001244,0.9997816741520617,4.206918290457045e-20,561945,71793704.0,90165345.0,886.6496713293541,65,0.9957539219322108,0.000864375336228,71731518.0,0.9898,0.0023,1.0052591174582841,0.9982666389174149,0.9980521543581969,13272,146.11887466324757,145.86808152724637,146.24723725166666,225.08452836258041,145.9664838848182,2042.3110928313208,1962.0152971212244,2044.895604992382,3221.54018754648,1964.512026346832,1,22108.24159266931,1.0014086618499014,17.74733943547004,0.5091982118161644,643155,640930,6333,146.3447145994929,146.1995711534822,146.34473202281652,225.7480463304938,146.1995885595255,2015.3677756345728,1953.8213041102733,2015.3804336463538,3259.1153208029905,1953.8335755643398,7.259270575370662,684271,654117,6945,74.21081113911292,4047.4320800413925,7192.208120104153,57632.228636408014,72380.02065084437,12150,62186.0,12437.2,13202.566153846155,956.7076923076924,1245.72146,2109259,,0.003288939901148404,0.0015371892968761,4.453166601960474e-06,0.0003340860978439773,0.0012469302901940305,0.0004453482418674359,0.0012490927854774362,0.00010531256136564224,0.0012088876273003892,0.00011802032871679303,0.0012364378232236942,0.008726224209490126,2.3670374680532165e-06,2.366528893521929e-06,68.39084859143264,0.0027841195870701306,0.004984119587070131,0.0033353116879077977,0.0031253477183441577,0.003995535515484046,0.0058395318380267975,0.008139531838026797,0.003321276591903117,0.0030957054288182906,0.00403991066731971,1.0015455904431636,1.0022725302394129,0.9949147762939248,0.9993119588117895,0.9952708837654667,0.9853850866913029,0.9906160142116671,0.984354583657425,1.0059485081371642,0.9895730741225903,145.50303249339746,145.2756873645333,145.50353733384648,224.929660936238,145.27619141618075,2012.4628932602006,1943.603773456547,2012.9023618751744,3240.7035455663017,1944.0282050628336
,54877.0,,41027.9595959596,1.0004187155966662,1.0005145619048106,0.9979922266441088,0.9979922266441088,0.0013682356115936,0.9998516621433031,0.9999984207565328,1.290132330710097e-19,504767,3523016.0,6260214.0,899.0173133141751,3,0.997172122093666,0.0007710680557038,3483843.0,0.9982,0.002,11724.149757016126,,33,,3,,,90173.11977010952,0.9999026238931696,4.669724182981001e-20,846222,50259859.0,63052056.0,1165.955621436789,33,0.997172122093666,0.0007710680557038,50220686.0,0.9906,0.0019,0.9984085248221259,0.9979906505714046,0.9978950460464312,13827,146.11887466324757,145.86808152724637,146.24723725166666,225.08452836258041,145.9664838848182,2042.3110928313208,1962.0152971212244,2044.895604992382,3221.54018754648,1964.512026346832,1,15436.873215905183,1.0021154656447109,11.81772914275833,0.46432491767288697,751345,749032,6063,146.3447145994929,146.1995711534822,146.34473202281652,225.7480463304938,146.1995885595255,2015.3677756345728,1953.8213041102733,2015.3804336463538,3259.1153208029905,1953.8335755643398,6.542210195798127,939896,900321,7766,42.011197027838065,2697.051939942525,4792.51933943966,38476.53550741404,48269.627487404185,12151,39173.0,13057.666666666666,13849.040404040405,1187.060606060606,1306.246998,2701456,,0.004268790282479489,0.0013682356115936,2.9671972816227225e-06,0.0003996735520662568,0.001153666547406714,0.0005327735947078502,0.0011554464272247955,0.00012593613879693637,0.0010314783083393135,0.00014105528639695794,0.0010539046238204378,0.008491021746991281,1.875831977845913e-06,1.8756522787424502e-06,67.63544793034356,0.002521902159000314,0.004521902159000314,0.004530761992028129,0.004413694813902938,0.004952555323104095,0.006781135402403615,0.008681135402403615,0.0045012004205213715,0.004383691458220605,0.0048857758059188275,1.0015455904431636,1.0022725302394129,0.9983191687809407,1.0005447447472062,0.9989582544392142,0.9837111284642528,0.9901622089744854,0.982563509280577,1.0078230279300957,0.9890001012326285,146.00118975780364,145.81419367173123,146.0014203295929,225.2071419770833,145.81442394820766,2009.04414980416,1942.7134006392828,2009.2398017537434,3246.742386411582,1942.902592929733
,16757.0,,3949.0,1.0033236345405363,1.0033405739919852,0.9972323982627318,0.9972323982627318,0.0013721437646526,0.999938218786952,0.999999699274522,2.02666271308108e-19,773974,1443632.0,2567414.0,1123.2947826917423,1,0.9988053814641216,0.0006256973906684,1430824.0,0.9981,0.0018,5068.038923036265,,17,,1,,,37865.94987627259,0.999982816227236,7.420815787514851e-20,551136,20648284.0,25900848.0,945.0880788560657,17,0.9988053814641216,0.0006256973906684,20635476.0,0.991,0.0021,1.0005465334166146,0.9972320983695422,0.9972152620478071,12815,146.11887466324757,145.86808152724637,146.24723725166666,225.08452836258041,145.9664838848182,2042.3110928313208,1962.0152971212244,2044.895604992382,3221.54018754648,1964.512026346832,1,6306.859163077919,1.005094360028379,4.907387750518854,0.5440349781386633,921947,919207,6968,146.3447145994929,146.1995711534822,146.34473202281652,225.7480463304938,146.1995885595255,2015.3677756345728,1953.8213041102733,2015.3804336463538,3259.1153208029905,1953.8335755643398,7.766005621486571,751359,721948,5851,13.03867652806638,1123.2947826917423,1997.7132338502727,16066.497340553118,20153.534575079968,12153,12808.0,12808.0,12808.0,753.4117647058823,1285.176449,2655208,,0.007725060069817837,0.0013721437646526,1.235700604042415e-06,0.0006240969317581303,0.0010414706183304169,0.0008322843912396667,0.001043021686866402,0.0001964911563100942,0.001153655799277723,0.00022006856802687228,0.0011769202658280051,0.008838833417684305,1.8880031855718993e-06,1.8879713103152554e-06,63.76116165494136,0.002413614382983017,0.004213614382983017,0.010163314771979478,0.010144013005159047,0.01032148086053238,0.012635611755110469,0.014735611755110468,0.010175422733654729,0.010112207113957274,0.010389861780051622,1.0015455904431636,1.0022725302394129,0.9972454580562137,1.0028147978066637,0.9980904561915377,0.989368706375248,0.9985330568407745,0.9881352383478565,1.0105049185532726,0.9972811425297576,145.8443492433693,145.68771067725334,145.84439310249408,225.71809579932935,145.68775448927292,2020.598683930343,1959.1371322028167,2020.6334060356317,3255.38220483275,1959.170798148618
,33667.0,,20493.030303030304,0.9972344824576619,0.9972772963558991,0.998209151197858,0.998209151197858,0.0015254216681308,0.9999010965602383,0.9999992747805476,1.6357107304846697e-19,610592,2305455.0,4094912.0,899.1221796514844,2,0.9981136424166932,0.0006996641090796,2279882.0,0.9983,0.002,7919.472216226047,,33,,2,,,60393.40019442182,0.9999563440256372,5.914089111875522e-20,459029,32934996.0,41339251.0,778.4589787563245,33,0.9981136424166932,0.0006996641090796,32909423.0,0.9907,0.0024,0.9954478643606194,0.9982084272771641,0.9981655734047445,13114,146.11887466324757,145.86808152724637,146.24723725166666,225.08452836258041,145.9664838848182,2042.3110928313208,1962.0152971212244,2044.895604992382,3221.54018754648,1964.512026346832,1,10091.89116871976,1.003175962700068,7.87162897078874,0.5523794627145818,738851,736610,7063,146.3447145994929,146.1995711534822,146.34473202281652,225.7480463304938,146.1995885595255,2015.3677756345728,1953.8213041102733,2015.3804336463538,3259.1153208029905,1953.8335755643398,7.812223829820513,620814,595572,6054,26.26010607218664,1798.2443593029689,3194.012637783882,25689.146298958705,32244.426774133357,12152,25573.0,12786.5,13173.969696969696,774.939393939394,1282.058797,2155642,,0.0054500161661344285,0.0015254216681308,1.9782644523933113e-06,0.0004941715209153951,0.0011633799298883497,0.000658599922334016,0.001165148270327768,0.00015553162092712318,0.0012691683956427293,0.0001742493603330574,0.0012957847489299663,0.008692953107899044,2.331084197424288e-06,2.3309841221473558e-06,64.52965689790211,0.0026888015980191496,0.004688801598019149,0.006499181594967171,0.006428036789474515,0.006799953044276116,0.009188798623801852,0.011588798623801851,0.006518949068609508,0.006396582364725396,0.006946704035665027,1.0015455904431636,1.0022725302394129,0.9998348783712523,1.000500626661233,1.000420265092732,0.9926184036795045,1.0005353487133068,0.9914071293624077,1.0090809296790946,0.9993073783428182,146.2229826258235,146.027722600482,146.22308866965182,225.19721167850977,146.0278285027038,2027.23557678317,1963.0656594860266,2027.3240815913014,3250.794767447967,1963.1513627715901
,13773.0,,1670.0,1.0049750795222756,1.0049812718650442,0.9980094123602744,0.9980094123602744,0.0015634377622687,0.9999627211457397,0.9999998809432812,2.8291469227067307e-19,314512,823154.0,1463573.0,677.7973501876239,1,0.9992687082710636,0.0005638993753921,811051.0,0.9982,0.0024,3155.8083314321225,,9,,1,,,22867.314846108704,0.9999937192940996,1.0679304890388454e-19,796382,11721141.0,14704533.0,1072.3737006920962,9,0.9992687082710636,0.0005638993753921,11709038.0,0.9913,0.0021,1.0029744691398828,0.9980092935405485,0.9980031441566696,12139,146.11887466324757,145.86808152724637,146.24723725166666,225.08452836258041,145.9664838848182,2042.3110928313208,1962.0152971212244,2044.895604992382,3221.54018754648,1964.512026346832,1,3562.365618284666,1.008522808774642,2.93330528245364,0.38709410889862017,524730,523266,4685,146.3447145994929,146.1995711534822,146.34473202281652,225.7480463304938,146.1995885595255,2015.3677756345728,1953.8213041102733,2015.3804336463538,3259.1153208029905,1953.8335755643398,5.546641328596215,802917,771625,7459,11.340894782913216,677.7973501876239,1205.1279605106108,9651.363306228866,12107.933027290728,12154,12103.0,12103.0,12103.0,1344.7777777777778,1214.454438,2130432,,0.00852090505680022,0.0015634377622687,7.456048805017377e-07,0.00082659506003806,0.001380486146488965,0.0011021975809956475,0.0013824159681052415,0.0002607800605501802,0.0011160012303072185,0.00029208890111452065,0.00113840515848975,0.009103668115583285,2.449212718036523e-06,2.449197626845187e-06,59.8914468679968,0.002943923908757665,0.005343923908757665,0.016868850474265108,0.01684835920294246,0.0170387240227405,0.01949170737979313,0.021591707379793133,0.016849268027675255,0.0168148055073491,0.016979629944979355,1.0015455904431636,1.0022725302394129,1.0006666435071323,1.0029478612890022,1.0015969739662376,0.9868074372747025,0.9958236854610799,0.9855664165574173,1.011663717063585,0.9945643240462367,146.3447145994929,146.1995711534822,146.34473202281652,225.7480463304938,146.1995885595255,2015.3677756345728,1953.8213041102733,2015.3804336463538,3259.1153208029905,1953.8335755643398
