Physics_Setting,tbin_number,t_min,t_max,phibin_number,phi_min,phi_max,avg_ratio,avg_ratio_error
Q3p85_W2p62_t0p21_loweps,1,0.16,0.208,1,0,24,1.0968057599298942,0.148600905640172
Q3p85_W2p62_t0p21_loweps,1,0.16,0.208,2,24,48,1.1149940482350986,0.1613185384643478
Q3p85_W2p62_t0p21_loweps,1,0.16,0.208,3,48,72,0.9487989657130154,0.1264822571737972
Q3p85_W2p62_t0p21_loweps,1,0.16,0.208,4,72,96,0.972624827786932,0.12444407559610055
Q3p85_W2p62_t0p21_loweps,1,0.16,0.208,5,96,120,0.8150216438543852,0.09688059993644521
Q3p85_W2p62_t0p21_loweps,1,0.16,0.208,6,120,144,1.1213196808907082,0.11329907785207942
Q3p85_W2p62_t0p21_loweps,1,0.16,0.208,7,144,168,1.0139520462654965,0.10061290906033767
Q3p85_W2p62_t0p21_loweps,1,0.16,0.208,8,168,192,1.0028950435496142,0.09315728908175827
Q3p85_W2p62_t0p21_loweps,1,0.16,0.208,9,192,216,0.9499708120984006,0.09667855070231869
Q3p85_W2p62_t0p21_loweps,1,0.16,0.208,10,216,240,0.9076193373278361,0.10881164949609243
Q3p85_W2p62_t0p21_loweps,1,0.16,0.208,11,240,264,1.0883384899429638,0.1343243177350447
Q3p85_W2p62_t0p21_loweps,1,0.16,0.208,12,264,288,1.0942436860530955,0.1353186659839485
Q3p85_W2p62_t0p21_loweps,1,0.16,0.208,13,288,312,0.8767386018347175,0.12268464384294288
Q3p85_W2p62_t0p21_loweps,1,0.16,0.208,14,312,336,0.9999509863935974,0.14403494148639034
Q3p85_W2p62_t0p21_loweps,1,0.16,0.208,15,336,360,0.9998163411929379,0.17015783036390925
Q3p85_W2p62_t0p21_loweps,2,0.208,0.226,1,0,24,1.292022163799549,0.1981700322782316
Q3p85_W2p62_t0p21_loweps,2,0.208,0.226,2,24,48,1.2879261218777247,0.18813987904359683
Q3p85_W2p62_t0p21_loweps,2,0.208,0.226,3,48,72,1.1600336225577845,0.15654023943205905
Q3p85_W2p62_t0p21_loweps,2,0.208,0.226,4,72,96,1.0518339517745303,0.120976005225593
Q3p85_W2p62_t0p21_loweps,2,0.208,0.226,5,96,120,0.8660502062842128,0.11574860599525144
Q3p85_W2p62_t0p21_loweps,2,0.208,0.226,6,120,144,0.9309653366859565,0.09895322365460653
Q3p85_W2p62_t0p21_loweps,2,0.208,0.226,7,144,168,1.066160804838701,0.09739108079238992
Q3p85_W2p62_t0p21_loweps,2,0.208,0.226,8,168,192,0.9546286667953724,0.09043381311305333
Q3p85_W2p62_t0p21_loweps,2,0.208,0.226,9,192,216,1.0693726519119229,0.10140875298879096
Q3p85_W2p62_t0p21_loweps,2,0.208,0.226,10,216,240,0.8811134772522161,0.08994908351361769
Q3p85_W2p62_t0p21_loweps,2,0.208,0.226,11,240,264,0.9289896265766855,0.10867340837677845
Q3p85_W2p62_t0p21_loweps,2,0.208,0.226,12,264,288,0.9014788808313302,0.11057674962118487
Q3p85_W2p62_t0p21_loweps,2,0.208,0.226,13,288,312,1.0125237609212836,0.13118246305127598
Q3p85_W2p62_t0p21_loweps,2,0.208,0.226,14,312,336,0.8372614683919916,0.14420209514958987
Q3p85_W2p62_t0p21_loweps,2,0.208,0.226,15,336,360,0.9923290801913778,0.17601211835955607
Q3p85_W2p62_t0p21_loweps,3,0.226,0.264,1,0,24,1.045249083150083,0.10857849675206169
Q3p85_W2p62_t0p21_loweps,3,0.226,0.264,2,24,48,1.1836347675750614,0.11529449838610721
Q3p85_W2p62_t0p21_loweps,3,0.226,0.264,3,48,72,0.7987286925675375,0.07932102824613549
Q3p85_W2p62_t0p21_loweps,3,0.226,0.264,4,72,96,0.9772756490599952,0.08539735012036537
Q3p85_W2p62_t0p21_loweps,3,0.226,0.264,5,96,120,0.8899464086843611,0.07787542855182802
Q3p85_W2p62_t0p21_loweps,3,0.226,0.264,6,120,144,1.1081449220983077,0.07372013461867627
Q3p85_W2p62_t0p21_loweps,3,0.226,0.264,7,144,168,1.0473730336380005,0.06614531087729146
Q3p85_W2p62_t0p21_loweps,3,0.226,0.264,8,168,192,1.0786985663052342,0.07520079435697419
Q3p85_W2p62_t0p21_loweps,3,0.226,0.264,9,192,216,1.0918990317982589,0.07372076590314039
Q3p85_W2p62_t0p21_loweps,3,0.226,0.264,10,216,240,1.1319968849773236,0.06855298803309284
Q3p85_W2p62_t0p21_loweps,3,0.226,0.264,11,240,264,1.132417584716278,0.08106912865239958
Q3p85_W2p62_t0p21_loweps,3,0.226,0.264,12,264,288,0.8957993391883318,0.08027654442381925
Q3p85_W2p62_t0p21_loweps,3,0.226,0.264,13,288,312,1.0379152931953601,0.09112820758567429
Q3p85_W2p62_t0p21_loweps,3,0.226,0.264,14,312,336,0.957811944273916,0.10722134043314244
Q3p85_W2p62_t0p21_loweps,3,0.226,0.264,15,336,360,1.0393148642033074,0.12951739721987432
Q3p85_W2p62_t0p21_loweps,4,0.264,0.302,1,0,24,1.02770370939885,0.11662260549270456
Q3p85_W2p62_t0p21_loweps,4,0.264,0.302,2,24,48,1.1204918439679934,0.11110797824062062
Q3p85_W2p62_t0p21_loweps,4,0.264,0.302,3,48,72,1.0731950957987604,0.09643491948576262
Q3p85_W2p62_t0p21_loweps,4,0.264,0.302,4,72,96,0.9445598653382521,0.07576296211639161
Q3p85_W2p62_t0p21_loweps,4,0.264,0.302,5,96,120,1.053527077596499,0.07175912247310313
Q3p85_W2p62_t0p21_loweps,4,0.264,0.302,6,120,144,0.8938517908100387,0.0586525583716547
Q3p85_W2p62_t0p21_loweps,4,0.264,0.302,7,144,168,1.0637337622464047,0.07540171359234218
Q3p85_W2p62_t0p21_loweps,4,0.264,0.302,8,168,192,1.1180543226774498,0.07688020037642664
Q3p85_W2p62_t0p21_loweps,4,0.264,0.302,9,192,216,1.1013042623087064,0.07545031131472704
Q3p85_W2p62_t0p21_loweps,4,0.264,0.302,10,216,240,1.1051369322621607,0.06780914149120419
Q3p85_W2p62_t0p21_loweps,4,0.264,0.302,11,240,264,1.0500483769925153,0.06842828263619329
Q3p85_W2p62_t0p21_loweps,4,0.264,0.302,12,264,288,1.055219451271347,0.08412939357517851
Q3p85_W2p62_t0p21_loweps,4,0.264,0.302,13,288,312,1.0623635668704905,0.09349306378482358
Q3p85_W2p62_t0p21_loweps,4,0.264,0.302,14,312,336,1.1022029935443656,0.11175735150676339
Q3p85_W2p62_t0p21_loweps,4,0.264,0.302,15,336,360,0.8356298897948252,0.10887702876504504
Q3p85_W2p62_t0p21_loweps,5,0.302,0.35,1,0,24,1.0952445423532073,0.1397574777497546
Q3p85_W2p62_t0p21_loweps,5,0.302,0.35,2,24,48,1.1696793188521268,0.14262050734483028
Q3p85_W2p62_t0p21_loweps,5,0.302,0.35,3,48,72,1.0451997044688335,0.09625864891904688
Q3p85_W2p62_t0p21_loweps,5,0.302,0.35,4,72,96,0.9094819352971978,0.07386905134715255
Q3p85_W2p62_t0p21_loweps,5,0.302,0.35,5,96,120,1.024477893494171,0.06845312977275278
Q3p85_W2p62_t0p21_loweps,5,0.302,0.35,6,120,144,1.0268569932096132,0.07230481518539014
Q3p85_W2p62_t0p21_loweps,5,0.302,0.35,7,144,168,1.0969808783113943,0.07753123398096289
Q3p85_W2p62_t0p21_loweps,5,0.302,0.35,8,168,192,1.185332669426419,0.08354093639534338
Q3p85_W2p62_t0p21_loweps,5,0.302,0.35,9,192,216,1.3110361844160117,0.08777719528915794
Q3p85_W2p62_t0p21_loweps,5,0.302,0.35,10,216,240,1.1441227909903495,0.07559663518671136
Q3p85_W2p62_t0p21_loweps,5,0.302,0.35,11,240,264,1.0489659046741098,0.07286559287706283
Q3p85_W2p62_t0p21_loweps,5,0.302,0.35,12,264,288,1.0171852620462734,0.08386132855511488
Q3p85_W2p62_t0p21_loweps,5,0.302,0.35,13,288,312,1.1217154369875224,0.10357471269427804
Q3p85_W2p62_t0p21_loweps,5,0.302,0.35,14,312,336,0.9371887022678895,0.11246264607906444
Q3p85_W2p62_t0p21_loweps,5,0.302,0.35,15,336,360,1.0598743348274267,0.14693273192393222
Q3p85_W2p62_t0p21_loweps,6,0.35,0.408,1,0,24,1.5618684570516563,0.25851291795663006
Q3p85_W2p62_t0p21_loweps,6,0.35,0.408,2,24,48,1.2128319325957289,0.1838515710805077
Q3p85_W2p62_t0p21_loweps,6,0.35,0.408,3,48,72,1.0962912020506332,0.13214102322028298
Q3p85_W2p62_t0p21_loweps,6,0.35,0.408,4,72,96,1.0102724301123913,0.10123527576004676
Q3p85_W2p62_t0p21_loweps,6,0.35,0.408,5,96,120,1.0342735916035901,0.08581687409748992
Q3p85_W2p62_t0p21_loweps,6,0.35,0.408,6,120,144,0.9623105360979559,0.07606769513319009
Q3p85_W2p62_t0p21_loweps,6,0.35,0.408,7,144,168,0.9892763562434213,0.07877283347734569
Q3p85_W2p62_t0p21_loweps,6,0.35,0.408,8,168,192,1.0863825356072658,0.08282157698527602
Q3p85_W2p62_t0p21_loweps,6,0.35,0.408,9,192,216,1.2025175776411556,0.089310975769064
Q3p85_W2p62_t0p21_loweps,6,0.35,0.408,10,216,240,1.1330311719937254,0.08641766771234659
Q3p85_W2p62_t0p21_loweps,6,0.35,0.408,11,240,264,1.0638246446338764,0.08992800180241035
Q3p85_W2p62_t0p21_loweps,6,0.35,0.408,12,264,288,0.9400000879888147,0.10141015323938532
Q3p85_W2p62_t0p21_loweps,6,0.35,0.408,13,288,312,1.2999189168087641,0.134113819534114
Q3p85_W2p62_t0p21_loweps,6,0.35,0.408,14,312,336,1.2570207790881531,0.17846380828338032
Q3p85_W2p62_t0p21_loweps,6,0.35,0.408,15,336,360,1.7179730218469615,0.27408812286383527
Q3p85_W2p62_t0p21_loweps,7,0.408,0.5,1,0,24,1.3119944368461647,0.384344252547969
Q3p85_W2p62_t0p21_loweps,7,0.408,0.5,2,24,48,1.759552286543495,0.3380898852822536
Q3p85_W2p62_t0p21_loweps,7,0.408,0.5,3,48,72,1.5164843063127813,0.21003824993612596
Q3p85_W2p62_t0p21_loweps,7,0.408,0.5,4,72,96,1.1416559243351418,0.15577289084400803
Q3p85_W2p62_t0p21_loweps,7,0.408,0.5,5,96,120,1.0121332934880611,0.12313381209688866
Q3p85_W2p62_t0p21_loweps,7,0.408,0.5,6,120,144,1.1475187674777267,0.09802150999293947
Q3p85_W2p62_t0p21_loweps,7,0.408,0.5,7,144,168,1.2294082681792546,0.13767573873162528
Q3p85_W2p62_t0p21_loweps,7,0.408,0.5,8,168,192,1.3825223746847985,0.14034418031806575
Q3p85_W2p62_t0p21_loweps,7,0.408,0.5,9,192,216,0.8906192013978821,0.10649030750791712
Q3p85_W2p62_t0p21_loweps,7,0.408,0.5,10,216,240,1.1075788717150417,0.09621645723583372
Q3p85_W2p62_t0p21_loweps,7,0.408,0.5,11,240,264,1.0577298934430177,0.13803885434598936
Q3p85_W2p62_t0p21_loweps,7,0.408,0.5,12,264,288,1.0916509988796173,0.14977671460979336
Q3p85_W2p62_t0p21_loweps,7,0.408,0.5,13,288,312,1.399854148798686,0.19716748878160836
Q3p85_W2p62_t0p21_loweps,7,0.408,0.5,14,312,336,1.6024790116285992,0.3289989183967925
Q3p85_W2p62_t0p21_loweps,7,0.408,0.5,15,336,360,2.1677278683766286,0.4900817819135988
