Physics_Setting,tbin_number,t_min,t_max,phibin_number,phi_min,phi_max,DummySub_Counts,physics_yield,physics_yield_error,%error/yield
Q3p85_W2p62_t0p21_loweps_center,1,0.16,0.206,1,0,24,71.16666666666667,0.0236901394104571,0.0031665965840604643,13.36672836404961
Q3p85_W2p62_t0p21_loweps_center,1,0.16,0.206,2,24,48,87.33333333333333,0.028888099180773747,0.004101222888170266,14.196928854702229
Q3p85_W2p62_t0p21_loweps_center,1,0.16,0.206,3,48,72,110.83333333333331,0.03486566706974237,0.004555273608516295,13.06521283360019
Q3p85_W2p62_t0p21_loweps_center,1,0.16,0.206,4,72,96,127.49999999999997,0.04217441960551894,0.005374278058665592,12.742980481851882
Q3p85_W2p62_t0p21_loweps_center,1,0.16,0.206,5,96,120,109.66666666666666,0.035377635602317485,0.004337733210925877,12.261229833691106
Q3p85_W2p62_t0p21_loweps_center,1,0.16,0.206,6,120,144,141.33333333333337,0.04585232805336141,0.005031196360413509,10.972608314584093
Q3p85_W2p62_t0p21_loweps_center,1,0.16,0.206,7,144,168,125.83333333333333,0.039827363493921075,0.004878152924470277,12.248244665291086
Q3p85_W2p62_t0p21_loweps_center,1,0.16,0.206,8,168,192,125.99999999999999,0.0407803717086454,0.004711535399158991,11.553439073141526
Q3p85_W2p62_t0p21_loweps_center,1,0.16,0.206,9,192,216,133.5,0.042363341666279086,0.005033454393123259,11.881627357857495
Q3p85_W2p62_t0p21_loweps_center,1,0.16,0.206,10,216,240,123.16666666666666,0.040741040638533996,0.005230269474954532,12.837839664820933
Q3p85_W2p62_t0p21_loweps_center,1,0.16,0.206,11,240,264,149.00000000000003,0.04928618448017508,0.0060389339169582175,12.252792502911895
Q3p85_W2p62_t0p21_loweps_center,1,0.16,0.206,12,264,288,138.33333333333334,0.04575786702298132,0.005725671435191683,12.512977128754791
Q3p85_W2p62_t0p21_loweps_center,1,0.16,0.206,13,288,312,97.66666666666667,0.030510400208518848,0.0042711246709791545,13.998913949960604
Q3p85_W2p62_t0p21_loweps_center,1,0.16,0.206,14,312,336,79.33333333333333,0.02534398283342278,0.0036273431212838158,14.312443095961221
Q3p85_W2p62_t0p21_loweps_center,1,0.16,0.206,15,336,360,73.16666666666664,0.022555942424769583,0.0037231927689533235,16.506482854224423
Q3p85_W2p62_t0p21_loweps_center,2,0.206,0.226,1,0,24,81.49999999999999,0.026958550571370917,0.0038765454645266497,14.379650917298989
Q3p85_W2p62_t0p21_loweps_center,2,0.206,0.226,2,24,48,91.33333333333333,0.0302112182272214,0.004199906435867365,13.901810924271492
Q3p85_W2p62_t0p21_loweps_center,2,0.206,0.226,3,48,72,121.83333333333331,0.040300000956384766,0.005204704286067508,12.914898666380608
Q3p85_W2p62_t0p21_loweps_center,2,0.206,0.226,4,72,96,146.33333333333337,0.04750622686142099,0.005152785857070864,10.846548331657454
Q3p85_W2p62_t0p21_loweps_center,2,0.206,0.226,5,96,120,127.5,0.04232406598126155,0.004541301784618687,10.729833439512383
Q3p85_W2p62_t0p21_loweps_center,2,0.206,0.226,6,120,144,139.83333333333334,0.04445828015648788,0.005151878004738121,11.588118088698259
Q3p85_W2p62_t0p21_loweps_center,2,0.206,0.226,7,144,168,143.0,0.045505749401592265,0.005229543080868145,11.492049135850868
Q3p85_W2p62_t0p21_loweps_center,2,0.206,0.226,8,168,192,119.66666666666666,0.03958331147289229,0.005113863016043466,12.91924001746437
Q3p85_W2p62_t0p21_loweps_center,2,0.206,0.226,9,192,216,126.99999999999997,0.042009029724712994,0.005340720010972302,12.713266757100255
Q3p85_W2p62_t0p21_loweps_center,2,0.206,0.226,10,216,240,138.66666666666666,0.044970248689062985,0.004968502159512035,11.048420465418513
Q3p85_W2p62_t0p21_loweps_center,2,0.206,0.226,11,240,264,132.33333333333331,0.0428753101988542,0.004833513960406672,11.273420385739492
Q3p85_W2p62_t0p21_loweps_center,2,0.206,0.226,12,264,288,142.16666666666666,0.046127977854704676,0.005064149925418173,10.978478053751648
Q3p85_W2p62_t0p21_loweps_center,2,0.206,0.226,13,288,312,110.5,0.035802931779403364,0.0043475481799222365,12.14299489971736
Q3p85_W2p62_t0p21_loweps_center,2,0.206,0.226,14,312,336,71.0,0.02258748481999016,0.0034156683568845087,15.121950868392423
Q3p85_W2p62_t0p21_loweps_center,2,0.206,0.226,15,336,360,60.16666666666668,0.01900403740252777,0.0031462455460529158,16.555669089739986
Q3p85_W2p62_t0p21_loweps_center,3,0.226,0.262,1,0,24,150.1666666666667,0.049821740577798264,0.005084022546081361,10.204425793078215
Q3p85_W2p62_t0p21_loweps_center,3,0.226,0.262,2,24,48,212.0,0.0692274312072699,0.006595149134502088,9.526785870121236
Q3p85_W2p62_t0p21_loweps_center,3,0.226,0.262,3,48,72,262.33333333333326,0.08587667920840289,0.0076347481269939815,8.890362549378754
Q3p85_W2p62_t0p21_loweps_center,3,0.226,0.262,4,72,96,341.66666666666663,0.10942490553291437,0.009553531028117221,8.730673315722969
Q3p85_W2p62_t0p21_loweps_center,3,0.226,0.262,5,96,120,279.66666666666663,0.09250807333079841,0.010048639030408727,10.862445480272767
Q3p85_W2p62_t0p21_loweps_center,3,0.226,0.262,6,120,144,354.3333333333333,0.11720629553115461,0.012292870685555006,10.488234125860107
Q3p85_W2p62_t0p21_loweps_center,3,0.226,0.262,7,144,168,262.1666666666667,0.08492367099367859,0.007727890893658704,9.09980786656519
Q3p85_W2p62_t0p21_loweps_center,3,0.226,0.262,8,168,192,210.33333333333343,0.0695740098590391,0.007923106428241044,11.388026138343484
Q3p85_W2p62_t0p21_loweps_center,3,0.226,0.262,9,192,216,290.1666666666667,0.09598126082772349,0.010350673465425302,10.784056571213101
Q3p85_W2p62_t0p21_loweps_center,3,0.226,0.262,10,216,240,336.4999999999999,0.10951163327349747,0.009239551977565838,8.437050659714588
Q3p85_W2p62_t0p21_loweps_center,3,0.226,0.262,11,240,264,390.1666666666665,0.1272634804800034,0.010346581875417165,8.130047863214692
Q3p85_W2p62_t0p21_loweps_center,3,0.226,0.262,12,264,288,325.5,0.10407729938685503,0.009255175119627363,8.892597304265076
Q3p85_W2p62_t0p21_loweps_center,3,0.226,0.262,13,288,312,257.6666666666668,0.08538056495107889,0.007414398427822013,8.683941634809155
Q3p85_W2p62_t0p21_loweps_center,3,0.226,0.262,14,312,336,173.50000000000006,0.054696653876299926,0.006049670396785471,11.0604030924217
Q3p85_W2p62_t0p21_loweps_center,3,0.226,0.262,15,336,360,151.33333333333334,0.05005800392393622,0.006128721481016892,12.243239842982078
Q3p85_W2p62_t0p21_loweps_center,4,0.262,0.3,1,0,24,150.16666666666669,0.04877421594759996,0.005274474064419752,10.814062229285911
Q3p85_W2p62_t0p21_loweps_center,4,0.262,0.3,2,24,48,196.33333333333346,0.0640452149420166,0.0062742017687031195,9.79651918474077
Q3p85_W2p62_t0p21_loweps_center,4,0.262,0.3,3,48,72,301.33333333333314,0.09787921165681182,0.008567309140714663,8.752940482146219
Q3p85_W2p62_t0p21_loweps_center,4,0.262,0.3,4,72,96,347.16666666666646,0.11393782898514686,0.009402949079427647,8.252701638411446
Q3p85_W2p62_t0p21_loweps_center,4,0.262,0.3,5,96,120,374.83333333333326,0.12308940238974311,0.009938227502367426,8.07399118804688
Q3p85_W2p62_t0p21_loweps_center,4,0.262,0.3,6,120,144,246.50000000000006,0.07884357647396961,0.007545937612105781,9.570770314557064
Q3p85_W2p62_t0p21_loweps_center,4,0.262,0.3,7,144,168,135.16666666666663,0.040221006505598594,0.005607723688180781,13.942275878651145
Q3p85_W2p62_t0p21_loweps_center,4,0.262,0.3,8,168,192,104.99999999999997,0.03383399671479524,0.004257306596664985,12.58292548927071
Q3p85_W2p62_t0p21_loweps_center,4,0.262,0.3,9,192,216,117.33333333333329,0.03701573552021983,0.0047159695528215225,12.74044534450876
Q3p85_W2p62_t0p21_loweps_center,4,0.262,0.3,10,216,240,261.8333333333333,0.0858609357033395,0.007612464038820787,8.866038992543505
Q3p85_W2p62_t0p21_loweps_center,4,0.262,0.3,11,240,264,380.8333333333331,0.12417620270495892,0.010155343408057125,8.178171974050528
Q3p85_W2p62_t0p21_loweps_center,4,0.262,0.3,12,264,288,396.33333333333303,0.1284054107554879,0.010562478763811802,8.225882929439072
Q3p85_W2p62_t0p21_loweps_center,4,0.262,0.3,13,288,312,288.1666666666665,0.09442182305004397,0.00819764151125974,8.681935220542135
Q3p85_W2p62_t0p21_loweps_center,4,0.262,0.3,14,312,336,202.66666666666674,0.0661401534322254,0.006403451406875628,9.681639782461831
Q3p85_W2p62_t0p21_loweps_center,4,0.262,0.3,15,336,360,125.99999999999993,0.03988249345418973,0.004931585108612748,12.36528782804746
Q3p85_W2p62_t0p21_loweps_center,5,0.3,0.35,1,0,24,119.49999999999996,0.03863030325816796,0.004643650806833612,12.020746448196114
Q3p85_W2p62_t0p21_loweps_center,5,0.3,0.35,2,24,48,183.00000000000003,0.060532696374980106,0.007160207866991843,11.828661691586833
Q3p85_W2p62_t0p21_loweps_center,5,0.3,0.35,3,48,72,291.83333333333326,0.09473680392149872,0.008394707013098992,8.86108319640491
Q3p85_W2p62_t0p21_loweps_center,5,0.3,0.35,4,72,96,320.66666666666663,0.10517216530243116,0.00887698019896294,8.440427344475088
Q3p85_W2p62_t0p21_loweps_center,5,0.3,0.35,5,96,120,289.8333333333334,0.09497312265273052,0.008234218829289796,8.670051693886322
Q3p85_W2p62_t0p21_loweps_center,5,0.3,0.35,6,120,144,122.99999999999999,0.040685910678265325,0.005299821295125219,13.0261832825495
Q3p85_W2p62_t0p21_loweps_center,5,0.3,0.35,7,144,168,63.83333333333334,0.02021689652843812,0.003282935328300453,16.238572145247456
Q3p85_W2p62_t0p21_loweps_center,5,0.3,0.35,8,168,192,53.16666666666667,0.017586457325700047,0.0029491926119325843,16.769679972001914
Q3p85_W2p62_t0p21_loweps_center,5,0.3,0.35,9,192,216,77.33333333333331,0.025580301564654618,0.0038264234066967356,14.958476533301962
Q3p85_W2p62_t0p21_loweps_center,5,0.3,0.35,10,216,240,114.66666666666664,0.03733082716186227,0.004484949279383968,12.014063497542478
Q3p85_W2p62_t0p21_loweps_center,5,0.3,0.35,11,240,264,318.49999999999994,0.09817032803774899,0.009569398365390374,9.747750218080862
Q3p85_W2p62_t0p21_loweps_center,5,0.3,0.35,12,264,288,381.50000000000034,0.12275061241286483,0.010422442158814986,8.49074554818487
Q3p85_W2p62_t0p21_loweps_center,5,0.3,0.35,13,288,312,310.66666666666663,0.10006861117740071,0.008903804278723148,8.897699462360446
Q3p85_W2p62_t0p21_loweps_center,5,0.3,0.35,14,312,336,156.00000000000006,0.0498058863025471,0.005619579329644196,11.282962209542706
Q3p85_W2p62_t0p21_loweps_center,5,0.3,0.35,15,336,360,119.66666666666666,0.039583311472892284,0.00521275397015015,13.169069934232219
Q3p85_W2p62_t0p21_loweps_center,6,0.35,0.402,1,0,24,61.50000000000001,0.020342955339132666,0.0033443033557292354,16.43961410708097
Q3p85_W2p62_t0p21_loweps_center,6,0.35,0.402,2,24,48,86.66666666666671,0.028667579339699146,0.004197901722552181,14.643377010694744
Q3p85_W2p62_t0p21_loweps_center,6,0.35,0.402,3,48,72,162.1666666666667,0.053641451341398576,0.006582247535422368,12.270822975183787
Q3p85_W2p62_t0p21_loweps_center,6,0.35,0.402,4,72,96,177.6666666666666,0.05607490288301623,0.006236079896219005,11.120982071478123
Q3p85_W2p62_t0p21_loweps_center,6,0.35,0.402,5,96,120,134.0,0.042528731547085016,0.005125711910455035,12.052350784975054
Q3p85_W2p62_t0p21_loweps_center,6,0.35,0.402,6,120,144,56.833333333333336,0.0187993164516104,0.0031234887152292966,16.614905777394533
Q3p85_W2p62_t0p21_loweps_center,6,0.35,0.402,7,144,168,24.166666666666664,0.00799384423895457,0.0018435414880726311,23.062014131935708
Q3p85_W2p62_t0p21_loweps_center,6,0.35,0.402,8,168,192,23.999999999999996,0.007938714278685918,0.001842425338427231,23.208107430869834
Q3p85_W2p62_t0p21_loweps_center,6,0.35,0.402,9,192,216,20.833333333333336,0.006891245033581524,0.0016778452736819674,24.347491135574327
Q3p85_W2p62_t0p21_loweps_center,6,0.35,0.402,10,216,240,46.50000000000001,0.015381258914953962,0.0027778824678379816,18.060176239132613
Q3p85_W2p62_t0p21_loweps_center,6,0.35,0.402,11,240,264,108.49999999999997,0.033195969371525566,0.004805854528465734,14.477223046807728
Q3p85_W2p62_t0p21_loweps_center,6,0.35,0.402,12,264,288,189.83333333333337,0.05830363347371649,0.006772931625051589,11.616654437334258
Q3p85_W2p62_t0p21_loweps_center,6,0.35,0.402,13,288,312,211.33333333333331,0.06721115485728396,0.006912972738866642,10.285454480801045
Q3p85_W2p62_t0p21_loweps_center,6,0.35,0.402,14,312,336,87.16666666666661,0.027935090966049424,0.003913496891928188,14.00925057550165
Q3p85_W2p62_t0p21_loweps_center,6,0.35,0.402,15,336,360,65.33333333333334,0.020713066170855995,0.0033671158750583864,16.25599921944939
Q3p85_W2p62_t0p21_loweps_center,7,0.402,0.5,1,0,24,23.333333333333332,0.0077181944376113094,0.001939464665321757,25.12847636839269
Q3p85_W2p62_t0p21_loweps_center,7,0.402,0.5,2,24,48,48.0,0.01587742855737183,0.0029511262011170034,18.58692791753616
Q3p85_W2p62_t0p21_loweps_center,7,0.402,0.5,3,48,72,125.83333333333334,0.041623120002832414,0.005436748332815121,13.061847195609447
Q3p85_W2p62_t0p21_loweps_center,7,0.402,0.5,4,72,96,104.49999999999996,0.03366860683398926,0.004327919399443138,12.854465350416577
Q3p85_W2p62_t0p21_loweps_center,7,0.402,0.5,5,96,120,42.33333333333333,0.012207253399326315,0.0030636165878963266,25.09669036660941
Q3p85_W2p62_t0p21_loweps_center,7,0.402,0.5,6,120,144,19.333333333333332,0.006395075391163655,0.0015917062140808616,24.889561369052647
Q3p85_W2p62_t0p21_loweps_center,7,0.402,0.5,7,144,168,4.666666666666667,0.0006457606330665905,0.0014804022436795362,229.24937939455936
Q3p85_W2p62_t0p21_loweps_center,7,0.402,0.5,8,168,192,1.8333333333333335,0.0011893269459561679,0.0018690432100448642,-157.1513381076415
Q3p85_W2p62_t0p21_loweps_center,7,0.402,0.5,9,192,216,8.666666666666668,0.0028667579339699146,0.0010284677884102903,35.87564112837591
Q3p85_W2p62_t0p21_loweps_center,7,0.402,0.5,10,216,240,14.333333333333334,0.00474117658310409,0.0014014652510255154,29.559440076960048
Q3p85_W2p62_t0p21_loweps_center,7,0.402,0.5,11,240,264,41.0,0.010868335462721427,0.003343635878976066,30.76493075176777
Q3p85_W2p62_t0p21_loweps_center,7,0.402,0.5,12,264,288,95.33333333333333,0.03063645901921338,0.004172800464380947,13.620374540556442
Q3p85_W2p62_t0p21_loweps_center,7,0.402,0.5,13,288,312,117.5,0.03886662198939979,0.005172467782578222,13.308251445131827
Q3p85_W2p62_t0p21_loweps_center,7,0.402,0.5,14,312,336,45.5,0.01505047915334205,0.002812150360019075,18.684789576248274
Q3p85_W2p62_t0p21_loweps_center,7,0.402,0.5,15,336,360,39.333333333333336,0.013010670623401915,0.0025560273658695822,19.645623502851038
Q3p85_W2p62_t0p21_loweps_left,1,0.16,0.206,1,0,24,0.0,0.0,0.0,0.0
Q3p85_W2p62_t0p21_loweps_left,1,0.16,0.206,2,24,48,0.0,0.0,0.0,0.0
Q3p85_W2p62_t0p21_loweps_left,1,0.16,0.206,3,48,72,0.0,0.0,0.0,0.0
Q3p85_W2p62_t0p21_loweps_left,1,0.16,0.206,4,72,96,-0.16666666666666666,5.78790440332034e-05,5.8110368180740335e-05,-100.39966822431316
Q3p85_W2p62_t0p21_loweps_left,1,0.16,0.206,5,96,120,3.666666666666667,0.001273338968730475,0.000708578791171614,55.647302766369464
Q3p85_W2p62_t0p21_loweps_left,1,0.16,0.206,6,120,144,15.333333333333334,0.005324872051054713,0.001473122343143117,27.664934087032783
Q3p85_W2p62_t0p21_loweps_left,1,0.16,0.206,7,144,168,53.66666666666667,0.018637052178691493,0.0030727396286571187,16.48726203691326
Q3p85_W2p62_t0p21_loweps_left,1,0.16,0.206,8,168,192,61.5,0.021357367248252056,0.0033587601054906307,15.726470713591914
Q3p85_W2p62_t0p21_loweps_left,1,0.16,0.206,9,192,216,44.333333333333336,0.014535754436494946,0.0028400657301478212,19.538481766156305
Q3p85_W2p62_t0p21_loweps_left,1,0.16,0.206,10,216,240,10.333333333333334,0.0035885007300586113,0.0012013044756417183,33.476500800993215
Q3p85_W2p62_t0p21_loweps_left,1,0.16,0.206,11,240,264,0.0,0.0,0.0,0.0
Q3p85_W2p62_t0p21_loweps_left,1,0.16,0.206,12,264,288,0.0,0.0,0.0,0.0
Q3p85_W2p62_t0p21_loweps_left,1,0.16,0.206,13,288,312,0.0,0.0,0.0,0.0
Q3p85_W2p62_t0p21_loweps_left,1,0.16,0.206,14,312,336,0.0,0.0,0.0,0.0
Q3p85_W2p62_t0p21_loweps_left,1,0.16,0.206,15,336,360,0.0,0.0,0.0,0.0
Q3p85_W2p62_t0p21_loweps_left,2,0.206,0.226,1,0,24,0.0,0.0,0.0,0.0
Q3p85_W2p62_t0p21_loweps_left,2,0.206,0.226,2,24,48,0.0,0.0,0.0,0.0
Q3p85_W2p62_t0p21_loweps_left,2,0.206,0.226,3,48,72,0.0,0.0,0.0,0.0
Q3p85_W2p62_t0p21_loweps_left,2,0.206,0.226,4,72,96,0.6666666666666667,0.0002315161761328136,0.0003573914946972916,154.36998859737008
Q3p85_W2p62_t0p21_loweps_left,2,0.206,0.226,5,96,120,4.666666666666667,0.0007605419565925406,0.0014860774933502686,195.39717440551837
Q3p85_W2p62_t0p21_loweps_left,2,0.206,0.226,6,120,144,51.66666666666667,0.017082432373955892,0.0030129023362501514,17.637431662505296
Q3p85_W2p62_t0p21_loweps_left,2,0.206,0.226,7,144,168,112.99999999999999,0.039241991854511896,0.005109039478776051,13.019317413136442
Q3p85_W2p62_t0p21_loweps_left,2,0.206,0.226,8,168,192,98.16666666666666,0.03323068565921965,0.00424137134141853,12.76341807964407
Q3p85_W2p62_t0p21_loweps_left,2,0.206,0.226,9,192,216,127.66666666666666,0.04433534772943379,0.005609649100746553,12.652768926006107
Q3p85_W2p62_t0p21_loweps_left,2,0.206,0.226,10,216,240,38.33333333333333,0.01331218012763678,0.00247712434873339,18.60795395632268
Q3p85_W2p62_t0p21_loweps_left,2,0.206,0.226,11,240,264,9.833333333333332,0.003414863597959001,0.001141377838082586,33.42381929295114
Q3p85_W2p62_t0p21_loweps_left,2,0.206,0.226,12,264,288,1.0,0.0003472742641992204,0.00034866220908444205,100.39966822431316
Q3p85_W2p62_t0p21_loweps_left,2,0.206,0.226,13,288,312,0.0,0.0,0.0,0.0
Q3p85_W2p62_t0p21_loweps_left,2,0.206,0.226,14,312,336,0.0,0.0,0.0,0.0
Q3p85_W2p62_t0p21_loweps_left,2,0.206,0.226,15,336,360,0.0,0.0,0.0,0.0
Q3p85_W2p62_t0p21_loweps_left,3,0.226,0.262,1,0,24,2.0,0.0006945485283984408,0.0004950378925136467,71.27477379516654
Q3p85_W2p62_t0p21_loweps_left,3,0.226,0.262,2,24,48,0.0,0.0,0.0,0.0
Q3p85_W2p62_t0p21_loweps_left,3,0.226,0.262,3,48,72,-0.16666666666666666,5.78790440332034e-05,5.8110368180740335e-05,-100.39966822431316
Q3p85_W2p62_t0p21_loweps_left,3,0.226,0.262,4,72,96,11.166666666666666,0.003017824673887474,0.0017644968793228731,58.46916471293541
Q3p85_W2p62_t0p21_loweps_left,3,0.226,0.262,5,96,120,77.5,0.026053684199102423,0.0037204204271016465,14.279824683028203
Q3p85_W2p62_t0p21_loweps_left,3,0.226,0.262,6,120,144,259.00000000000006,0.09008737964032099,0.0078043295325995075,8.663066418136191
Q3p85_W2p62_t0p21_loweps_left,3,0.226,0.262,7,144,168,320.83333333333326,0.10969701721124228,0.009394429607899173,8.563979082319467
Q3p85_W2p62_t0p21_loweps_left,3,0.226,0.262,8,168,192,339.8333333333333,0.11457508567835314,0.009988583471828603,8.717936724803831
Q3p85_W2p62_t0p21_loweps_left,3,0.226,0.262,9,192,216,329.83333333333326,0.11196241431269809,0.009693488602763782,8.657805980934805
Q3p85_W2p62_t0p21_loweps_left,3,0.226,0.262,10,216,240,313.5,0.10801041055011847,0.009122086792979753,8.445562558756285
Q3p85_W2p62_t0p21_loweps_left,3,0.226,0.262,11,240,264,75.16666666666666,0.026103448858974723,0.003844540007825146,14.728092171250928
Q3p85_W2p62_t0p21_loweps_left,3,0.226,0.262,12,264,288,2.0,0.0006945485283984408,0.0004950378925136467,71.27477379516654
Q3p85_W2p62_t0p21_loweps_left,3,0.226,0.262,13,288,312,1.0,0.0003472742641992204,0.00034866220908444205,100.39966822431316
Q3p85_W2p62_t0p21_loweps_left,3,0.226,0.262,14,312,336,0.0,0.0,0.0,0.0
Q3p85_W2p62_t0p21_loweps_left,3,0.226,0.262,15,336,360,1.0,0.0003472742641992204,0.00034866220908444205,100.39966822431316
Q3p85_W2p62_t0p21_loweps_left,4,0.262,0.3,1,0,24,0.0,0.0,0.0,0.0
Q3p85_W2p62_t0p21_loweps_left,4,0.262,0.3,2,24,48,5.0,0.001736371320996102,0.0007919249393653922,45.60804073353904
Q3p85_W2p62_t0p21_loweps_left,4,0.262,0.3,3,48,72,8.0,0.0019181228372566086,0.001607774945082106,83.82022849911024
Q3p85_W2p62_t0p21_loweps_left,4,0.262,0.3,4,72,96,23.333333333333332,0.008103066164648476,0.001853018203382782,22.868111474481204
Q3p85_W2p62_t0p21_loweps_left,4,0.262,0.3,5,96,120,187.00000000000006,0.0649402874052542,0.007524014685837074,11.586050795993733
Q3p85_W2p62_t0p21_loweps_left,4,0.262,0.3,6,120,144,302.9999999999999,0.10436403077602671,0.008921537299491354,8.548479043165422
Q3p85_W2p62_t0p21_loweps_left,4,0.262,0.3,7,144,168,425.9999999999999,0.14535862271985653,0.011737602616892964,8.074926961515276
Q3p85_W2p62_t0p21_loweps_left,4,0.262,0.3,8,168,192,438.49999999999994,0.14969955102234683,0.012004818519083301,8.019274899021738
Q3p85_W2p62_t0p21_loweps_left,4,0.262,0.3,9,192,216,453.8333333333333,0.15588449434973858,0.012245074548815025,7.855222932783988
Q3p85_W2p62_t0p21_loweps_left,4,0.262,0.3,10,216,240,419.4999999999999,0.14310134000256156,0.011591025997693521,8.09987243829166
Q3p85_W2p62_t0p21_loweps_left,4,0.262,0.3,11,240,264,183.00000000000006,0.06269111907212017,0.00623754823960593,9.949652090960798
Q3p85_W2p62_t0p21_loweps_left,4,0.262,0.3,12,264,288,18.833333333333336,0.006540331975751985,0.0016239907140509257,24.83040188283722
Q3p85_W2p62_t0p21_loweps_left,4,0.262,0.3,13,288,312,3.8333333333333335,0.0013312180127636785,0.0007070652879301136,53.114161703852616
Q3p85_W2p62_t0p21_loweps_left,4,0.262,0.3,14,312,336,0.0,0.0,0.0,0.0
Q3p85_W2p62_t0p21_loweps_left,4,0.262,0.3,15,336,360,1.0,0.0003472742641992204,0.00034866220908444205,100.39966822431316
Q3p85_W2p62_t0p21_loweps_left,5,0.3,0.35,1,0,24,0.0,0.0,0.0,0.0
Q3p85_W2p62_t0p21_loweps_left,5,0.3,0.35,2,24,48,1.0,0.0003472742641992204,0.00034866220908444205,100.39966822431316
Q3p85_W2p62_t0p21_loweps_left,5,0.3,0.35,3,48,72,1.8333333333333335,0.0006366694843652375,0.0004977905003801952,78.1866435575273
Q3p85_W2p62_t0p21_loweps_left,5,0.3,0.35,4,72,96,36.333333333333336,0.012617631599238338,0.002398062121235251,19.005643827642025
Q3p85_W2p62_t0p21_loweps_left,5,0.3,0.35,5,96,120,243.50000000000009,0.08198106950349873,0.007836335876527106,9.558713888445517
Q3p85_W2p62_t0p21_loweps_left,5,0.3,0.35,6,120,144,461.8333333333331,0.15708589112338103,0.012569961168393571,8.001966999391856
Q3p85_W2p62_t0p21_loweps_left,5,0.3,0.35,7,144,168,571.8333333333333,0.19614613146163234,0.014819024257974135,7.555093820890803
Q3p85_W2p62_t0p21_loweps_left,5,0.3,0.35,8,168,192,602.5000000000005,0.20579245907468174,0.015537209596798683,7.549941172120528
Q3p85_W2p62_t0p21_loweps_left,5,0.3,0.35,9,192,216,653.0000000000002,0.22605336845847665,0.016402732550849855,7.256132771966565
Q3p85_W2p62_t0p21_loweps_left,5,0.3,0.35,10,216,240,539.6666666666667,0.18569220202683837,0.01409489521588699,7.590461560604378
Q3p85_W2p62_t0p21_loweps_left,5,0.3,0.35,11,240,264,255.33333333333337,0.08781062418253051,0.00785342828001574,8.94359692022112
Q3p85_W2p62_t0p21_loweps_left,5,0.3,0.35,12,264,288,24.833333333333332,0.008623977560947306,0.0019010559569697036,22.043841644236387
Q3p85_W2p62_t0p21_loweps_left,5,0.3,0.35,13,288,312,2.833333333333333,0.000983943748564458,0.0006106573755910073,62.0622242360843
Q3p85_W2p62_t0p21_loweps_left,5,0.3,0.35,14,312,336,2.0,0.0006945485283984408,0.0004950378925136467,71.27477379516654
Q3p85_W2p62_t0p21_loweps_left,5,0.3,0.35,15,336,360,0.8333333333333334,0.000289395220166017,0.0003530158312468436,121.9839882097325
Q3p85_W2p62_t0p21_loweps_left,6,0.35,0.402,1,0,24,1.0,0.0003472742641992204,0.00034866220908444205,100.39966822431316
Q3p85_W2p62_t0p21_loweps_left,6,0.35,0.402,2,24,48,0.8333333333333334,0.000289395220166017,0.0003530158312468436,121.9839882097325
Q3p85_W2p62_t0p21_loweps_left,6,0.35,0.402,3,48,72,2.5,0.000868185660498051,0.0006147236811106718,70.80555566398368
Q3p85_W2p62_t0p21_loweps_left,6,0.35,0.402,4,72,96,31.666666666666657,0.010997018366308646,0.0022305123031733736,20.282882403897325
Q3p85_W2p62_t0p21_loweps_left,6,0.35,0.402,5,96,120,148.6666666666667,0.049907964724943084,0.005639634851505905,11.300069803662659
Q3p85_W2p62_t0p21_loweps_left,6,0.35,0.402,6,120,144,339.1666666666665,0.11362684343860605,0.010102836482360732,8.891240992555968
Q3p85_W2p62_t0p21_loweps_left,6,0.35,0.402,7,144,168,445.83333333333326,0.1479458725781219,0.012587879799670179,8.508435943708553
Q3p85_W2p62_t0p21_loweps_left,6,0.35,0.402,8,168,192,422.99999999999994,0.14603694247993307,0.011515860028923275,7.885580068554002
Q3p85_W2p62_t0p21_loweps_left,6,0.35,0.402,9,192,216,535.6666666666665,0.18258296241736707,0.014138834975291255,7.7437865987579055
Q3p85_W2p62_t0p21_loweps_left,6,0.35,0.402,10,216,240,404.49999999999983,0.13617208348689885,0.011497356704641736,8.443255335626777
Q3p85_W2p62_t0p21_loweps_left,6,0.35,0.402,11,240,264,190.00000000000009,0.06340189636884039,0.006687787980382889,10.54824597276507
Q3p85_W2p62_t0p21_loweps_left,6,0.35,0.402,12,264,288,18.333333333333336,0.006366694843652374,0.0016215565823968813,25.46936239630805
Q3p85_W2p62_t0p21_loweps_left,6,0.35,0.402,13,288,312,1.0,0.0003472742641992204,0.00034866220908444205,100.39966822431316
Q3p85_W2p62_t0p21_loweps_left,6,0.35,0.402,14,312,336,1.0,0.0003472742641992204,0.00034866220908444205,100.39966822431316
Q3p85_W2p62_t0p21_loweps_left,6,0.35,0.402,15,336,360,0.0,0.0,0.0,0.0
Q3p85_W2p62_t0p21_loweps_left,7,0.402,0.5,1,0,24,1.0,0.0003472742641992204,0.00034866220908444205,100.39966822431316
Q3p85_W2p62_t0p21_loweps_left,7,0.402,0.5,2,24,48,0.0,0.0,0.0,0.0
Q3p85_W2p62_t0p21_loweps_left,7,0.402,0.5,3,48,72,2.0,0.0006945485283984408,0.0004950378925136467,71.27477379516654
Q3p85_W2p62_t0p21_loweps_left,7,0.402,0.5,4,72,96,13.666666666666668,0.004746081610722679,0.0014199308975906928,29.91796210125603
Q3p85_W2p62_t0p21_loweps_left,7,0.402,0.5,5,96,120,103.66666666666669,0.03528403932503822,0.004434262550969825,12.5673325270987
Q3p85_W2p62_t0p21_loweps_left,7,0.402,0.5,6,120,144,322.0000000000001,0.11096224179581178,0.009355521407920172,8.431265677865289
Q3p85_W2p62_t0p21_loweps_left,7,0.402,0.5,7,144,168,291.4999999999999,0.09262973525070123,0.009629734733087947,10.39594327569348
Q3p85_W2p62_t0p21_loweps_left,7,0.402,0.5,8,168,192,203.1666666666666,0.0688344121238006,0.006861794757939407,9.96855285928538
Q3p85_W2p62_t0p21_loweps_left,7,0.402,0.5,9,192,216,226.83333333333337,0.07189280871849257,0.008139982596428898,11.322387790275743
Q3p85_W2p62_t0p21_loweps_left,7,0.402,0.5,10,216,240,331.5000000000001,0.112684549965753,0.009752421885234638,8.65462202954938
Q3p85_W2p62_t0p21_loweps_left,7,0.402,0.5,11,240,264,124.83333333333329,0.04335140398086931,0.00554016038782018,12.779656202749548
Q3p85_W2p62_t0p21_loweps_left,7,0.402,0.5,12,264,288,16.666666666666668,0.005787904403320341,0.0015248611524628292,26.345652004688674
Q3p85_W2p62_t0p21_loweps_left,7,0.402,0.5,13,288,312,1.0,0.0003472742641992204,0.00034866220908444205,100.39966822431316
Q3p85_W2p62_t0p21_loweps_left,7,0.402,0.5,14,312,336,0.8333333333333334,0.000289395220166017,0.0003530158312468436,121.9839882097325
Q3p85_W2p62_t0p21_loweps_left,7,0.402,0.5,15,336,360,0.0,0.0,0.0,0.0
Q3p85_W2p62_t0p21_higheps_right,1,0.16,0.206,1,0,24,171.33333333333334,0.38644582854831594,0.04523363498534678,11.70503901032312
Q3p85_W2p62_t0p21_higheps_right,1,0.16,0.206,2,24,48,162.33333333333331,0.36585943705087665,0.04346404283773415,11.87998406931622
Q3p85_W2p62_t0p21_higheps_right,1,0.16,0.206,3,48,72,133.83333333333331,0.3061272661563652,0.04175359433590473,13.639292853638729
Q3p85_W2p62_t0p21_higheps_right,1,0.16,0.206,4,72,96,112.83333333333333,0.2526342838149608,0.03358738953331817,13.294866011898405
Q3p85_W2p62_t0p21_higheps_right,1,0.16,0.206,5,96,120,44.0,0.10064458065414747,0.018516269182920153,18.397681288522627
Q3p85_W2p62_t0p21_higheps_right,1,0.16,0.206,6,120,144,6.0,0.013724260998292838,0.0057868043649946695,42.16477933285071
Q3p85_W2p62_t0p21_higheps_right,1,0.16,0.206,7,144,168,4.0,0.009149507332195226,0.004675391039513952,51.09992122813233
Q3p85_W2p62_t0p21_higheps_right,1,0.16,0.206,8,168,192,2.0,0.004574753666097613,0.0032706135692649823,71.49267060000857
Q3p85_W2p62_t0p21_higheps_right,1,0.16,0.206,9,192,216,2.0,0.004574753666097613,0.0032706135692649823,71.49267060000857
Q3p85_W2p62_t0p21_higheps_right,1,0.16,0.206,10,216,240,7.0,0.016011637831341644,0.0062829580713976586,39.23994620399928
Q3p85_W2p62_t0p21_higheps_right,1,0.16,0.206,11,240,264,31.0,0.07090868182451297,0.01476846891091723,20.82744810778841
Q3p85_W2p62_t0p21_higheps_right,1,0.16,0.206,12,264,288,108.83333333333333,0.24894284533014505,0.035490705511361534,14.256567793420286
Q3p85_W2p62_t0p21_higheps_right,1,0.16,0.206,13,288,312,132.66666666666666,0.2980005910037621,0.037568934540833786,12.60700001107028
Q3p85_W2p62_t0p21_higheps_right,1,0.16,0.206,14,312,336,179.33333333333334,0.4047448432127063,0.04680327697807105,11.563649979222697
Q3p85_W2p62_t0p21_higheps_right,1,0.16,0.206,15,336,360,170.33333333333334,0.3841584517152671,0.0450372171338219,11.723604396240868
Q3p85_W2p62_t0p21_higheps_right,2,0.206,0.226,1,0,24,140.0,0.32023275662683287,0.04334699728788112,13.536090980971494
Q3p85_W2p62_t0p21_higheps_right,2,0.206,0.226,2,24,48,114.99999999999999,0.2575902669532332,0.034097599650401926,13.237145973606415
Q3p85_W2p62_t0p21_higheps_right,2,0.206,0.226,3,48,72,86.66666666666666,0.19278125668351698,0.02829251834335525,14.67596945371209
Q3p85_W2p62_t0p21_higheps_right,2,0.206,0.226,4,72,96,50.0,0.10891077280506081,0.020534697308832114,18.854606188119817
Q3p85_W2p62_t0p21_higheps_right,2,0.206,0.226,5,96,120,7.0,0.016011637831341647,0.0062829580713976586,39.239946203999274
Q3p85_W2p62_t0p21_higheps_right,2,0.206,0.226,6,120,144,0.0,0.0,0.0,0.0
Q3p85_W2p62_t0p21_higheps_right,2,0.206,0.226,7,144,168,2.0,0.004574753666097613,0.0032706135692649823,71.49267060000857
Q3p85_W2p62_t0p21_higheps_right,2,0.206,0.226,8,168,192,0.0,0.0,0.0,0.0
Q3p85_W2p62_t0p21_higheps_right,2,0.206,0.226,9,192,216,0.0,0.0,0.0,0.0
Q3p85_W2p62_t0p21_higheps_right,2,0.206,0.226,10,216,240,2.0,0.004574753666097613,0.0032706135692649823,71.49267060000857
Q3p85_W2p62_t0p21_higheps_right,2,0.206,0.226,11,240,264,8.0,0.01829901466439045,0.00675132455733853,36.89447044641417
Q3p85_W2p62_t0p21_higheps_right,2,0.206,0.226,12,264,288,59.0,0.13495523314987956,0.022610277281511094,16.753909243667795
Q3p85_W2p62_t0p21_higheps_right,2,0.206,0.226,13,288,312,88.33333333333333,0.19113548255788546,0.02990750453736599,15.647280210417494
Q3p85_W2p62_t0p21_higheps_right,2,0.206,0.226,14,312,336,118.66666666666667,0.26051924649369934,0.035831589684967656,13.753912682928876
Q3p85_W2p62_t0p21_higheps_right,2,0.206,0.226,15,336,360,118.33333333333334,0.2706729252441087,0.03791976376413111,14.009440999661434
Q3p85_W2p62_t0p21_higheps_right,3,0.226,0.262,1,0,24,263.5,0.6027237955083604,0.07367165165509915,12.223119811117071
Q3p85_W2p62_t0p21_higheps_right,3,0.226,0.262,2,24,48,235.6666666666667,0.5281423359604096,0.058539901233826616,11.084114498674627
Q3p85_W2p62_t0p21_higheps_right,3,0.226,0.262,3,48,72,159.66666666666669,0.35975976549607985,0.04291518964669131,11.92884634764944
Q3p85_W2p62_t0p21_higheps_right,3,0.226,0.262,4,72,96,78.83333333333333,0.18032154033868086,0.027839959487037352,15.43906481430238
Q3p85_W2p62_t0p21_higheps_right,3,0.226,0.262,5,96,120,2.833333333333333,0.006480901026971618,0.0040384013590360895,62.31234425937754
Q3p85_W2p62_t0p21_higheps_right,3,0.226,0.262,6,120,144,1.0,0.0022873768330488064,0.002300059709670436,100.55447254857104
Q3p85_W2p62_t0p21_higheps_right,3,0.226,0.262,7,144,168,2.0,0.004574753666097613,0.0032706135692649823,71.49267060000857
Q3p85_W2p62_t0p21_higheps_right,3,0.226,0.262,8,168,192,0.0,0.0,0.0,0.0
Q3p85_W2p62_t0p21_higheps_right,3,0.226,0.262,9,192,216,2.0,0.004574753666097613,0.0032706135692649823,71.49267060000857
Q3p85_W2p62_t0p21_higheps_right,3,0.226,0.262,10,216,240,5.0,0.011436884165244032,0.005254998684477808,45.9478176796388
Q3p85_W2p62_t0p21_higheps_right,3,0.226,0.262,11,240,264,9.0,0.015128322650059754,0.010779602999045783,71.2544493424273
Q3p85_W2p62_t0p21_higheps_right,3,0.226,0.262,12,264,288,82.49999999999999,0.18325051987914695,0.02745442761387595,14.981909809577646
Q3p85_W2p62_t0p21_higheps_right,3,0.226,0.262,13,288,312,202.16666666666666,0.45697328090065403,0.05127861019689859,11.221358521406978
Q3p85_W2p62_t0p21_higheps_right,3,0.226,0.262,14,312,336,236.6666666666667,0.5304297127934585,0.05873223781789374,11.072576894040473
Q3p85_W2p62_t0p21_higheps_right,3,0.226,0.262,15,336,360,269.33333333333337,0.6106087581870989,0.0643634535745743,10.540866424135446
Q3p85_W2p62_t0p21_higheps_right,4,0.262,0.3,1,0,24,222.0000000000001,0.4968815192420761,0.055946562053601594,11.259537714129582
Q3p85_W2p62_t0p21_higheps_right,4,0.262,0.3,2,24,48,263.33333333333326,0.5968844971888062,0.06320277502633045,10.588778117709797
Q3p85_W2p62_t0p21_higheps_right,4,0.262,0.3,3,48,72,189.50000000000009,0.41708370332061034,0.0504603697249207,12.098379611377922
Q3p85_W2p62_t0p21_higheps_right,4,0.262,0.3,4,72,96,56.33333333333334,0.1288555615950827,0.021987442616564528,17.06363492920712
Q3p85_W2p62_t0p21_higheps_right,4,0.262,0.3,5,96,120,2.833333333333333,0.006480901026971618,0.0040384013590360895,62.31234425937754
Q3p85_W2p62_t0p21_higheps_right,4,0.262,0.3,6,120,144,1.0,0.0022873768330488064,0.002300059709670436,100.55447254857104
Q3p85_W2p62_t0p21_higheps_right,4,0.262,0.3,7,144,168,0.0,0.0,0.0,0.0
Q3p85_W2p62_t0p21_higheps_right,4,0.262,0.3,8,168,192,0.0,0.0,0.0,0.0
Q3p85_W2p62_t0p21_higheps_right,4,0.262,0.3,9,192,216,0.0,0.0,0.0,0.0
Q3p85_W2p62_t0p21_higheps_right,4,0.262,0.3,10,216,240,0.0,0.0,0.0,0.0
Q3p85_W2p62_t0p21_higheps_right,4,0.262,0.3,11,240,264,8.0,0.01829901466439045,0.00675132455733853,36.89447044641417
Q3p85_W2p62_t0p21_higheps_right,4,0.262,0.3,12,264,288,70.83333333333334,0.16202252567429037,0.025759337796671878,15.89861513975853
Q3p85_W2p62_t0p21_higheps_right,4,0.262,0.3,13,288,312,213.1666666666667,0.48213442606419094,0.0534228932062857,11.080497537251786
Q3p85_W2p62_t0p21_higheps_right,4,0.262,0.3,14,312,336,276.9999999999999,0.6281453139071399,0.06586115391263031,10.48501874557751
Q3p85_W2p62_t0p21_higheps_right,4,0.262,0.3,15,336,360,272.16666666666663,0.611631590366691,0.06557728818206869,10.721697377134035
Q3p85_W2p62_t0p21_higheps_right,5,0.3,0.35,1,0,24,282.3333333333333,0.6403446570167337,0.06701308494256218,10.465158756030812
Q3p85_W2p62_t0p21_higheps_right,5,0.3,0.35,2,24,48,315.6666666666666,0.7220486202990731,0.08639097557493819,11.964703365703404
Q3p85_W2p62_t0p21_higheps_right,5,0.3,0.35,3,48,72,247.33333333333343,0.5657445367074048,0.06973844400899758,12.32684356350494
Q3p85_W2p62_t0p21_higheps_right,5,0.3,0.35,4,72,96,62.83333333333334,0.13280737331514095,0.024780768878405694,18.659181534750314
Q3p85_W2p62_t0p21_higheps_right,5,0.3,0.35,5,96,120,4.0,0.009149507332195226,0.004675391039513952,51.09992122813233
Q3p85_W2p62_t0p21_higheps_right,5,0.3,0.35,6,120,144,0.0,0.0,0.0,0.0
Q3p85_W2p62_t0p21_higheps_right,5,0.3,0.35,7,144,168,0.0,0.0,0.0,0.0
Q3p85_W2p62_t0p21_higheps_right,5,0.3,0.35,8,168,192,0.0,0.0,0.0,0.0
Q3p85_W2p62_t0p21_higheps_right,5,0.3,0.35,9,192,216,0.0,0.0,0.0,0.0
Q3p85_W2p62_t0p21_higheps_right,5,0.3,0.35,10,216,240,0.0,0.0,0.0,0.0
Q3p85_W2p62_t0p21_higheps_right,5,0.3,0.35,11,240,264,-1.0,0.007745445680428308,0.007761574701382936,-100.20823877179055
Q3p85_W2p62_t0p21_higheps_right,5,0.3,0.35,12,264,288,71.83333333333333,0.16430990250733918,0.02602068778963935,15.83634789660781
Q3p85_W2p62_t0p21_higheps_right,5,0.3,0.35,13,288,312,214.1666666666667,0.48442180289723974,0.053674537910753356,11.080124302774069
Q3p85_W2p62_t0p21_higheps_right,5,0.3,0.35,14,312,336,290.66666666666663,0.6594061306254735,0.06851553220127587,10.390490627723784
Q3p85_W2p62_t0p21_higheps_right,5,0.3,0.35,15,336,360,289.1666666666665,0.6341427899863821,0.07077955832702648,11.161454398708285
Q3p85_W2p62_t0p21_higheps_right,6,0.35,0.402,1,0,24,230.8333333333334,0.5170866812673405,0.05770716568288097,11.160056480558552
Q3p85_W2p62_t0p21_higheps_right,6,0.35,0.402,2,24,48,274.83333333333337,0.6177312619214882,0.06619677977737934,10.716112953628167
Q3p85_W2p62_t0p21_higheps_right,6,0.35,0.402,3,48,72,167.1666666666667,0.3769150917439459,0.04449499631155455,11.80504503167569
Q3p85_W2p62_t0p21_higheps_right,6,0.35,0.402,4,72,96,52.50000000000001,0.11462921488768281,0.02114964315673583,18.450482433696237
Q3p85_W2p62_t0p21_higheps_right,6,0.35,0.402,5,96,120,3.8333333333333335,0.008768277860020424,0.004682804457897569,53.406205102704874
Q3p85_W2p62_t0p21_higheps_right,6,0.35,0.402,6,120,144,0.0,0.0,0.0,0.0
Q3p85_W2p62_t0p21_higheps_right,6,0.35,0.402,7,144,168,0.0,0.0,0.0,0.0
Q3p85_W2p62_t0p21_higheps_right,6,0.35,0.402,8,168,192,0.0,0.0,0.0,0.0
Q3p85_W2p62_t0p21_higheps_right,6,0.35,0.402,9,192,216,0.0,0.0,0.0,0.0
Q3p85_W2p62_t0p21_higheps_right,6,0.35,0.402,10,216,240,0.0,0.0,0.0,0.0
Q3p85_W2p62_t0p21_higheps_right,6,0.35,0.402,11,240,264,0.0,0.0,0.0,0.0
Q3p85_W2p62_t0p21_higheps_right,6,0.35,0.402,12,264,288,37.833333333333336,0.07562295248892083,0.019700745929559206,26.051278456028903
Q3p85_W2p62_t0p21_higheps_right,6,0.35,0.402,13,288,312,208.66666666666674,0.4718412303154713,0.05257517407520017,11.142556160267851
Q3p85_W2p62_t0p21_higheps_right,6,0.35,0.402,14,312,336,250.66666666666677,0.5679110573035213,0.06088422879255541,10.720733116491461
Q3p85_W2p62_t0p21_higheps_right,6,0.35,0.402,15,336,360,208.16666666666674,0.4434071976620495,0.05640063336677786,12.719828109277689
Q3p85_W2p62_t0p21_higheps_right,7,0.402,0.5,1,0,24,235.1666666666667,0.5160825098491262,0.06009354872430538,11.644174638251817
Q3p85_W2p62_t0p21_higheps_right,7,0.402,0.5,2,24,48,316.16666666666663,0.7013600333260794,0.07534355230885208,10.742492974905945
Q3p85_W2p62_t0p21_higheps_right,7,0.402,0.5,3,48,72,259.66666666666674,0.5830393799535809,0.06324983102877463,10.848294849965418
Q3p85_W2p62_t0p21_higheps_right,7,0.402,0.5,4,72,96,52.666666666666664,0.12046851320723709,0.020951735660366747,17.39187701629913
Q3p85_W2p62_t0p21_higheps_right,7,0.402,0.5,5,96,120,0.0,0.0,0.0,0.0
Q3p85_W2p62_t0p21_higheps_right,7,0.402,0.5,6,120,144,0.0,0.0,0.0,0.0
Q3p85_W2p62_t0p21_higheps_right,7,0.402,0.5,7,144,168,0.0,0.0,0.0,0.0
Q3p85_W2p62_t0p21_higheps_right,7,0.402,0.5,8,168,192,0.0,0.0,0.0,0.0
Q3p85_W2p62_t0p21_higheps_right,7,0.402,0.5,9,192,216,0.0,0.0,0.0,0.0
Q3p85_W2p62_t0p21_higheps_right,7,0.402,0.5,10,216,240,0.0,0.0,0.0,0.0
Q3p85_W2p62_t0p21_higheps_right,7,0.402,0.5,11,240,264,0.0,0.0,0.0,0.0
Q3p85_W2p62_t0p21_higheps_right,7,0.402,0.5,12,264,288,37.66666666666667,0.08615786071150502,0.01678265093210216,19.47895501757868
Q3p85_W2p62_t0p21_higheps_right,7,0.402,0.5,13,288,312,289.16666666666674,0.6459686058223711,0.06950306009990627,10.759510520085284
Q3p85_W2p62_t0p21_higheps_right,7,0.402,0.5,14,312,336,297.4999999999999,0.6641204012898816,0.07134745543040769,10.743150683495607
Q3p85_W2p62_t0p21_higheps_right,7,0.402,0.5,15,336,360,202.8333333333335,0.4475820610945945,0.0533269009723793,11.914441084158844
Q3p85_W2p62_t0p21_higheps_center,1,0.16,0.206,1,0,24,48.83333333333333,0.12117502906549743,0.021799516204416725,17.990106024759992
Q3p85_W2p62_t0p21_higheps_center,1,0.16,0.206,2,24,48,46.83333333333333,0.11621222924028934,0.021189540746021637,18.233486169694338
Q3p85_W2p62_t0p21_higheps_center,1,0.16,0.206,3,48,72,79.0,0.19603059309571938,0.030660629330824245,15.64073691082138
Q3p85_W2p62_t0p21_higheps_center,1,0.16,0.206,4,72,96,125.66666666666667,0.3081938849955926,0.03966547744463882,12.870299955888505
Q3p85_W2p62_t0p21_higheps_center,1,0.16,0.206,5,96,120,137.0,0.332681046650123,0.042879464654575816,12.889061485871686
Q3p85_W2p62_t0p21_higheps_center,1,0.16,0.206,6,120,144,135.0,0.32771824682491485,0.042431257857598444,12.94748103552121
Q3p85_W2p62_t0p21_higheps_center,1,0.16,0.206,7,144,168,140.0,0.347395987764566,0.04781952701494281,13.76513509054993
Q3p85_W2p62_t0p21_higheps_center,1,0.16,0.206,8,168,192,127.0,0.30786704752408256,0.04063521987934468,13.19895071789586
Q3p85_W2p62_t0p21_higheps_center,1,0.16,0.206,9,192,216,130.0,0.3153112472618947,0.041309359036936805,13.101137176570688
Q3p85_W2p62_t0p21_higheps_center,1,0.16,0.206,10,216,240,129.0,0.3164652180376061,0.04039377817546685,12.764049845966577
Q3p85_W2p62_t0p21_higheps_center,1,0.16,0.206,11,240,264,136.83333333333334,0.3286321093097069,0.04352108896926909,13.24310307373352
Q3p85_W2p62_t0p21_higheps_center,1,0.16,0.206,12,264,288,130.0,0.31167587657357926,0.04199120787463146,13.47271670052345
Q3p85_W2p62_t0p21_higheps_center,1,0.16,0.206,13,288,312,84.83333333333334,0.20687005523092752,0.03021999959222762,14.608203956098553
Q3p85_W2p62_t0p21_higheps_center,1,0.16,0.206,14,312,336,55.0,0.13647699519322234,0.02363332977852428,17.316713153791614
Q3p85_W2p62_t0p21_higheps_center,1,0.16,0.206,15,336,360,39.833333333333336,0.09884242985206104,0.019020988872628732,19.243748763661248
Q3p85_W2p62_t0p21_higheps_center,2,0.206,0.226,1,0,24,42.0,0.1042187963293698,0.019667984218682245,18.87182054619415
Q3p85_W2p62_t0p21_higheps_center,2,0.206,0.226,2,24,48,47.0,0.11299042520407457,0.021007632374357762,18.59240049448031
Q3p85_W2p62_t0p21_higheps_center,2,0.206,0.226,3,48,72,68.0,0.1687351940570749,0.027473758206280945,16.2821741841171
Q3p85_W2p62_t0p21_higheps_center,2,0.206,0.226,4,72,96,101.0,0.2506213911730083,0.036923963199071076,14.732965540671595
Q3p85_W2p62_t0p21_higheps_center,2,0.206,0.226,5,96,120,86.83333333333333,0.21546822574445107,0.032923051580188746,15.279771050436011
Q3p85_W2p62_t0p21_higheps_center,2,0.206,0.226,6,120,144,92.0,0.2246534212712565,0.0318804809194675,14.190961677353487
Q3p85_W2p62_t0p21_higheps_center,2,0.206,0.226,7,144,168,67.83333333333334,0.16832162740497425,0.027446909821305786,16.30622888125348
Q3p85_W2p62_t0p21_higheps_center,2,0.206,0.226,8,168,192,63.666666666666664,0.1579824611024574,0.02624971838601104,16.615590238834894
Q3p85_W2p62_t0p21_higheps_center,2,0.206,0.226,9,192,216,72.83333333333333,0.18072862696799444,0.02890057549682638,15.991144281721587
Q3p85_W2p62_t0p21_higheps_center,2,0.206,0.226,10,216,240,79.66666666666666,0.19404948901580663,0.029021284937813623,14.955610079163694
Q3p85_W2p62_t0p21_higheps_center,2,0.206,0.226,11,240,264,112.66666666666667,0.27593568613174,0.03669583883372716,13.298692658479649
Q3p85_W2p62_t0p21_higheps_center,2,0.206,0.226,12,264,288,119.0,0.29165121891156565,0.03811407610554244,13.068375386114663
Q3p85_W2p62_t0p21_higheps_center,2,0.206,0.226,13,288,312,72.66666666666666,0.18031506031589378,0.02887302590410325,16.012542631503226
Q3p85_W2p62_t0p21_higheps_center,2,0.206,0.226,14,312,336,47.833333333333336,0.11869362915289339,0.02149500137691526,18.10965047603928
Q3p85_W2p62_t0p21_higheps_center,2,0.206,0.226,15,336,360,43.0,0.10670019624197384,0.01997912417224376,18.724543042953044
Q3p85_W2p62_t0p21_higheps_center,3,0.226,0.262,1,0,24,60.833333333333336,0.15095182801674592,0.025392204661084942,16.821395934514978
Q3p85_W2p62_t0p21_higheps_center,3,0.226,0.262,2,24,48,91.66666666666667,0.2274616586553706,0.0343161244580846,15.086553338678192
Q3p85_W2p62_t0p21_higheps_center,3,0.226,0.262,3,48,72,159.83333333333334,0.39297504867623073,0.047368947142749473,12.05393250851822
Q3p85_W2p62_t0p21_higheps_center,3,0.226,0.262,4,72,96,212.33333333333337,0.5196131733996273,0.059642879349742835,11.47832318405683
Q3p85_W2p62_t0p21_higheps_center,3,0.226,0.262,5,96,120,202.0,0.49033667028107036,0.05787416799309753,11.802945098909888
Q3p85_W2p62_t0p21_higheps_center,3,0.226,0.262,6,120,144,161.83333333333334,0.40157321918975425,0.05386421559222454,13.413298750575356
Q3p85_W2p62_t0p21_higheps_center,3,0.226,0.262,7,144,168,95.0,0.23573299169738407,0.035227180667113216,14.94367861429221
Q3p85_W2p62_t0p21_higheps_center,3,0.226,0.262,8,168,192,62.833333333333336,0.15227925715363858,0.024963207877446807,16.393045477139914
Q3p85_W2p62_t0p21_higheps_center,3,0.226,0.262,9,192,216,79.0,0.18875985171908852,0.029703660124450124,15.736217131943379
Q3p85_W2p62_t0p21_higheps_center,3,0.226,0.262,10,216,240,157.0,0.38230904490220385,0.047346378245214885,12.384320715542128
Q3p85_W2p62_t0p21_higheps_center,3,0.226,0.262,11,240,264,181.66666666666666,0.4362461680364727,0.05400550116565181,12.379593248630355
Q3p85_W2p62_t0p21_higheps_center,3,0.226,0.262,12,264,288,186.33333333333334,0.451461404983607,0.05447593045844922,12.066575316759867
Q3p85_W2p62_t0p21_higheps_center,3,0.226,0.262,13,288,312,137.33333333333334,0.3371435506426398,0.042341071110503226,12.558766445271042
Q3p85_W2p62_t0p21_higheps_center,3,0.226,0.262,14,312,336,93.0,0.22713482118386052,0.032113922349485756,14.138705013217793
Q3p85_W2p62_t0p21_higheps_center,3,0.226,0.262,15,336,360,74.0,0.18362359353269916,0.02921782637183806,15.911804038752258
Q3p85_W2p62_t0p21_higheps_center,4,0.262,0.3,1,0,24,77.0,0.18743242258219586,0.028346982034894136,15.123841246016529
Q3p85_W2p62_t0p21_higheps_center,4,0.262,0.3,2,24,48,97.83333333333333,0.24276362478309554,0.03604595761839836,14.848170787779551
Q3p85_W2p62_t0p21_higheps_center,4,0.262,0.3,3,48,72,169.83333333333334,0.4105183064256403,0.05081156613601674,12.377417849749547
Q3p85_W2p62_t0p21_higheps_center,4,0.262,0.3,4,72,96,231.66666666666669,0.5639515343549893,0.06439726280499021,11.41893564996566
Q3p85_W2p62_t0p21_higheps_center,4,0.262,0.3,5,96,120,199.50000000000003,0.48776854118787566,0.05680185661691108,11.6452480675732
Q3p85_W2p62_t0p21_higheps_center,4,0.262,0.3,6,120,144,88.0,0.21109245093252488,0.03178042839061174,15.055217867914312
Q3p85_W2p62_t0p21_higheps_center,4,0.262,0.3,7,144,168,21.666666666666668,0.042857552708141254,0.01721917964233889,40.177701605131375
Q3p85_W2p62_t0p21_higheps_center,4,0.262,0.3,8,168,192,21.0,0.0521093981646849,0.012702737060666594,24.37705578659969
Q3p85_W2p62_t0p21_higheps_center,4,0.262,0.3,9,192,216,35.0,0.08321362625282605,0.017891237050624155,21.50036941818353
Q3p85_W2p62_t0p21_higheps_center,4,0.262,0.3,10,216,240,108.83333333333333,0.27005902382173996,0.0391444148979266,14.494762790731617
Q3p85_W2p62_t0p21_higheps_center,4,0.262,0.3,11,240,264,214.0,0.5201134692323187,0.060507148831409584,11.63345162368462
Q3p85_W2p62_t0p21_higheps_center,4,0.262,0.3,12,264,288,211.50000000000003,0.5102745987624931,0.060526972902188,11.861647248163381
Q3p85_W2p62_t0p21_higheps_center,4,0.262,0.3,13,288,312,155.33333333333337,0.3818087490695125,0.04639694620090325,12.151881357872227
Q3p85_W2p62_t0p21_higheps_center,4,0.262,0.3,14,312,336,92.66666666666667,0.22994305856797465,0.03459989173627766,15.04715643592668
Q3p85_W2p62_t0p21_higheps_center,4,0.262,0.3,15,336,360,68.66666666666666,0.1703894606654776,0.027711540317400394,16.263646946923515
Q3p85_W2p62_t0p21_higheps_center,5,0.3,0.35,1,0,24,59.66666666666667,0.14442149076372576,0.02421459478806329,16.766614622250703
Q3p85_W2p62_t0p21_higheps_center,5,0.3,0.35,2,24,48,82.66666666666667,0.19785831806530335,0.03059092563091411,15.461025813843996
Q3p85_W2p62_t0p21_higheps_center,5,0.3,0.35,3,48,72,179.16666666666666,0.43367803894327805,0.05291189279977891,12.2007314294048
Q3p85_W2p62_t0p21_higheps_center,5,0.3,0.35,4,72,96,282.16666666666663,0.6928976006298087,0.07498827031690543,10.822417374334231
Q3p85_W2p62_t0p21_higheps_center,5,0.3,0.35,5,96,120,193.83333333333334,0.47007190432813734,0.056091215327777375,11.932475608800154
Q3p85_W2p62_t0p21_higheps_center,5,0.3,0.35,6,120,144,50.0,0.11316388356525581,0.023914488742051196,21.132615803398917
Q3p85_W2p62_t0p21_higheps_center,5,0.3,0.35,7,144,168,17.833333333333336,0.03334551970982576,0.016232961752875395,48.681087876678404
Q3p85_W2p62_t0p21_higheps_center,5,0.3,0.35,8,168,192,17.0,0.042183798514268726,0.011210781298978857,26.576035572488323
Q3p85_W2p62_t0p21_higheps_center,5,0.3,0.35,9,192,216,18.0,0.04466519842687277,0.01159236956485246,25.953919322292595
Q3p85_W2p62_t0p21_higheps_center,5,0.3,0.35,10,216,240,43.83333333333333,0.10876802950247721,0.020267055727190415,18.633283897754925
Q3p85_W2p62_t0p21_higheps_center,5,0.3,0.35,11,240,264,183.66666666666669,0.4448443385499962,0.05386768265968524,12.109333083853786
Q3p85_W2p62_t0p21_higheps_center,5,0.3,0.35,12,264,288,248.00000000000006,0.60084569557254,0.06850671717721347,11.401715562251653
Q3p85_W2p62_t0p21_higheps_center,5,0.3,0.35,13,288,312,177.50000000000003,0.4295423724222713,0.052522630035211924,12.227578326912617
Q3p85_W2p62_t0p21_higheps_center,5,0.3,0.35,14,312,336,87.66666666666666,0.2175360590049544,0.03317869362004522,15.252043165537707
Q3p85_W2p62_t0p21_higheps_center,5,0.3,0.35,15,336,360,51.66666666666667,0.120934920774578,0.023314052919098053,19.27818099997379
Q3p85_W2p62_t0p21_higheps_center,6,0.35,0.402,1,0,24,21.833333333333336,0.054177231425188266,0.013049232106434211,24.0861922308701
Q3p85_W2p62_t0p21_higheps_center,6,0.35,0.402,2,24,48,63.66666666666666,0.15434709041414196,0.025189656791720503,16.3201371170211
Q3p85_W2p62_t0p21_higheps_center,6,0.35,0.402,3,48,72,133.83333333333334,0.332094021636841,0.046199290385739764,13.911509203938834
Q3p85_W2p62_t0p21_higheps_center,6,0.35,0.402,4,72,96,184.50000000000003,0.450547542498815,0.05348626981190382,11.871393086567439
Q3p85_W2p62_t0p21_higheps_center,6,0.35,0.402,5,96,120,116.66666666666666,0.27859054440552533,0.03905577636512062,14.01906028377969
Q3p85_W2p62_t0p21_higheps_center,6,0.35,0.402,6,120,144,22.0,0.05459079807728894,0.013063018226047876,23.92897463699546
Q3p85_W2p62_t0p21_higheps_center,6,0.35,0.402,7,144,168,5.833333333333333,0.014474832823523584,0.006291940178584318,43.46813711284495
Q3p85_W2p62_t0p21_higheps_center,6,0.35,0.402,8,168,192,5.0,0.012406999563020212,0.005709984235167861,46.02228126280268
Q3p85_W2p62_t0p21_higheps_center,6,0.35,0.402,9,192,216,5.0,0.012406999563020214,0.005709984235167861,46.02228126280267
Q3p85_W2p62_t0p21_higheps_center,6,0.35,0.402,10,216,240,14.833333333333334,0.03680743203695997,0.010417510831099284,28.302737394552818
Q3p85_W2p62_t0p21_higheps_center,6,0.35,0.402,11,240,264,117.33333333333331,0.2875155523905589,0.03779624157184636,13.14580768156299
Q3p85_W2p62_t0p21_higheps_center,6,0.35,0.402,12,264,288,205.66666666666669,0.506705878003916,0.05760395598030708,11.36832203471338
Q3p85_W2p62_t0p21_higheps_center,6,0.35,0.402,13,288,312,129.33333333333331,0.3209277220301228,0.0449109584789913,13.994103779783748
Q3p85_W2p62_t0p21_higheps_center,6,0.35,0.402,14,312,336,54.833333333333336,0.12515731647617537,0.025060266870357444,20.023013896377247
Q3p85_W2p62_t0p21_higheps_center,6,0.35,0.402,15,336,360,28.833333333333332,0.06791166012510112,0.016256035780660136,23.937031948143574
Q3p85_W2p62_t0p21_higheps_center,7,0.402,0.5,1,0,24,12.666666666666668,0.03143106555965121,0.009594264076798462,30.524781473253142
Q3p85_W2p62_t0p21_higheps_center,7,0.402,0.5,2,24,48,46.666666666666664,0.11579866258818867,0.021166836273941923,18.278998911426907
Q3p85_W2p62_t0p21_higheps_center,7,0.402,0.5,3,48,72,143.83333333333334,0.3496372793862506,0.044502881479731325,12.728299899213033
Q3p85_W2p62_t0p21_higheps_center,7,0.402,0.5,4,72,96,237.8333333333334,0.5756181297943992,0.06630231175624808,11.518454392659612
Q3p85_W2p62_t0p21_higheps_center,7,0.402,0.5,5,96,120,89.66666666666667,0.21522811745353165,0.03220048086034756,14.961093950607887
Q3p85_W2p62_t0p21_higheps_center,7,0.402,0.5,6,120,144,5.0,0.012406999563020214,0.005709984235167861,46.02228126280267
Q3p85_W2p62_t0p21_higheps_center,7,0.402,0.5,7,144,168,0.0,0.0,0.0,0.0
Q3p85_W2p62_t0p21_higheps_center,7,0.402,0.5,8,168,192,0.0,0.0,0.0,0.0
Q3p85_W2p62_t0p21_higheps_center,7,0.402,0.5,9,192,216,1.0,0.0024813999126040427,0.0024960034494470756,100.58852008371788
Q3p85_W2p62_t0p21_higheps_center,7,0.402,0.5,10,216,240,6.0,0.014888399475624257,0.006289740067707145,42.24591150986309
Q3p85_W2p62_t0p21_higheps_center,7,0.402,0.5,11,240,264,85.5,0.2085243218393302,0.030416163904883286,14.586386679784628
Q3p85_W2p62_t0p21_higheps_center,7,0.402,0.5,12,264,288,251.83333333333337,0.6067223578825401,0.06984584859745965,11.511995180336115
Q3p85_W2p62_t0p21_higheps_center,7,0.402,0.5,13,288,312,149.66666666666666,0.3677474828980896,0.04517608385544014,12.28453924400058
Q3p85_W2p62_t0p21_higheps_center,7,0.402,0.5,14,312,336,38.50000000000001,0.09553389663525566,0.018665232952331336,19.537811823581738
Q3p85_W2p62_t0p21_higheps_center,7,0.402,0.5,15,336,360,6.833333333333333,0.013320862047812182,0.009480641266570425,71.17137939377974
Q3p85_W2p62_t0p21_higheps_left,1,0.16,0.206,1,0,24,1.0,0.0019845361653318795,0.0019932758331066653,100.44038843571914
Q3p85_W2p62_t0p21_higheps_left,1,0.16,0.206,2,24,48,0.0,0.0,0.0,0.0
Q3p85_W2p62_t0p21_higheps_left,1,0.16,0.206,3,48,72,0.0,0.0,0.0,0.0
Q3p85_W2p62_t0p21_higheps_left,1,0.16,0.206,4,72,96,0.0,0.0,0.0,0.0
Q3p85_W2p62_t0p21_higheps_left,1,0.16,0.206,5,96,120,3.0,0.005953608495995639,0.0034825327238322775,58.49448659875113
Q3p85_W2p62_t0p21_higheps_left,1,0.16,0.206,6,120,144,18.833333333333336,0.037375431113750406,0.009341817658728373,24.994541548690048
Q3p85_W2p62_t0p21_higheps_left,1,0.16,0.206,7,144,168,56.833333333333336,0.11278780539636182,0.01835451990904987,16.27349680627967
Q3p85_W2p62_t0p21_higheps_left,1,0.16,0.206,8,168,192,55.0,0.10914948909325337,0.017938073849418975,16.434409357695973
Q3p85_W2p62_t0p21_higheps_left,1,0.16,0.206,9,192,216,45.0,0.0893041274399346,0.015736133584054193,17.620835716286706
Q3p85_W2p62_t0p21_higheps_left,1,0.16,0.206,10,216,240,24.0,0.047628867967965116,0.010702602957706293,22.470832111535376
Q3p85_W2p62_t0p21_higheps_left,1,0.16,0.206,11,240,264,3.0,0.005953608495995639,0.0034825327238322775,58.49448659875113
Q3p85_W2p62_t0p21_higheps_left,1,0.16,0.206,12,264,288,0.0,0.0,0.0,0.0
Q3p85_W2p62_t0p21_higheps_left,1,0.16,0.206,13,288,312,1.0,0.0019845361653318795,0.0019932758331066653,100.44038843571914
Q3p85_W2p62_t0p21_higheps_left,1,0.16,0.206,14,312,336,0.0,0.0,0.0,0.0
Q3p85_W2p62_t0p21_higheps_left,1,0.16,0.206,15,336,360,0.0,0.0,0.0,0.0
Q3p85_W2p62_t0p21_higheps_left,2,0.206,0.226,1,0,24,1.0,0.0019845361653318795,0.0019932758331066653,100.44038843571914
Q3p85_W2p62_t0p21_higheps_left,2,0.206,0.226,2,24,48,0.0,0.0,0.0,0.0
Q3p85_W2p62_t0p21_higheps_left,2,0.206,0.226,3,48,72,0.0,0.0,0.0,0.0
Q3p85_W2p62_t0p21_higheps_left,2,0.206,0.226,4,72,96,3.0,0.005953608495995639,0.0034825327238322775,58.49448659875113
Q3p85_W2p62_t0p21_higheps_left,2,0.206,0.226,5,96,120,17.0,0.03373711481064195,0.008774938105083107,26.009746696878665
Q3p85_W2p62_t0p21_higheps_left,2,0.206,0.226,6,120,144,51.833333333333336,0.0981133932327036,0.01748072603928331,17.816860128181315
Q3p85_W2p62_t0p21_higheps_left,2,0.206,0.226,7,144,168,78.83333333333333,0.15644760103366312,0.02296288420329263,14.677683806958255
Q3p85_W2p62_t0p21_higheps_left,2,0.206,0.226,8,168,192,78.0,0.15004208955888776,0.02170474404766217,14.465770312498616
Q3p85_W2p62_t0p21_higheps_left,2,0.206,0.226,9,192,216,69.0,0.12742953273390203,0.021529940444613867,16.895565715973095
Q3p85_W2p62_t0p21_higheps_left,2,0.206,0.226,10,216,240,53.0,0.10518041676258963,0.017503957800777972,16.64184107606973
Q3p85_W2p62_t0p21_higheps_left,2,0.206,0.226,11,240,264,8.0,0.015876289322655033,0.005807926882601353,36.58239507082804
Q3p85_W2p62_t0p21_higheps_left,2,0.206,0.226,12,264,288,1.0,0.0019845361653318795,0.0019932758331066653,100.44038843571914
Q3p85_W2p62_t0p21_higheps_left,2,0.206,0.226,13,288,312,0.0,0.0,0.0,0.0
Q3p85_W2p62_t0p21_higheps_left,2,0.206,0.226,14,312,336,0.0,0.0,0.0,0.0
Q3p85_W2p62_t0p21_higheps_left,2,0.206,0.226,15,336,360,0.0,0.0,0.0,0.0
Q3p85_W2p62_t0p21_higheps_left,3,0.226,0.262,1,0,24,1.0,0.0019845361653318795,0.0019932758331066653,100.44038843571914
Q3p85_W2p62_t0p21_higheps_left,3,0.226,0.262,2,24,48,0.0,0.0,0.0,0.0
Q3p85_W2p62_t0p21_higheps_left,3,0.226,0.262,3,48,72,2.0,0.003969072330663759,0.0028312235172038187,71.33212200066772
Q3p85_W2p62_t0p21_higheps_left,3,0.226,0.262,4,72,96,12.0,0.02381443398398255,0.007229573311519625,30.3579472700556
Q3p85_W2p62_t0p21_higheps_left,3,0.226,0.262,5,96,120,66.66666666666667,0.13230241102212528,0.02045972963776171,15.464366431190872
Q3p85_W2p62_t0p21_higheps_left,3,0.226,0.262,6,120,144,171.83333333333331,0.33625773307252926,0.035700919577818443,10.617129679547896
Q3p85_W2p62_t0p21_higheps_left,3,0.226,0.262,7,144,168,175.0,0.34254209759608006,0.03614566829030133,10.552182795623475
Q3p85_W2p62_t0p21_higheps_left,3,0.226,0.262,8,168,192,189.0,0.3750773352477253,0.044566650782677734,11.881989817711338
Q3p85_W2p62_t0p21_higheps_left,3,0.226,0.262,9,192,216,185.83333333333334,0.3687929707241744,0.04396835010849419,11.922231061550995
Q3p85_W2p62_t0p21_higheps_left,3,0.226,0.262,10,216,240,172.0,0.3318367577630856,0.036493109111925486,10.997307639432668
Q3p85_W2p62_t0p21_higheps_left,3,0.226,0.262,11,240,264,79.0,0.15202662572421957,0.021862039081994123,14.380401444713018
Q3p85_W2p62_t0p21_higheps_left,3,0.226,0.262,12,264,288,11.0,0.01707816648165184,0.009770709842727652,57.211702750555496
Q3p85_W2p62_t0p21_higheps_left,3,0.226,0.262,13,288,312,2.0,0.003969072330663759,0.0028312235172038187,71.33212200066772
Q3p85_W2p62_t0p21_higheps_left,3,0.226,0.262,14,312,336,1.0,0.0019845361653318795,0.0019932758331066653,100.44038843571914
Q3p85_W2p62_t0p21_higheps_left,3,0.226,0.262,15,336,360,2.0,0.003969072330663759,0.0028312235172038187,71.33212200066772
Q3p85_W2p62_t0p21_higheps_left,4,0.262,0.3,1,0,24,2.0,0.003969072330663759,0.0028312235172038187,71.33212200066772
Q3p85_W2p62_t0p21_higheps_left,4,0.262,0.3,2,24,48,3.0,0.005953608495995639,0.0034825327238322775,58.49448659875113
Q3p85_W2p62_t0p21_higheps_left,4,0.262,0.3,3,48,72,8.0,0.015876289322655036,0.005807926882601353,36.58239507082803
Q3p85_W2p62_t0p21_higheps_left,4,0.262,0.3,4,72,96,31.0,0.06152062112528828,0.012469916896899698,20.269491219057105
Q3p85_W2p62_t0p21_higheps_left,4,0.262,0.3,5,96,120,153.83333333333334,0.30053608209655536,0.03309916875374741,11.013376005585048
Q3p85_W2p62_t0p21_higheps_left,4,0.262,0.3,6,120,144,240.83333333333334,0.4779424598174277,0.0544576885759545,11.394193476084368
Q3p85_W2p62_t0p21_higheps_left,4,0.262,0.3,7,144,168,247.83333333333334,0.48708248163775203,0.046489624376671514,9.544507579159108
Q3p85_W2p62_t0p21_higheps_left,4,0.262,0.3,8,168,192,216.83333333333334,0.425561860512464,0.04211914831729433,9.897303359510229
Q3p85_W2p62_t0p21_higheps_left,4,0.262,0.3,9,192,216,247.50000000000003,0.4911727009196404,0.05573693499870934,11.347726552056143
Q3p85_W2p62_t0p21_higheps_left,4,0.262,0.3,10,216,240,254.0,0.4945687233202997,0.047968812006796875,9.699119605614571
Q3p85_W2p62_t0p21_higheps_left,4,0.262,0.3,11,240,264,146.0,0.28023881746445684,0.03280077851877113,11.704580691406646
Q3p85_W2p62_t0p21_higheps_left,4,0.262,0.3,12,264,288,29.0,0.057551548794624506,0.011977073481954398,20.811035902257235
Q3p85_W2p62_t0p21_higheps_left,4,0.262,0.3,13,288,312,6.0,0.011907216991991277,0.004988169397804137,41.89198366972862
Q3p85_W2p62_t0p21_higheps_left,4,0.262,0.3,14,312,336,5.0,0.009922680826659397,0.004534428061064982,45.69761075940561
Q3p85_W2p62_t0p21_higheps_left,4,0.262,0.3,15,336,360,2.0,0.003969072330663759,0.0028312235172038187,71.33212200066772
Q3p85_W2p62_t0p21_higheps_left,5,0.3,0.35,1,0,24,2.0,0.003969072330663759,0.0028312235172038187,71.33212200066772
Q3p85_W2p62_t0p21_higheps_left,5,0.3,0.35,2,24,48,0.0,0.0,0.0,0.0
Q3p85_W2p62_t0p21_higheps_left,5,0.3,0.35,3,48,72,7.0,0.013891753157323154,0.00541037517664715,38.94666940432227
Q3p85_W2p62_t0p21_higheps_left,5,0.3,0.35,4,72,96,67.0,0.13296392307723592,0.020492210733314392,15.41185778747736
Q3p85_W2p62_t0p21_higheps_left,5,0.3,0.35,5,96,120,233.66666666666669,0.4542164879585516,0.04515761195446299,9.94186982454581
Q3p85_W2p62_t0p21_higheps_left,5,0.3,0.35,6,120,144,301.5,0.5888341911735642,0.05456663520250512,9.26689312890479
Q3p85_W2p62_t0p21_higheps_left,5,0.3,0.35,7,144,168,293.8333333333333,0.5831228765800174,0.06449429933117698,11.060155915925025
Q3p85_W2p62_t0p21_higheps_left,5,0.3,0.35,8,168,192,249.83333333333334,0.4862998226314168,0.04739807190616703,9.746676782584732
Q3p85_W2p62_t0p21_higheps_left,5,0.3,0.35,9,192,216,295.0,0.5664312434249097,0.05477980937699153,9.671043045889743
Q3p85_W2p62_t0p21_higheps_left,5,0.3,0.35,10,216,240,309.8333333333333,0.6006202612143314,0.05625397929860498,9.36598095856289
Q3p85_W2p62_t0p21_higheps_left,5,0.3,0.35,11,240,264,239.50000000000003,0.46104121758598865,0.046616569521361055,10.111150097478347
Q3p85_W2p62_t0p21_higheps_left,5,0.3,0.35,12,264,288,52.833333333333336,0.10009792939803548,0.01764849445400073,17.63122829826198
Q3p85_W2p62_t0p21_higheps_left,5,0.3,0.35,13,288,312,7.0,0.013891753157323154,0.00541037517664715,38.94666940432227
Q3p85_W2p62_t0p21_higheps_left,5,0.3,0.35,14,312,336,1.0,0.0019845361653318795,0.0019932758331066653,100.44038843571914
Q3p85_W2p62_t0p21_higheps_left,5,0.3,0.35,15,336,360,1.0,0.0019845361653318795,0.0019932758331066653,100.44038843571914
Q3p85_W2p62_t0p21_higheps_left,6,0.35,0.402,1,0,24,1.0,0.0019845361653318795,0.0019932758331066653,100.44038843571914
Q3p85_W2p62_t0p21_higheps_left,6,0.35,0.402,2,24,48,0.0,0.0,0.0,0.0
Q3p85_W2p62_t0p21_higheps_left,6,0.35,0.402,3,48,72,6.0,0.011907216991991276,0.004988169397804137,41.891983669728624
Q3p85_W2p62_t0p21_higheps_left,6,0.35,0.402,4,72,96,81.0,0.15599569805488334,0.022175761757996324,14.215623914317376
Q3p85_W2p62_t0p21_higheps_left,6,0.35,0.402,5,96,120,217.83333333333334,0.4275463966777956,0.04226068027347595,9.884466481733476
Q3p85_W2p62_t0p21_higheps_left,6,0.35,0.402,6,120,144,251.83333333333331,0.4950206262990795,0.0470512562928144,9.504908238790673
Q3p85_W2p62_t0p21_higheps_left,6,0.35,0.402,7,144,168,201.66666666666666,0.3954630620049301,0.03997694088548993,10.10889378209274
Q3p85_W2p62_t0p21_higheps_left,6,0.35,0.402,8,168,192,154.83333333333334,0.2977688869248884,0.034070555584276,11.441946113352746
Q3p85_W2p62_t0p21_higheps_left,6,0.35,0.402,9,192,216,200.83333333333334,0.38430581919315604,0.041266781039198015,10.738005769945657
Q3p85_W2p62_t0p21_higheps_left,6,0.35,0.402,10,216,240,274.5,0.5400034460466023,0.05024075176388008,9.303783546511719
Q3p85_W2p62_t0p21_higheps_left,6,0.35,0.402,11,240,264,215.83333333333334,0.4188255930101328,0.042661083347596926,10.185882634580263
Q3p85_W2p62_t0p21_higheps_left,6,0.35,0.402,12,264,288,48.0,0.09525773593593027,0.016405499635449274,17.222222924218464
Q3p85_W2p62_t0p21_higheps_left,6,0.35,0.402,13,288,312,2.0,0.003969072330663759,0.0028312235172038187,71.33212200066772
Q3p85_W2p62_t0p21_higheps_left,6,0.35,0.402,14,312,336,0.0,0.0,0.0,0.0
Q3p85_W2p62_t0p21_higheps_left,6,0.35,0.402,15,336,360,1.0,0.0019845361653318795,0.0019932758331066653,100.44038843571914
Q3p85_W2p62_t0p21_higheps_left,7,0.402,0.5,1,0,24,0.0,0.0,0.0,0.0
Q3p85_W2p62_t0p21_higheps_left,7,0.402,0.5,2,24,48,0.0,0.0,0.0,0.0
Q3p85_W2p62_t0p21_higheps_left,7,0.402,0.5,3,48,72,3.0,0.005953608495995639,0.0034825327238322775,58.49448659875113
Q3p85_W2p62_t0p21_higheps_left,7,0.402,0.5,4,72,96,109.83333333333333,0.21321649082195235,0.026608301687109773,12.479476415981908
Q3p85_W2p62_t0p21_higheps_left,7,0.402,0.5,5,96,120,320.66666666666663,0.6268711343424253,0.05720336031157043,9.125218434499391
Q3p85_W2p62_t0p21_higheps_left,7,0.402,0.5,6,120,144,344.49999999999994,0.6694175149458365,0.06100960950405675,9.113835258552076
Q3p85_W2p62_t0p21_higheps_left,7,0.402,0.5,7,144,168,131.83333333333331,0.25687628645925387,0.029881543995040397,11.63265959926599
Q3p85_W2p62_t0p21_higheps_left,7,0.402,0.5,8,168,192,55.833333333333336,0.10129980655703227,0.01952832882082093,19.2777552934678
Q3p85_W2p62_t0p21_higheps_left,7,0.402,0.5,9,192,216,99.83333333333333,0.18861939783163492,0.0261422685369358,13.859798534756676
Q3p85_W2p62_t0p21_higheps_left,7,0.402,0.5,10,216,240,298.6666666666667,0.587963070042123,0.05360343346810291,9.11680277202829
Q3p85_W2p62_t0p21_higheps_left,7,0.402,0.5,11,240,264,335.6666666666667,0.6471357141484061,0.06032074670412375,9.321189572036282
Q3p85_W2p62_t0p21_higheps_left,7,0.402,0.5,12,264,288,102.83333333333333,0.1993247376646292,0.025551698480686284,12.819130620745081
Q3p85_W2p62_t0p21_higheps_left,7,0.402,0.5,13,288,312,3.0,0.005953608495995639,0.0034825327238322775,58.49448659875113
Q3p85_W2p62_t0p21_higheps_left,7,0.402,0.5,14,312,336,0.0,0.0,0.0,0.0
Q3p85_W2p62_t0p21_higheps_left,7,0.402,0.5,15,336,360,0.0,0.0,0.0,0.0
