,current,yieldRel_HMS_track,uncern_yieldRel_HMS_track
7.903431632492052,1.0254587186210948,0.0142607117181366
14.872219254571696,1.000313874027035,0.0133562006530019
24.722083010150357,1.0007705444401438,0.0129998121060813
39.64888063937009,1.0043639520528973,0.0112043503151363
59.432912917537536,0.995906145326347,0.013672869464223
2.5171642344327543,0.9945548246240644,0.0218704098823683
79.90396275422049,0.9649211065518192,0.0155449169244716
1.0967543565725744,1.0,0.0458065141502223
5.005582111412512,0.9930086303093106,0.0142337443703039
