current,yieldRel_HMS_scaler,uncern_yieldRel_HMS_scaler
7.903431632492052,1.0011642341041056,0.0064200157349909
14.872219254571696,1.0019762561574828,0.0038589569197435
24.722083010150357,1.003480389385586,0.0033910417199521
39.64888063937009,1.006253641220069,0.0042340402555065
59.432912917537536,1.008352507115542,0.005928528979891
2.5171642344327543,1.0002190109802382,0.0195811380635059
79.90396275422049,0.9962772089968664,0.0078193762547237
1.0967543565725744,1.0,0.0448410229771004
5.005582111412512,1.0005630202623124,0.0099330082220488
