(current_cut)_Total_COIN_Triggers,(current_cut)_Total_HMS_EL-REAL_Triggers,(current_cut)_Total_SHMS_3/4_Triggers,Accepted_COIN_Triggers,Accepted_HMS_Triggers,Accepted_SHMS_Triggers,BCM2_Beam_Cut_Charge,BCM2_Beam_Cut_Current,BCM2_Charge,BCM2_Current,BCM_Cut_HMS_Run_Length,BCM_Cut_SHMS_Run_Length,Beam_Energy,COIN_CPULT,COIN_CPULT_ERROR,COIN_Trigger_Rate,EDTM_Accepted_Triggers,HMS_Angle,HMS_CPULT,HMS_CPULT_ERROR,HMS_Cal_ALL_Elec_Eff,HMS_Cal_ALL_Elec_Eff_ERROR,HMS_Cal_COIN_Elec_Eff,HMS_Cal_COIN_Elec_Eff_ERROR,HMS_Cal_SING_Elec_Eff,HMS_Cal_SING_Elec_Eff_ERROR,HMS_Cer_ALL_Elec_Eff,HMS_Cer_ALL_Elec_Eff_ERROR,HMS_Cer_COIN_Elec_Eff,HMS_Cer_COIN_Elec_Eff_ERROR,HMS_Cer_SING_Elec_Eff,HMS_Cer_SING_Elec_Eff_ERROR,HMS_EL-REAL_Trigger_Rate,HMS_Elec_ALL_TRACK_EFF,HMS_Elec_ALL_TRACK_EFF_ERROR,HMS_Elec_COIN_TRACK_EFF,HMS_Elec_COIN_TRACK_EFF_ERROR,HMS_Elec_SING_TRACK_EFF,HMS_Elec_SING_TRACK_EFF_ERROR,HMS_Hodo_3_of_4_EFF,HMS_Hodo_4_of_4_EFF,HMS_Hodo_Plane_1,HMS_Hodo_Plane_2,HMS_Hodo_Plane_3,HMS_Hodo_Plane_4,HMS_Hodo_S1XY,HMS_Hodo_S2XY,HMS_Hodoscope_S1X_Rate,HMS_Hodoscope_S1X_Triggers,HMS_P_Central,HMS_Particle_Mass,HMS_Run_Length,Non_Scaler_EDTM_Live_Time,Non_Scaler_EDTM_Live_Time_Corr,Non_Scaler_EDTM_Live_Time_Corr_ERROR,Non_Scaler_EDTM_Live_Time_ERROR,Pre-Scaled_COIN_Triggers,Pre-Scaled_HMS_EL-REAL_Triggers,Pre-Scaled_SHMS_3/4_Triggers,Ps1_factor,Ps2_factor,Ps3_factor,Ps4_factor,Ps5_factor,Ps6_factor,Run_Number,SHMS_3/4_Trigger_Rate,SHMS_Aero_ALL_Prot_Eff,SHMS_Aero_ALL_Prot_Eff_ERROR,SHMS_Aero_COIN_Prot_Eff,SHMS_Aero_COIN_Prot_Eff_ERROR,SHMS_Aero_SING_Prot_Eff,SHMS_Aero_SING_Prot_Eff_ERROR,SHMS_Angle,SHMS_CPULT,SHMS_CPULT_ERROR,SHMS_HGC_ALL_Prot_Eff,SHMS_HGC_ALL_Prot_Eff_ERROR,SHMS_HGC_COIN_Prot_Eff,SHMS_HGC_COIN_Prot_Eff_ERROR,SHMS_HGC_SING_Prot_Eff,SHMS_HGC_SING_Prot_Eff_ERROR,SHMS_Hadron_ALL_TRACK_EFF,SHMS_Hadron_ALL_TRACK_EFF_ERROR,SHMS_Hodo_3_of_4_EFF,SHMS_Hodo_4_of_4_EFF,SHMS_Hodo_Plane_1,SHMS_Hodo_Plane_2,SHMS_Hodo_Plane_3,SHMS_Hodo_Plane_4,SHMS_Hodo_S1XY,SHMS_Hodo_S2XY,SHMS_Hodoscope_S1X_Rate,SHMS_Hodoscope_S1X_Triggers,SHMS_P_Central,SHMS_Particle_Mass,SHMS_Prot_ALL_TRACK_EFF,SHMS_Prot_ALL_TRACK_EFF_ERROR,SHMS_Prot_COIN_TRACK_EFF,SHMS_Prot_COIN_TRACK_EFF_ERROR,SHMS_Prot_SING_TRACK_EFF,SHMS_Prot_SING_TRACK_EFF_ERROR,SHMS_Run_Length,Target_Mass_(amu),Total_COIN_Triggers,Total_HMS_EL-REAL_Triggers,Total_SHMS_3/4_Triggers
8541.0,58774.0,2554428.0,9780.0,59896.0,1277235.0,33.244,52.42100000000001,33.256,43.839,634.184,632.183,9.171305,0.998,0.0005,0.014,7543.0,23.75,0.9972,0.0003,0.9858,0.0009,0.9949,0.0016,0.9853,0.0009,0.9979,0.0003,0.998,0.001,0.9979,0.0004,0.093,0.9971,0.0005,0.9972,0.0013,0.9971,0.0005,0.997556,0.7627470000000001,0.998154,0.99725,0.994006,0.770886,0.999995,0.998627,64.288,40770461.0,5.015,0.0005110000000000001,634.184,0.9973,0.9973,0.0005,0.0005,9800.0,60067.0,1278312.0,2.0,1.0,1.0,1.0,1.0,1.0,11829.0,4.041,0.2849,0.0034,0.4287,0.0117,0.2681,0.0036,23.79,0.4996,0.0003,0.8887,0.0042,0.9885,0.0038,0.8722,0.0048,0.7762,0.0014,0.918618,0.509853,0.981305,0.97519,0.816462,0.6525529999999999,0.999536,0.93623,160.171,101257117.0,5.015,0.938272,0.9896,0.0016,0.9947,0.0026,0.9884,0.0019,632.183,1.007276,8541.0,58774.0,2554428.0
12483.0,87933.0,3872408.0,15640.0,91208.0,1945631.0,50.383,54.492,50.411,40.863,924.5880000000001,918.535,9.171305,1.0011,0.0,0.013999999999999999,12306.0,23.75,1.0009,0.0003,0.9858,0.0007,0.9955,0.0012,0.9851,0.0008,0.9973,0.0003,0.9979,0.0008,0.9973,0.0003,0.096,0.9974,0.0003,0.9985,0.0008,0.9973,0.0004,0.998059,0.764914,0.999081,0.997725,0.994748,0.771416,0.9999979999999999,0.998799,66.723,61691447.0,5.015,0.0005110000000000001,924.5880000000001,1.0013,1.0013,0.0,0.0,15623.0,91128.0,1938652.0,2.0,1.0,1.0,1.0,1.0,1.0,11830.0,4.216,0.2863,0.0028,0.4161,0.0093,0.2708,0.0029,23.79,0.5018,0.0003,0.8847,0.0035,0.9966,0.0017,0.8669,0.004,0.7767,0.0012,0.9181229999999999,0.508156,0.9819959999999999,0.9756729999999999,0.8146399999999999,0.651054,0.9995620000000001,0.935319,166.391,152836068.0,5.015,0.9382719999999999,0.9889,0.0014,0.9964,0.0018,0.9872,0.0016,918.535,1.007276,12483.0,87933.0,3872408.0
8810.0,53344.0,2244182.0,17625.0,62168.0,1133186.0,29.609,42.03,29.674,18.877,704.4730000000003,686.3610000000001,9.171305,0.9997,0.0001,0.013,15663.0,23.75,0.9984,0.0003,0.9873,0.0009,0.9959,0.0015,0.9864,0.001,0.9984,0.0003,0.9982,0.001,0.9985,0.0003,0.078,0.9976,0.0004,0.9981,0.0011,0.9976,0.0005,0.997714,0.76448,0.998701,0.997818,0.993508,0.772162,0.999997,0.998521,51.63399999999999,36374475.0,5.015,0.0005110000000000001,704.4730000000003,0.9996,0.9996,0.0001,0.0001,17631.0,62269.0,1128052.0,2.0,1.0,1.0,1.0,1.0,1.0,11831.0,3.27,0.2813,0.0037,0.4424,0.0126,0.2628,0.0038,23.79,0.5023,0.0003,0.8836,0.0046,0.9928,0.0032,0.8653,0.0053,0.7736,0.0015,0.919749,0.512254,0.982288,0.97511,0.8177479999999999,0.653994,0.999559,0.93694,131.296,90116563.0,5.015,0.938272,0.9881,0.0019,0.997,0.0021,0.9859,0.0023,686.3610000000001,1.007276,8810.0,53344.0,2244182.0
20086.0,72326.0,2478925.0,21049.0,73336.0,1250809.0,34.529,19.352,34.536,18.423,1784.276,1778.269,9.171305,1.0002,0.0,0.011000000000000001,18686.0,23.75,1.0004,0.0003,0.9866,0.0008,0.9947,0.0016,0.9858,0.0009,0.9986,0.0003,0.9995,0.0005,0.9985,0.0003,0.040999999999999995,0.9976,0.0004,0.9979,0.0011,0.9975,0.0004,0.9985959999999999,0.781379,0.999725,0.999183,0.9945280000000001,0.786536,1.0,0.9988319999999999,24.035999999999998,42887645.0,5.015,0.0005110000000000001,1784.276,1.0003,1.0003,0.0,0.0,21044.0,73309.0,1240323.0,2.0,1.0,1.0,1.0,1.0,1.0,11833.0,1.3940000000000001,0.2849,0.0034,0.4454,0.0112,0.2652,0.0035,23.79,0.5042,0.0003,0.8859999999999999,0.0042,0.9954,0.0023,0.8664,0.0049,0.7763,0.0014,0.921058,0.512201,0.984793,0.978601,0.816292,0.651094,0.999675,0.935903,59.651,106076247.0,5.015,0.9382719999999999,0.9912,0.0014,0.9940000000000001,0.0027,0.9905,0.0017,1778.269,1.007276,20086.0,72326.0,2478925.0
4490.0,16269.0,561273.0,5597.0,17389.0,284056.0,7.826,19.693,7.834,15.409,397.388,397.388,9.171305,1.0002,0.0,0.011,5068.0,23.75,1.0004,0.0007,0.9863,0.0018,0.9979,0.0021,0.9849,0.002,0.9984,0.0006,1.0,0.0,0.9982,0.0007,0.041,0.9973,0.0009,1.0,0.0,0.9969,0.001,0.998774,0.765733,0.999517,0.999518,0.99565,0.76982,1.0,0.998999,24.50800000000001,9739371.0,5.015,0.0005110000000000001,397.388,1.0003,1.0003,0.0,0.0,5596.0,17382.0,281280.0,2.0,1.0,1.0,1.0,1.0,1.0,11834.0,1.412,0.2847,0.006999999999999999,0.3814,0.0229,0.2729,0.0074,23.79,0.5049,0.0007,0.8742,0.0091,0.9942,0.0058,0.8564,0.0103,0.7772,0.0029,0.923572,0.517578,0.985588,0.978776,0.8206950000000001,0.653756,0.999694,0.937917,60.551,24062215.0,5.015,0.938272,0.9947,0.0024,1.0,0.0,0.9935,0.0029,397.388,1.007276,4490.0,16269.0,561273.0
2106.0,7586.0,260639.0,2108.0,7591.0,131405.0,3.6319999999999997,19.583,3.6319999999999997,19.583,185.479,185.479,9.171305,1.0009,0.0,0.011000000000000001,1849.0,23.75,1.0007,0.001,0.9893,0.0023,1.0,0.0,0.9885,0.0025,0.9990000000000001,0.0007,1.0,0.0,0.9989,0.0008,0.040999999999999995,0.9982,0.0011,0.995,0.005,0.9986,0.001,0.9984430000000001,0.7759999999999999,0.999481,1.0,0.993398,0.781563,1.0,0.998558,24.224,4493057.0,5.015,0.0005110000000000001,185.479,1.0005,1.0005,0.0,0.0,2106.0,7586.0,130320.0,2.0,1.0,1.0,1.0,1.0,1.0,11835.0,1.405,0.2995,0.0106,0.4516,0.0338,0.2795,0.011000000000000001,23.79,0.5042,0.001,0.8669,0.0134,0.98,0.013999999999999999,0.8462,0.0154,0.7795,0.0042,0.919708,0.50767,0.9835889999999999,0.9788879999999999,0.816743,0.645579,0.999654,0.93505,60.208,11167376.0,5.015,0.9382719999999999,0.991,0.0045,1.0,0.0,0.9884,0.0058,185.479,1.007276,2106.0,7586.0,260639.0
2469.0,7463.0,246091.0,3089.0,8089.0,124969.0,9.568,39.349,9.577,31.36,243.162,243.162,9.171305,1.0,0.0,0.01,3043.0,23.75,0.9999,0.001,0.9357,0.0055,0.9714,0.0282,0.9351,0.0055,0.9989,0.0008,1.0,0.0,0.9989,0.0008,0.031,0.9968,0.0014,1.0,0.0,0.9967,0.0015,0.998091,0.7652909999999999,0.999434,0.999428,0.992798,0.771721,1.0,0.998356,18.476,4492768.0,5.015,0.0005110000000000001,243.162,1.0,1.0,0.0,0.0,3089.0,8090.0,123460.0,2.0,1.0,1.0,1.0,1.0,1.0,11836.0,1.012,0.3393,0.0091,0.5667,0.0905,0.3367,0.0092,23.79,0.5061,0.001,0.9402,0.0076,1.0,0.0,0.9391,0.0077,0.8244,0.0039,0.957153,0.624542,0.987296,0.978553,0.8804799999999999,0.734194,0.999728,0.968231,47.664,11590005.0,5.015,0.938272,0.9912,0.0028,1.0,0.0,0.9911,0.0028,243.162,1.007276,2469.0,7463.0,246091.0
5594.0,16824.0,546317.0,5594.0,16826.0,275969.0,21.226,38.35,21.226,38.35,553.479,553.479,9.171305,1.0,0.0,0.01,5517.0,23.75,1.0001,0.0007,0.9346,0.0037,1.0,0.0,0.9338,0.0038,0.9981,0.0007,1.0,0.0,0.998,0.0007,0.03,0.9976,0.0008,1.0,0.0,0.9976,0.0008,0.9978899999999999,0.7630170000000001,0.999743,0.997215,0.9939129999999999,0.770031,0.999999,0.9986,18.095,10015309.0,5.015,0.0005110000000000001,553.479,1.0002,1.0002,0.0,0.0,5594.0,16824.0,273158.0,2.0,1.0,1.0,1.0,1.0,1.0,11838.0,0.987,0.3331,0.006,0.34,0.067,0.3331,0.006,23.79,0.5051,0.0007,0.9427,0.005,1.0,0.0,0.9423,0.005,0.8254,0.0026,0.957147,0.624414,0.987827,0.978074,0.880494,0.733996,0.999733,0.968211,46.445,25706476.0,5.015,0.9382719999999999,0.9924,0.0017,0.9129999999999999,0.0588,0.9932,0.0017,553.479,1.007276,5594.0,16824.0,546317.0
3738.0,18213.0,696986.0,3724.0,18148.0,348773.0,6.783,29.558000000000003,6.783,29.558000000000003,229.483,310.886,9.171305,0.9963,0.001,0.012,3084.0,23.75,0.9964,0.0006,0.9868,0.0016,0.9928,0.0036,0.9865,0.0017,0.9986,0.0005,1.0,0.0,0.9985,0.0006,0.059,0.9985,0.0006,0.996,0.0028,0.9989,0.0006,0.998091,0.770162,1.0,0.998414,0.993061,0.776775,1.0,0.998451,36.315,8333673.0,5.015,0.0005110000000000001,229.483,0.9955,0.9955,0.0012,0.0012,3738.0,18213.0,348493.0,2.0,1.0,1.0,1.0,1.0,1.0,11839.0,2.242,0.2845,0.0065,0.4425,0.0217,0.2651,0.0068,23.79,0.5004,0.0006,0.8808,0.0083,0.9914,0.006,0.861,0.0096,0.7767,0.0027,0.920005,0.5100279999999999,0.985485,0.974922,0.817922,0.649026,0.999636,0.936095,94.088,29250514.0,5.015,0.938272,0.9913,0.0027,0.9956,0.0044,0.9903,0.0032,310.886,1.007276,3738.0,18213.0,696986.0
4947.0,29131.0,1196650.0,8425.0,32662.0,605045.0,15.991,40.345,16.021,21.746,396.361,388.29900000000004,9.171305,1.0007,0.0,0.013000000000000001,7344.0,23.75,1.0007,0.0005,0.987,0.0012,0.9979,0.0015,0.9858,0.0013,0.9979,0.0005,0.9968,0.0018,0.9981,0.0005,0.075,0.9981,0.0005,1.0,0.0,0.9979,0.0006,0.998567,0.778895,0.999274,0.998237,0.9958819999999999,0.784067,0.999999,0.9991110000000001,49.733000000000004,19712168.0,5.015,0.0005110000000000001,396.361,1.0008,1.0008,0.0,0.0,8419.0,32639.0,600881.0,2.0,1.0,1.0,1.0,1.0,1.0,11840.0,3.082,0.2728,0.0049,0.4208,0.0167,0.2553,0.0051,23.79,0.5035,0.0005,0.8818,0.0064,0.9919,0.0046,0.8632,0.0073,0.7789,0.002,0.921004,0.5134029999999999,0.983498,0.978181,0.816764,0.653384,0.99964,0.9364879999999999,125.963,48911134.0,5.015,0.9382719999999999,0.9854,0.0027,0.9888,0.0056,0.9847,0.0031,388.29900000000004,1.007276,4947.0,29131.0,1196650.0
9330.0,64959.0,2823910.0,9586.0,65268.0,1417038.0,33.843,53.485,33.844,51.684,632.754,685.586,9.171305,1.0018,0.0,0.014,7084.0,23.75,1.0009,0.0003,0.9876,0.0008,0.9977,0.001,0.9866,0.0009,0.9977,0.0003,0.9991,0.0006,0.9976,0.0004,0.095,0.9973,0.0004,0.9985,0.0009,0.9971,0.0005,0.997961,0.772494,0.999379,0.997868,0.993549,0.779655,0.999999,0.998579,65.65899999999999,41545793.0,5.015,0.0005110000000000001,632.754,1.0018,1.0018,0.0,0.0,9569.0,65207.0,1412254.0,2.0,1.0,1.0,1.0,1.0,1.0,11841.0,4.119,0.2777,0.0032,0.3994,0.0108,0.2633,0.0034,23.79,0.5017,0.0003,0.8857,0.0041,0.9939,0.0027,0.8687,0.0047,0.7748,0.0014,0.918017,0.509289,0.98136,0.975887,0.813048,0.6540630000000001,0.999551,0.935327,165.187,113249661.0,5.015,0.938272,0.9933,0.0012,1.0,0.0,0.9918,0.0015,685.586,1.007276,9330.0,64959.0,2823910.0
5765.0,34358.0,1445416.0,9614.0,38183.0,727555.0,19.112000000000002,42.348,19.165,22.875,451.30400000000003,450.81800000000004,9.171305,0.9995,0.0002,0.013000000000000001,8345.0,23.75,0.9978,0.0004,0.9853,0.0012,0.9973,0.0015,0.9842,0.0013,0.9971,0.0005,1.0,0.0,0.9968,0.0006,0.076,0.9974,0.0006,0.9990000000000001,0.001,0.9972,0.0006,0.9980180000000001,0.758833,0.9991909999999999,0.998086,0.994318,0.765252,0.9999979999999999,0.9986659999999999,52.162,23540914.0,5.015,0.0005110000000000001,451.30400000000003,0.9991,0.9991,0.0002,0.0002,9619.0,38268.0,725448.0,2.0,1.0,1.0,1.0,1.0,1.0,11842.0,3.2060000000000004,0.2821,0.0045,0.4394,0.0153,0.263,0.0047,23.79,0.5015,0.0004,0.89,0.0056,1.0,0.0,0.8707,0.0065,0.7751,0.0019,0.918409,0.507171,0.983367,0.9762360000000001,0.814805,0.648381,0.999605,0.934882,129.46200000000002,58363629.0,5.015,0.9382719999999999,0.9908,0.002,0.9978,0.0022,0.9891,0.0024,450.81800000000004,1.007276,5765.0,34358.0,1445416.0
8837.0,62103.0,2687110.0,9194.0,62420.0,1346036.0,35.283,54.229,35.285,51.53100000000001,650.62,648.616,9.171305,0.9998,0.0002,0.014,6821.0,23.75,0.9993,0.0003,0.9872,0.0008,0.9981,0.001,0.9862,0.0009,0.9982,0.0003,0.9995,0.0005,0.9981,0.0003,0.096,0.998,0.0004,0.9989,0.0008,0.9978,0.0004,0.997923,0.7733720000000001,0.998802,0.998076,0.993708,0.780705,0.999998,0.99862,66.745,43425728.0,5.015,0.0005110000000000001,650.62,0.9995,0.9995,0.0003,0.0003,9196.0,62466.0,1343806.0,2.0,1.0,1.0,1.0,1.0,1.0,11843.0,4.143,0.2812,0.0033,0.4382,0.0113,0.2624,0.0035,23.79,0.5008,0.0003,0.8785,0.0043,0.9907,0.0033,0.8589,0.005,0.7759999999999999,0.0014,0.916776,0.506837,0.980888,0.973395,0.814183,0.651986,0.999492,0.935333,165.673,107458026.0,5.015,0.938272,0.9889,0.0016,0.9939,0.0027,0.9877,0.0019,648.616,1.007276,8837.0,62103.0,2687110.0
11094.0,67874.0,2853924.0,13405.0,70258.0,1435242.0,37.81,44.185,37.842,34.957,855.7280000000003,851.695,9.171305,1.0009,0.0,0.013000000000000001,10795.0,23.75,1.0008,0.0003,0.9872,0.0008,0.9965,0.0012,0.9863,0.0009,0.9973,0.0004,0.9991,0.0006,0.9972,0.0004,0.08,0.9971,0.0004,0.9966,0.0013,0.9971,0.0005,0.9978610000000001,0.764388,0.999049,0.998352,0.993281,0.771563,0.9999979999999999,0.9984649999999999,54.655,46769712.0,5.015,0.0005110000000000001,855.7280000000003,1.0008,1.0008,0.0,0.0,13393.0,70204.0,1428738.0,2.0,1.0,1.0,1.0,1.0,1.0,11844.0,3.3510000000000004,0.2861,0.0032,0.4273,0.0107,0.2687,0.0034,23.79,0.5023,0.0003,0.8884,0.004,0.9967,0.0019,0.8698,0.0046,0.7777,0.0013,0.919759,0.5113,0.982367,0.9757790000000001,0.8180810000000001,0.6520100000000001,0.9995729999999999,0.936694,135.51,115413638.0,5.015,0.9382719999999999,0.9916,0.0014,0.9966,0.002,0.9904,0.0016,851.695,1.007276,11094.0,67874.0,2853924.0
6212.0,11122.0,4235870.0,9094.0,14001.0,1411963.0,28.217,47.543,28.247,32.007,593.51,591.507,9.171305,0.9981,0.0005,0.011,8776.0,31.645,0.9973,0.0002,0.9881,0.0026,1.0,0.0,0.9857,0.0032,0.9928,0.0021,1.0,0.0,0.9914,0.0025,0.019,0.9985,0.0011,0.996,0.004,0.9991,0.0009,0.998004,0.7568239999999999,0.999439,0.997812,0.994357,0.763217,0.999999,0.998664,34.509,20481502.0,3.738,0.0005110000000000001,593.51,0.997,0.997,0.0005,0.0005,9111.0,14039.0,1413630.0,3.0,1.0,1.0,1.0,1.0,1.0,11847.0,7.1610000000000005,0.2585,0.0037,0.3271,0.0286,0.2571,0.0037,18.125,0.3329,0.0002,0.8602,0.0054,1.0,0.0,0.8571,0.0055,0.7513,0.0015,0.894611,0.457698,0.977099,0.970941,0.785462,0.614218,0.999335,0.917235,234.373,138633519.0,6.265,0.938272,0.9822,0.0028,1.0,0.0,0.9815,0.0029,591.507,1.007276,6212.0,11122.0,4235870.0
4461.0,9334.0,4244362.0,4435.0,9287.0,1408668.0,11.365,64.52199999999999,11.365,64.52199999999999,176.143,418.92900000000003,9.171305,0.9942,0.0011,0.011000000000000001,4147.0,31.645,0.995,0.0002,0.9902,0.0024,0.9958,0.0042,0.9892,0.0028,0.9938,0.0019,1.0,0.0,0.9928,0.0023,0.022000000000000002,0.9976,0.0014,1.0,0.0,0.9971,0.0017,0.997591,0.755137,1.0,0.997175,0.992713,0.762835,1.0,0.9982719999999999,46.783,8240444.0,3.738,0.0005110000000000001,176.143,0.9933,0.9933,0.0013,0.0013,4461.0,9334.0,1414787.0,3.0,1.0,1.0,1.0,1.0,1.0,11848.0,10.131,0.2588,0.0038,0.2882,0.0299,0.2583,0.0038,18.125,0.3319,0.0002,0.8608,0.0055,0.9851,0.0148,0.8587,0.0055,0.7545,0.0015,0.893763,0.456975,0.9744709999999999,0.969981,0.7873979999999999,0.613996,0.9992340000000001,0.9179350000000001,320.601,134309218.0,6.265,0.9382719999999999,0.9804,0.003,1.0,0.0,0.9798,0.0031,418.92900000000003,1.007276,4461.0,9334.0,4244362.0
7878.0,16024.0,7229630.0,8040.0,16182.0,1450274.0,46.913,63.282,46.914,62.107,741.322,739.318,9.171305,1.0004,0.0,0.011,7538.0,31.645,0.9999,0.0001,0.9866,0.0022,1.0,0.0,0.9845,0.0026,0.9936,0.0015,1.0,0.0,0.9924,0.0018,0.022,0.9976,0.0011,0.9973,0.0027,0.9977,0.0012,0.998127,0.758821,0.999662,0.998626,0.993772,0.764886,1.0,0.998536,46.155,34215767.0,3.738,0.0005110000000000001,741.322,1.0014,1.0014,0.0,0.0,8037.0,16184.0,1445984.0,5.0,1.0,1.0,1.0,1.0,1.0,11849.0,9.779,0.2569,0.0037,0.3434,0.0239,0.2542,0.0037,18.125,0.2006,0.0001,0.8562,0.0054,1.0,0.0,0.8513,0.0056,0.7543,0.0015,0.895651,0.461916,0.976171,0.96988,0.786537,0.620297,0.999282,0.918947,309.456,228786308.0,6.265,0.938272,0.9846,0.0026,0.993,0.006999999999999999,0.984,0.0028,739.318,1.007276,7878.0,16024.0,7229630.0
6352.0,12594.0,5396797.0,8082.0,14336.0,1085661.0,35.051,58.784,35.084,36.004,596.266,596.266,9.171305,1.0004,0.0,0.011000000000000001,7669.0,31.645,0.8746,0.0002,0.9887,0.0023,0.9972,0.0028,0.987,0.0027,0.9943,0.0016,1.0,0.0,0.9932,0.002,0.021,0.9975,0.0012,0.9967,0.0033,0.9977,0.0013,0.997474,0.7528630000000001,0.999569,0.999143,0.9907520000000001,0.7608699999999999,1.0,0.9977889999999999,43.102,25700269.0,3.738,0.0005110000000000001,596.266,0.8283,0.8283,0.0033,0.0033,8079.0,16392.0,1079894.0,5.0,1.0,1.0,1.0,1.0,1.0,11850.0,9.051,0.2522,0.0042,0.3689,0.0266,0.2484,0.0043,18.125,0.2011,0.0002,0.8583,0.0063,1.0,0.0,0.8527,0.0065,0.7486,0.0017,0.894825,0.45913000000000004,0.976692,0.969981,0.786095,0.61651,0.9993,0.9179700000000001,287.637,171507885.0,6.265,0.9382719999999999,0.9817,0.0034,1.0,0.0,0.9804,0.0036,596.266,1.007276,6352.0,12594.0,5396797.0
3525.0,7513.0,3408199.0,3416.0,7286.0,1101271.0,22.076,66.892,22.076,66.892,330.027,330.027,9.171305,0.9691,0.0029,0.011,3188.0,31.645,0.9698,0.0003,0.9912,0.0026,1.0,0.0,0.9897,0.0031,0.9936,0.0023,1.0,0.0,0.9925,0.0027,0.023,1.0,0.0,1.0,0.0,1.0,0.0,0.996247,0.7383069999999999,0.999271,0.998608,0.987198,0.749471,0.999999,0.996793,48.355,15958475.0,3.738,0.0005110000000000001,330.027,0.9693,0.9693,0.003,0.003,3525.0,7513.0,1136066.0,3.0,1.0,1.0,1.0,1.0,1.0,11859.0,10.327,0.248,0.0043,0.3547,0.0365,0.2461,0.0043,18.125,0.3231,0.0003,0.8385,0.0067,1.0,0.0,0.8351,0.0068,0.7529,0.0017,0.8946959999999999,0.46004,0.975632,0.968496,0.787492,0.618252,0.999232,0.918876,326.148,107637532.0,6.265,0.938272,0.9798,0.0036,1.0,0.0,0.9789,0.0038,330.027,1.007276,3525.0,7513.0,3408199.0
9633.0,18238.0,7520774.0,11871.0,20474.0,1512382.0,49.058,53.691,49.08,43.262,913.704,909.698,9.171305,1.0001,0.0,0.011000000000000001,11302.0,31.645,0.9993,0.0001,0.99,0.0018,0.998,0.002,0.9883,0.0022,0.9965,0.0011,1.0,0.0,0.9958,0.0013,0.02,0.9969,0.0012,1.0,0.0,0.9962,0.0014,0.9975569999999999,0.741495,0.99872,0.9987219999999999,0.992873,0.748731,0.9999979999999999,0.998209,39.257,35869426.0,3.738,0.0005110000000000001,913.704,0.9997,0.9997,0.0002,0.0002,11870.0,20488.0,1504969.0,5.0,1.0,1.0,1.0,1.0,1.0,11860.0,8.267000000000001,0.2475,0.0036,0.3282,0.022000000000000002,0.2448,0.0036,18.125,0.201,0.0001,0.8539,0.0055,1.0,0.0,0.8487,0.0056,0.752,0.0014,0.898084,0.4653890000000001,0.976082,0.971542,0.7908649999999999,0.620534,0.9993190000000001,0.92064,264.79,240878941.0,6.265,0.9382719999999999,0.9806,0.0029,1.0,0.0,0.9793,0.0031,909.698,1.007276,9633.0,18238.0,7520774.0
4679.0,9637.0,4471388.0,6870.0,11842.0,898990.0,28.95300000000001,65.866,28.969,43.903,439.57,439.57,9.171305,0.9994,0.0003,0.011,6573.0,31.645,1.0,0.0002,0.9893,0.0025,1.0,0.0,0.988,0.0029,0.994,0.0019,1.0,0.0,0.9929,0.0022,0.022,0.9969,0.0015,1.0,0.0,0.9963,0.0018,0.99756,0.73857,1.0,0.998326,0.992104,0.745697,1.0,0.997992,48.239,21204421.0,3.738,0.0005110000000000001,439.57,0.9993,0.9993,0.0003,0.0003,6874.0,11842.0,894796.0,5.0,1.0,1.0,1.0,1.0,1.0,11861.0,10.172,0.2461,0.0047,0.3882,0.0317,0.2421,0.0047,18.125,0.2009,0.0002,0.8431,0.0073,0.9892,0.0107,0.8374,0.0075,0.7547,0.0019,0.89333,0.456032,0.974718,0.971508,0.784388,0.613958,0.99928,0.916765,321.375,141266721.0,6.265,0.938272,0.9807,0.0038,0.9897,0.0103,0.9799,0.0041,439.57,1.007276,4679.0,9637.0,4471388.0
3038.0,5354.0,2018635.0,3848.0,6165.0,404940.0,13.446,46.543,13.466,36.277,288.901,288.901,9.171305,0.9974,0.0008,0.011000000000000001,3689.0,31.645,0.9966,0.0003,0.9871,0.0041,1.0,0.0,0.9843,0.0049,0.9897,0.0036,0.9928,0.0072,0.9890000000000001,0.0041,0.019,0.9951,0.0028,0.975,0.0143,1.0,0.0,0.997663,0.7663989999999999,0.9988520000000001,0.995392,0.995475,0.7743359999999999,0.9999950000000001,0.9989790000000001,34.696,10023623.0,3.738,0.0005110000000000001,288.901,0.9965,0.9965,0.0009,0.0009,3858.0,6186.0,404254.0,5.0,1.0,1.0,1.0,1.0,1.0,11863.0,6.987,0.2544,0.0068,0.3281,0.0415,0.2518,0.0069,18.125,0.2003,0.0003,0.8655,0.0099,1.0,0.0,0.8605,0.0102,0.7435,0.0028,0.868816,0.434144,0.9776360000000001,0.901566,0.7887529999999999,0.624479,0.997799,0.9206719999999999,229.31799999999998,66250088.0,6.265,0.9382719999999999,0.9885,0.0043,1.0,0.0,0.9877,0.0046,288.901,1.007276,3038.0,5354.0,2018635.0
5163.0,9747.0,4097362.0,7636.0,12233.0,823883.0,26.695,54.114,26.713,36.189,493.317,489.315,9.171305,0.9995,0.0003,0.011,7352.0,31.645,0.9989,0.0002,0.9875,0.0029,1.0,0.0,0.9851,0.0035,0.9937,0.0021,1.0,0.0,0.9925,0.0025,0.02,0.9973,0.0016,0.9948,0.0052,0.9978,0.0016,0.996376,0.712882,0.998793,0.998786,0.989415,0.722256,0.999999,0.99706,39.85,19658463.0,3.738,0.0005110000000000001,493.317,0.9992,0.9992,0.0003,0.0003,7640.0,12247.0,820186.0,5.0,1.0,1.0,1.0,1.0,1.0,11864.0,8.374,0.2549,0.0049,0.3393,0.0316,0.2524,0.005,18.125,0.2009,0.0002,0.8461,0.0074,1.0,0.0,0.841,0.0076,0.7504,0.002,0.8841540000000001,0.44712,0.976595,0.941566,0.79199,0.613959,0.998632,0.9197,267.786,131031386.0,6.265,0.938272,0.98,0.0041,1.0,0.0,0.9787,0.0044,489.315,1.007276,5163.0,9747.0,4097362.0
5272.0,10801.0,4908313.0,5582.0,11103.0,983700.0,31.557,63.94600000000001,31.559,60.044,493.491,493.491,9.171305,0.9982,0.0006,0.011000000000000001,5228.0,31.645,0.9984,0.0002,0.9872,0.0027,0.9968,0.0032,0.9858,0.0031,0.9949,0.0017,0.9968,0.0032,0.9945,0.0019,0.022000000000000002,0.9956,0.0018,0.9886,0.0065,0.9973,0.0016,0.997634,0.744251,0.998984,0.997984,0.993561,0.751351,0.9999979999999999,0.9983989999999999,46.523,22958478.0,3.738,0.0005110000000000001,493.491,0.9982,0.9982,0.0006,0.0006,5592.0,11121.0,981741.0,5.0,1.0,1.0,1.0,1.0,1.0,11865.0,9.946,0.2528,0.0045,0.3624,0.0278,0.2491,0.0045,18.125,0.2004,0.0002,0.8545,0.0067,1.0,0.0,0.8486,0.006999999999999999,0.755,0.0018,0.8960100000000001,0.46107200000000004,0.9749540000000001,0.9722799999999999,0.788037,0.617229,0.9993059999999999,0.918867,311.863,153901437.0,6.265,0.9382719999999999,0.9861,0.0031,0.99,0.0099,0.9858,0.0032,493.491,1.007276,5272.0,10801.0,4908313.0
2787.0,5886.0,2800906.0,2772.0,5841.0,558215.0,6.555,69.227,6.555,69.227,94.683,259.71,9.171305,0.9946,0.0014,0.011,2572.0,31.645,0.9924,0.0002,0.9871,0.0036,1.0,0.0,0.9845,0.0043,0.993,0.0026,0.994,0.0059,0.9928,0.0029,0.023,1.0,0.0,1.0,0.0,1.0,0.0,0.997157,0.7470060000000001,1.0,0.998268,0.990126,0.755764,1.0,0.997588,50.301,4762676.0,3.738,0.0005110000000000001,94.683,0.9938,0.9938,0.0015,0.0015,2787.0,5886.0,560181.0,5.0,1.0,1.0,1.0,1.0,1.0,11866.0,10.785,0.2632,0.0061,0.3091,0.036000000000000004,0.2617,0.0062,18.125,0.1993,0.0002,0.8515,0.0088,1.0,0.0,0.8467,0.0091,0.7575,0.0024,0.8972319999999999,0.464373,0.976019,0.972275,0.787343,0.621521,0.999335,0.919514,336.436,87375953.0,6.265,0.938272,0.9844,0.0043,1.0,0.0,0.9835,0.0045,259.71,1.007276,2787.0,5886.0,2800906.0
9655.0,19527.0,8997550.0,10665.0,20545.0,1806075.0,57.95399999999999,63.87600000000001,57.971000000000004,57.417,907.29,907.295,9.171305,0.9993,0.0003,0.011000000000000001,10058.0,31.645,0.9993,0.0001,0.9904,0.0017,1.0,0.0,0.9889,0.002,0.9922,0.0015,0.9981,0.0019,0.991,0.0018,0.022000000000000002,0.9988,0.0007,1.0,0.0,0.9986,0.0008,0.9970600000000001,0.732337,0.999439,0.99889,0.9903629999999999,0.7407,0.999999,0.997501,46.714,42383262.0,3.738,0.0005110000000000001,907.29,0.9997,0.9997,0.0002,0.0002,10673.0,20560.0,1799873.0,5.0,1.0,1.0,1.0,1.0,1.0,11867.0,9.917,0.2546,0.0033,0.3233,0.021,0.2525,0.0034,18.125,0.2007,0.0001,0.8602,0.0049,0.9938,0.0062,0.8559,0.005,0.7535,0.0013,0.8946540000000001,0.4582520000000001,0.975799,0.9715459999999999,0.785746,0.615175,0.9993110000000001,0.91755,311.363,282497986.0,6.265,0.9382719999999999,0.9797,0.0027,0.9873,0.0089,0.9792,0.0028,907.295,1.007276,9655.0,19527.0,8997550.0
7882.0,16717.0,7961443.0,7892.0,16731.0,1598048.0,50.916,69.29899999999999,50.916,69.29899999999999,734.727,736.7280000000003,9.171305,1.0013,0.0,0.011,7353.0,31.645,1.0008,0.0001,0.9881,0.002,0.9979,0.0021,0.9862,0.0023,0.9922,0.0016,1.0,0.0,0.9906,0.0019,0.023,0.9973,0.0011,0.9976,0.0024,0.9973,0.0012,0.997391,0.760554,0.99909,0.998199,0.991466,0.769184,0.999998,0.99803,50.524,37121077.0,3.738,0.0005110000000000001,734.727,1.0016,1.0016,0.0,0.0,7882.0,16717.0,1592289.0,5.0,1.0,1.0,1.0,1.0,1.0,11868.0,10.806,0.2559,0.0036,0.3671,0.0229,0.2526,0.0036,18.125,0.2007,0.0001,0.8544,0.0053,1.0,0.0,0.8489,0.0055,0.753,0.0014,0.893904,0.4553680000000001,0.975886,0.970967,0.787316,0.6103930000000001,0.9993,0.917137,336.972,248256183.0,6.265,0.938272,0.9845,0.0026,1.0,0.0,0.9834,0.0028,736.7280000000003,1.007276,7882.0,16717.0,7961443.0
10724.0,22400.0,10616948.0,11038.0,22713.0,2128530.0,68.085,67.46600000000001,68.087,65.64,1009.179,1005.092,9.171305,0.9993,0.0003,0.011000000000000001,10332.0,31.645,0.9995,0.0001,0.9906,0.0015,0.9951,0.0028,0.9897,0.0018,0.9949,0.0011,1.0,0.0,0.9939,0.0014,0.022000000000000002,0.9983,0.0007,0.9963,0.0026,0.9988,0.0007,0.9969870000000001,0.742451,0.9993,0.9981469999999999,0.990481,0.751504,0.999999,0.997634,49.453,49906629.0,3.738,0.0005110000000000001,1009.179,0.9996,0.9996,0.0002,0.0002,11046.0,22724.0,2123705.0,5.0,1.0,1.0,1.0,1.0,1.0,11870.0,10.562999999999999,0.2545,0.0031,0.3104,0.0194,0.2528,0.0031,18.125,0.2005,0.0001,0.8572,0.0045,0.9943,0.0056,0.853,0.0046,0.7521,0.0012,0.89525,0.45991400000000004,0.975659,0.9696620000000001,0.78877,0.616322,0.9992620000000001,0.918956,329.18199999999996,330857619.0,6.265,0.9382719999999999,0.9783,0.0026,1.0,0.0,0.977,0.0028,1005.092,1.007276,10724.0,22400.0,10616948.0
9631.0,19843.0,9099746.0,10561.0,20772.0,1823636.0,54.975,64.28399999999999,54.993,57.916,855.192,904.481,9.171305,0.9991,0.0003,0.011,9945.0,31.645,0.9989,0.0001,0.9894,0.0018,0.9981,0.0019,0.9878,0.002,0.9915,0.0016,0.9981,0.0019,0.9902,0.0018,0.022,0.9981,0.0008,1.0,0.0,0.9977,0.001,0.997043,0.740216,0.99946,0.998665,0.990131,0.748999,0.999999,0.997523,47.31800000000001,40465761.0,3.738,0.0005110000000000001,855.192,0.999,0.999,0.0003,0.0003,10571.0,20794.0,1820255.0,5.0,1.0,1.0,1.0,1.0,1.0,11871.0,10.061,0.2541,0.0033,0.3294,0.0208,0.2518,0.0034,18.125,0.2004,0.0001,0.8629,0.0048,1.0,0.0,0.8583,0.005,0.7534,0.0013,0.896043,0.4608140000000001,0.976931,0.971999,0.7862779999999999,0.617192,0.999354,0.918185,314.323,284299134.0,6.265,0.938272,0.9815,0.0026,0.9937,0.0063,0.9807,0.0027,904.481,1.007276,9631.0,19843.0,9099746.0
9815.0,20147.0,9243429.0,11375.0,21715.0,1854871.0,59.428000000000004,64.583,59.44,55.306999999999995,920.185,918.18,9.171305,1.0001,0.0,0.011000000000000001,10708.0,31.645,0.9998,0.0001,0.9895,0.0018,0.9965,0.0025,0.9881,0.0021,0.9904,0.0017,0.9965,0.0025,0.9892,0.002,0.022000000000000002,0.9969,0.0011,0.9979,0.0021,0.9966,0.0013,0.9966299999999999,0.726426,0.999475,0.998965,0.9888370000000001,0.735773,0.999999,0.99705,47.346000000000004,43566992.0,3.738,0.0005110000000000001,920.185,0.9998,0.9998,0.0001,0.0001,11374.0,21720.0,1849062.0,5.0,1.0,1.0,1.0,1.0,1.0,11872.0,10.067,0.2543,0.0033,0.3021,0.0199,0.2526,0.0033,18.125,0.2006,0.0001,0.8518,0.0049,0.9938,0.0062,0.8472,0.0051,0.7545,0.0013,0.895072,0.460261,0.9755940000000001,0.970709,0.7860050000000001,0.61833,0.9992850000000001,0.918325,314.306,288589491.0,6.265,0.9382719999999999,0.9836,0.0024,1.0,0.0,0.9826,0.0025,918.18,1.007276,9815.0,20147.0,9243429.0
8965.0,17995.0,7996953.0,10459.0,19451.0,1599656.0,51.657,61.153,51.674,51.92100000000001,844.715,842.704,9.171305,0.9977,0.0005,0.011,9890.0,31.645,0.9963,0.0001,0.989,0.0019,0.9979,0.0021,0.9873,0.0023,0.9935,0.0015,1.0,0.0,0.9922,0.0018,0.021,0.9995,0.0005,1.0,0.0,0.9994,0.0006,0.99757,0.744218,0.999381,0.997605,0.99328,0.751517,0.999999,0.99833,44.996,38008699.0,3.738,0.0005110000000000001,844.715,0.9968,0.9968,0.0005,0.0005,10483.0,19524.0,1599976.0,5.0,1.0,1.0,1.0,1.0,1.0,11873.0,9.49,0.2553,0.0035,0.3481,0.0224,0.2525,0.0036,18.125,0.2,0.0001,0.8529,0.0052,0.9937,0.0063,0.848,0.0054,0.7523,0.0014,0.8949309999999999,0.46087,0.974798,0.970229,0.786075,0.619907,0.99925,0.918688,297.532,250731719.0,6.265,0.938272,0.9791,0.0029,0.9863,0.0096,0.9786,0.003,842.704,1.007276,8965.0,17995.0,7996953.0
8685.0,17373.0,7708943.0,11793.0,20480.0,1544869.0,49.68,60.684,49.703,43.995,818.659,814.65,9.171305,0.9975,0.0005,0.011000000000000001,11235.0,31.645,0.997,0.0001,0.9931,0.0015,0.9959,0.0029,0.9925,0.0018,0.9927,0.0016,0.9959,0.0029,0.9921,0.0018,0.021,0.9973,0.0011,0.9976,0.0024,0.9973,0.0012,0.9966659999999999,0.7350260000000001,0.9993709999999999,0.997495,0.990137,0.744681,0.9999979999999999,0.997482,44.632,36538330.0,3.738,0.0005110000000000001,818.659,0.9972,0.9972,0.0004,0.0004,11823.0,20541.0,1542620.0,5.0,1.0,1.0,1.0,1.0,1.0,11874.0,9.463,0.2553,0.0036,0.3255,0.0217,0.253,0.0036,18.125,0.2003,0.0001,0.8515,0.0054,0.987,0.0091,0.8466,0.0055,0.7513,0.0014,0.894099,0.45745699999999995,0.975721,0.9706520000000001,0.785644,0.6148020000000001,0.999287,0.917431,296.224,241319005.0,6.265,0.9382719999999999,0.9766,0.0031,1.0,0.0,0.9751,0.0034,814.65,1.007276,8685.0,17373.0,7708943.0
15061.0,30995.0,14413047.0,18820.0,34780.0,130648.0,92.731,65.99600000000001,92.766,52.045,1405.0970000000002,1405.0970000000002,9.171305,0.9999,0.0001,0.011,17762.0,31.645,0.9999,0.0,0.9908,0.0013,0.9967,0.0019,0.9896,0.0015,0.9925,0.0012,0.9989,0.0011,0.9912,0.0014,0.022,0.9968,0.0009,0.9974,0.0018,0.9967,0.001,0.996807,0.737795,0.9988,0.997078,0.991571,0.7471439999999999,0.999996,0.997869,48.273,67828333.0,3.738,0.0005110000000000001,1405.0970000000002,1.0,1.0,0.0,0.0,18821.0,34782.0,111771.0,129.0,1.0,1.0,1.0,1.0,1.0,11875.0,10.258,0.2783,0.0104,0.3112,0.0159,0.2512,0.0137,18.125,0.0091,0.0,0.9232,0.0113,0.9962,0.0038,0.8576,0.0203,0.7822,0.0048,0.913396,0.5046,0.978862,0.973764,0.801262,0.66069,0.999445,0.932566,319.173,448468635.0,6.265,0.938272,0.9847,0.0062,0.988,0.0069,0.9787,0.0122,1405.0970000000002,1.007276,15061.0,30995.0,14413047.0
14670.0,30015.0,13505408.0,19250.0,34628.0,124047.0,87.115,63.255,87.15899999999998,47.452,1377.194,1377.194,9.171305,1.0,0.0,0.011000000000000001,18304.0,31.645,0.9999,0.0,0.9894,0.0014,0.9988,0.0012,0.9878,0.0017,0.9936,0.0011,1.0,0.0,0.9924,0.0013,0.022000000000000002,0.9977,0.0008,0.9971,0.002,0.9978,0.0008,0.9965940000000001,0.735858,0.9989379999999999,0.9980889999999999,0.98964,0.7457779999999999,0.9999979999999999,0.997366,46.449,63969849.0,3.738,0.0005110000000000001,1377.194,1.0,1.0,0.0,0.0,19250.0,34630.0,104746.0,129.0,1.0,1.0,1.0,1.0,1.0,11876.0,9.806000000000001,0.2799,0.0106,0.3321,0.0169,0.2385,0.0135,18.125,0.0092,0.0,0.9193,0.0117,0.9962,0.0038,0.8475,0.0214,0.7725,0.005,0.9120870000000001,0.494907,0.9758129999999999,0.975806,0.810879,0.640969,0.9994149999999999,0.9321,306.278,421804725.0,6.265,0.9382719999999999,0.9975,0.0025,1.0,0.0,0.9933,0.0067,1377.194,1.007276,14670.0,30015.0,13505408.0
18291.0,38062.0,17555467.0,19952.0,39732.0,156146.0,112.876,65.945,112.896,60.107,1711.671,1711.671,9.171305,1.0001,0.0,0.011,18720.0,31.645,1.0,0.0,0.989,0.0013,0.9962,0.0019,0.9876,0.0015,0.9911,0.0012,0.9981,0.0013,0.9897,0.0014,0.022,0.9973,0.0007,0.9978,0.0015,0.9972,0.0008,0.997345,0.743958,0.998774,0.998214,0.992361,0.751949,0.999998,0.998105,48.26300000000001,82610416.0,3.738,0.0005110000000000001,1711.671,1.0001,1.0001,0.0,0.0,19951.0,39731.0,136113.0,129.0,1.0,1.0,1.0,1.0,1.0,11877.0,10.255999999999998,0.2951,0.0096,0.3444,0.0151,0.254,0.0123,18.125,0.0089,0.0,0.9126,0.0104,0.9971,0.0029,0.8377,0.0189,0.7838,0.0043,0.918152,0.51469,0.977463,0.973022,0.815239,0.6638,0.999392,0.937883,318.918,545882268.0,6.265,0.938272,0.9902,0.0044,0.9941,0.0042,0.982,0.0103,1711.671,1.007276,18291.0,38062.0,17555467.0
20567.0,42025.0,19180247.0,23224.0,44706.0,172008.0,123.529,64.117,123.56,56.333999999999996,1926.6070000000002,1926.6070000000002,9.171305,1.0,0.0,0.011000000000000001,21857.0,31.645,1.0,0.0,0.9906,0.0011,0.9983,0.0012,0.9891,0.0013,0.9937,0.0009,1.0,0.0,0.9924,0.0011,0.022000000000000002,0.9976,0.0007,0.9979,0.0014,0.9975,0.0007,0.996973,0.732496,0.9993549999999999,0.9982030000000001,0.9907950000000001,0.74111,0.999999,0.997617,47.027,90602247.0,3.738,0.0005110000000000001,1926.6070000000002,1.0,1.0,0.0,0.0,23225.0,44705.0,148719.0,129.0,1.0,1.0,1.0,1.0,1.0,11878.0,9.955,0.2871,0.009000000000000001,0.3254,0.0139,0.2557,0.0117,18.125,0.009000000000000001,0.0,0.925,0.0094,0.9892,0.0053,0.8665,0.0168,0.7763,0.0042,0.9175770000000001,0.5120439999999999,0.9784229999999999,0.975181,0.811659,0.661183,0.9994639999999999,0.9361870000000001,310.512,598235582.0,6.265,0.9382719999999999,0.9914,0.0038,0.9971,0.0029,0.9831,0.0084,1926.6070000000002,1.007276,20567.0,42025.0,19180247.0
18773.0,25385.0,3100877.0,20252.0,26878.0,44170.0,69.574,37.011,69.594,34.311,1879.832,1879.832,9.171305,1.0,0.0,0.01,20212.0,31.645,1.0,0.0001,0.9817,0.0031,1.0,0.0,0.9815,0.0032,0.9668,0.0042,1.0,0.0,0.9664,0.0042,0.014,0.9986,0.001,1.0,0.0,0.9986,0.001,0.997146,0.744368,0.99919,1.0,0.989269,0.753052,1.0,0.99735,11.039,20750968.0,3.738,0.0005110000000000001,1879.832,0.9999,0.9999,0.0,0.0,20253.0,26879.0,24054.0,129.0,1.0,1.0,1.0,1.0,1.0,11879.0,1.65,0.2868,0.023,0.2,0.0894,0.2916,0.0237,18.125,0.0142,0.0001,0.925,0.024,1.0,0.0,0.9304,0.0237,0.7667,0.0101,0.934381,0.546303,0.989862,0.982873,0.8292139999999999,0.677165,0.999826,0.944864,70.137,131845820.0,6.265,0.938272,1.0,0.0,1.0,0.0,1.0,0.0,1879.832,1.007276,18773.0,25385.0,3100877.0
23037.0,184327.0,8466381.0,24991.0,186311.0,281816.0,109.383,68.442,109.402,60.99,1598.1779999999999,1598.1779999999999,9.171305,1.0001,0.0,0.013999999999999999,17877.0,23.75,1.0001,0.0001,0.9865,0.0005,0.9976,0.0006,0.9853,0.0005,0.9973,0.0002,0.9968,0.0007,0.9973,0.0002,0.115,0.9974,0.0002,0.9985,0.0005,0.9972,0.0003,0.997641,0.759007,0.999035,0.99755,0.993361,0.766696,0.9999979999999999,0.998451,84.33,134774688.0,5.015,0.0005110000000000001,1598.1779999999999,1.0001,1.0001,0.0,0.0,24988.0,186301.0,256636.0,33.0,1.0,1.0,1.0,1.0,1.0,11880.0,5.297999999999999,0.3688,0.0051,0.4235,0.0065,0.266,0.008,23.8,0.0333,0.0001,0.9601,0.0033,0.9939,0.0016,0.8713,0.0109,0.8309,0.0025,0.953783,0.613512,0.9893299999999999,0.9832770000000001,0.8618120000000001,0.731801,0.999822,0.962938,205.078,327750511.0,5.015,0.13957,0.9927,0.0016,0.9941,0.0016,0.9873,0.0045,1598.1779999999999,1.007276,23037.0,184327.0,8466381.0
24219.0,190004.0,8637620.0,27442.0,193289.0,289374.0,111.74,66.623,111.779,55.881,1677.187,1677.187,9.171305,1.0,0.0,0.014,19935.0,23.75,1.0001,0.0001,0.9862,0.0005,0.9972,0.0006,0.9849,0.0005,0.9975,0.0002,0.9983,0.0005,0.9974,0.0002,0.113,0.9979,0.0002,0.9988,0.0005,0.9978,0.0002,0.997753,0.76189,0.99903,0.99781,0.99347,0.7693270000000001,0.999998,0.998494,82.38600000000002,138177466.0,5.015,0.0005110000000000001,1677.187,1.0001,1.0001,0.0,0.0,27441.0,193273.0,261895.0,33.0,1.0,1.0,1.0,1.0,1.0,11881.0,5.15,0.3784,0.0051,0.4279,0.0063,0.2761,0.0081,23.8,0.0335,0.0001,0.9593,0.0033,0.994,0.0015,0.8649,0.011,0.8291,0.0025,0.954976,0.618781,0.985909,0.985321,0.8653360000000001,0.736101,0.999793,0.964462,199.625,334808459.0,5.015,0.13957,0.9937,0.0014,0.9956,0.0013,0.9859,0.0047,1677.187,1.007276,24219.0,190004.0,8637620.0
7575.0,20148.0,634220.0,9613.0,22208.0,28620.0,24.641,32.832,24.669,25.829,750.508,750.508,9.171305,1.0,0.0,0.01,9518.0,23.75,0.9999,0.0003,0.9348,0.0035,0.9859,0.013999999999999999,0.934,0.0035,0.9979,0.0007,1.0,0.0,0.9978,0.0007,0.027000000000000003,0.9984,0.0007,1.0,0.0,0.9984,0.0007,0.9980459999999999,0.761508,0.999307,0.999333,0.9929629999999999,0.76795,1.0,0.998367,16.005,12012004.0,5.015,0.0005110000000000001,750.508,1.0,1.0,0.0,0.0,9613.0,22210.0,19301.0,33.0,1.0,1.0,1.0,1.0,1.0,11882.0,0.845,0.4033,0.0221,0.5,0.0635,0.3879,0.0236,23.8,0.0449,0.0003,0.9565,0.0142,1.0,0.0,0.9486,0.0167,0.8286,0.0095,0.962992,0.647069,0.987261,0.9851989999999999,0.8853049999999999,0.7514529999999999,0.999811,0.971493,39.564,29693457.0,5.015,0.13957,0.9916,0.0059,1.0,0.0,0.9902,0.0069,750.508,1.007276,7575.0,20148.0,634220.0
2804.0,16277.0,250071.0,3505.0,10309.0,11038.0,5.274,60.328,5.29,33.544000000000004,87.415,93.748,5.9848040000000005,1.0,0.0,0.03,1572.0,28.285,0.6065,0.0004,0.9934,0.0013,0.9983,0.001,0.9896,0.0021,0.9976,0.0008,0.9989,0.0008,0.9967,0.0012,0.174,0.9983,0.0007,0.9988,0.0008,0.9979,0.0011,0.998556,0.809581,0.998719,0.998411,0.99508,0.815924,0.999998,0.999094,53.692,4693499.0,3.4,0.0005110000000000001,87.415,0.9318,0.9318,0.0047,0.0047,3505.0,8498.0,7609.0,33.0,1.0,1.0,2.0,1.0,1.0,13054.0,2.667,0.7208,0.0099,0.7367,0.0104,0.6087,0.0307,28.28,0.044,0.0004,0.9933,0.0021,0.994,0.0021,0.9872,0.009000000000000001,0.972,0.0035,0.99168,0.833333,0.991955,0.983713,0.9545,0.894709,0.999869,0.995209,98.695,9252529.0,3.4,0.938272,0.9943,0.002,0.9941,0.0022,1.0,0.0,93.748,1.007276,2804.0,16277.0,250071.0
44773.0,262041.0,4097926.0,49424.0,158228.0,172726.0,86.31700000000002,63.548,86.42299999999999,47.435,1358.3020000000001,1360.3970000000004,5.9848040000000005,1.0001,0.0,0.033,18155.0,28.285,0.593,0.0001,0.9941,0.0003,0.9978,0.0003,0.9912,0.0005,0.9975,0.0002,0.9982,0.0002,0.9969,0.0003,0.193,0.9976,0.0002,0.9978,0.0003,0.9975,0.0003,0.9983780000000001,0.817348,0.998951,0.997941,0.993924,0.8249059999999999,0.9999979999999999,0.998936,56.382,76583235.0,3.4,0.0005110000000000001,1358.3020000000001,0.9969,0.9969,0.0004,0.0004,49421.0,133421.0,124390.0,33.0,1.0,1.0,2.0,1.0,1.0,13055.0,3.012,0.7190000000000001,0.0025,0.7289,0.0026,0.6484,0.0075,28.28,0.0421,0.0001,0.9938,0.0005,0.9944,0.0005,0.9892,0.002,0.9751,0.0008,0.990935,0.826672,0.9893120000000001,0.984266,0.953623,0.890249,0.9998319999999999,0.9949100000000001,105.541,143577258.0,3.4,0.9382719999999999,0.9967,0.0004,0.9966,0.0004,0.9973,0.0008,1360.3970000000004,1.007276,44773.0,262041.0,4097926.0
62583.0,367726.0,5761670.0,68251.0,220822.0,241698.0,121.303,63.812,121.438,49.18600000000001,1900.944,1907.803,5.9848040000000005,1.0001,0.0,0.033,24608.0,28.285,0.5911,0.0001,0.9939,0.0003,0.9981,0.0002,0.9908,0.0004,0.9969,0.0002,0.9979,0.0002,0.9961,0.0003,0.193,0.9977,0.0002,0.9979,0.0002,0.9976,0.0002,0.99832,0.815774,0.998873,0.998067,0.993619,0.8235309999999999,0.999998,0.998874,56.848,108065129.0,3.4,0.0005110000000000001,1900.944,0.9977,0.9977,0.0003,0.0003,68243.0,186790.0,174850.0,33.0,1.0,1.0,2.0,1.0,1.0,13056.0,3.02,0.7190000000000001,0.0021,0.7289,0.0022,0.6507,0.0062,28.28,0.0419,0.0001,0.9937,0.0004,0.9943,0.0004,0.9884,0.0017,0.9752,0.0007,0.991059,0.8271430000000001,0.990587,0.984286,0.953101,0.8900790000000001,0.999852,0.994845,105.627,201515345.0,3.4,0.938272,0.9966,0.0003,0.9965,0.0004,0.9971,0.0007,1907.803,1.007276,62583.0,367726.0,5761670.0
6627.0,30382.0,582879.0,6627.0,18525.0,24076.0,24.663,38.637,24.663,38.637,638.3290000000002,643.501,5.9848040000000005,1.0,0.0,0.01,6361.0,28.285,0.6097,0.0003,0.9684,0.0025,0.9862,0.0079,0.9676,0.0026,0.9899,0.0014,1.0,0.0,0.9895,0.0015,0.047,0.9961,0.001,1.0,0.0,0.9959,0.001,0.998015,0.76727,0.999286,0.9993,0.992657,0.77404,1.0,0.998341,14.899000000000001,9510735.0,3.4,0.0005110000000000001,638.3290000000002,0.9919,0.9919,0.0011,0.0011,6627.0,15191.0,17663.0,33.0,1.0,1.0,2.0,1.0,1.0,13057.0,0.9059999999999999,0.6751,0.0107,0.6804,0.0315,0.6741,0.0113,28.28,0.0413,0.0003,0.9931,0.0023,0.9933,0.0066,0.9931,0.0024,0.9753,0.0029,0.988417,0.7677039999999999,0.9923569999999999,0.9834229999999999,0.9648,0.815358,0.999873,0.993501,29.175,18774059.0,3.4,0.9382719999999999,0.9968,0.0014,0.9925,0.0074,0.9972,0.0014,643.501,1.007276,6627.0,30382.0,582879.0
42056.0,256851.0,4451816.0,45520.0,153104.0,179576.0,90.158,62.945,90.238,50.652,1432.339,1441.071,5.9848040000000005,1.0,0.0,0.029,17755.0,29.17,0.5879,0.0001,0.9836,0.0005,0.9936,0.0005,0.9769,0.0008,0.9969,0.0002,0.998,0.0003,0.9961,0.0003,0.17800000000000002,0.9979,0.0002,0.998,0.0003,0.9978,0.0003,0.998353,0.807029,0.999028,0.998075,0.994097,0.814179,0.999998,0.998903,52.83,75670958.0,3.2710000000000004,0.0005110000000000001,1432.339,0.9955,0.9955,0.0005,0.0005,45519.0,130212.0,135051.0,33.0,1.0,1.0,2.0,1.0,1.0,13058.0,3.089,0.6928,0.0027,0.7011,0.0029,0.6426,0.0074,27.495,0.0403,0.0001,0.9941,0.0005,0.9953,0.0005,0.9859,0.0022,0.9697,0.0009,0.989834,0.818713,0.988895,0.982714,0.949023,0.887724,0.999808,0.994276,110.387,159075592.0,3.4930000000000003,0.938272,0.9964,0.0004,0.9964,0.0005,0.9964,0.001,1441.071,1.007276,42056.0,256851.0,4451816.0
3413.0,20635.0,361342.0,3681.0,12299.0,14585.0,7.318,61.073,7.324,49.924,119.823,128.054,5.9848040000000005,1.0003,0.0,0.027000000000000003,1463.0,29.17,0.5882,0.0003,0.982,0.0018,0.9928,0.0018,0.975,0.0028,0.9973,0.0007,0.9990000000000001,0.0007,0.9962,0.0011,0.161,0.9977,0.0007,0.9969,0.0013,0.9984,0.0008,0.9982059999999999,0.801175,0.998282,0.99851,0.9939040000000001,0.8086800000000001,0.9999969999999999,0.998834,50.852,6093233.0,3.2710000000000004,0.0005110000000000001,119.823,0.9276,0.9276,0.006,0.006,3680.0,10456.0,10962.0,33.0,1.0,1.0,2.0,1.0,1.0,13060.0,2.822,0.6921,0.0094,0.7090000000000001,0.01,0.5983,0.0258,27.495,0.0403,0.0003,0.997,0.0013,0.9986,0.001,0.9863,0.0079,0.9707,0.0032,0.9891,0.812024,0.9918549999999999,0.98172,0.943109,0.884243,0.999851,0.9934139999999999,107.68700000000001,13789795.0,3.4930000000000003,0.9382719999999999,0.9975,0.0012,0.997,0.0015,1.0,0.0,128.054,1.007276,3413.0,20635.0,361342.0
57507.0,344192.0,5956557.0,67435.0,210928.0,246888.0,120.702,59.93899999999999,120.943,40.218,2013.737,2018.551,5.9848040000000005,1.0001,0.0,0.028,29969.0,29.17,0.5951,0.0001,0.9834,0.0004,0.9929,0.0004,0.9771,0.0007,0.9974,0.0002,0.9981,0.0002,0.9969,0.0002,0.171,0.9975,0.0002,0.9973,0.0003,0.9977,0.0002,0.998633,0.8121659999999999,0.999298,0.998253,0.994972,0.8182729999999999,0.999999,0.999086,50.39100000000001,101473740.0,3.2710000000000004,0.0005110000000000001,2013.737,0.9977,0.9977,0.0002,0.0002,67431.0,177223.0,180954.0,33.0,1.0,1.0,2.0,1.0,1.0,13061.0,2.951,0.6829999999999999,0.0023,0.6937,0.0025,0.6184,0.0064,27.495,0.0413,0.0001,0.9943,0.0005,0.9952,0.0004,0.9887,0.0018,0.9706,0.0008,0.99057,0.825858,0.988084,0.982967,0.952431,0.892768,0.999797,0.994899,105.232,212415968.0,3.4930000000000003,0.938272,0.9961,0.0004,0.9963,0.0004,0.995,0.001,2018.551,1.007276,57507.0,344192.0,5956557.0
7584.0,33035.0,660785.0,7824.0,20624.0,27640.0,28.021,38.265,28.028000000000002,37.056999999999995,732.2739999999999,737.437,5.9848040000000005,1.0,0.0,0.01,7537.0,29.17,0.6196,0.0002,0.9643,0.0025,0.9558,0.0137,0.9647,0.0026,0.9892,0.0014,1.0,0.0,0.9887,0.0015,0.045,0.9956,0.001,0.9946,0.0054,0.9957,0.001,0.997506,0.76074,0.998511,0.9993629999999999,0.991376,0.768993,0.999999,0.998008,13.933,10203092.0,3.2710000000000004,0.0005110000000000001,732.2739999999999,0.9931,0.9931,0.0009,0.0009,7824.0,16642.0,20034.0,33.0,1.0,1.0,2.0,1.0,1.0,13062.0,0.8959999999999999,0.6699,0.0106,0.6606,0.0319,0.6711,0.0112,27.495,0.0418,0.0002,0.9962,0.0017,1.0,0.0,0.9957,0.0019,0.971,0.003,0.9826879999999999,0.7538779999999999,0.9900639999999999,0.9708979999999999,0.947235,0.8279540000000001,0.999711,0.990922,30.377,22401352.0,3.4930000000000003,0.9382719999999999,0.9968,0.0014,1.0,0.0,0.9965,0.0016,737.437,1.007276,7584.0,33035.0,660785.0
11248.0,49446.0,986338.0,12166.0,31251.0,120538.0,41.776,38.19,41.797,35.296,1093.898,1096.927,5.9848040000000005,0.9999,0.0001,0.01,11799.0,29.17,0.6203,0.0003,0.9928,0.001,1.0,0.0,0.9925,0.001,0.9891,0.0012,0.9966,0.0034,0.9888,0.0012,0.045,0.9986,0.0005,0.9917,0.0059,0.9988,0.0004,0.997413,0.755369,0.999466,0.99836,0.99127,0.763681,0.999999,0.997937,13.915,15222125.0,3.2710000000000004,0.0005110000000000001,1093.898,0.9953,0.9953,0.0006,0.0006,12167.0,25188.0,109741.0,9.0,1.0,1.0,2.0,1.0,1.0,13128.0,0.899,0.6768,0.0047,0.7,0.026,0.6761,0.0047,27.505,0.122,0.0003,0.993,0.001,0.9954,0.0046,0.993,0.001,0.9655,0.0014,0.98698,0.774195,0.990794,0.979661,0.957182,0.833291,0.999813,0.992862,30.404,33350962.0,3.4930000000000003,0.938272,0.9976,0.0005,1.0,0.0,0.9975,0.0006,1096.927,1.007276,11248.0,49446.0,986338.0
7779.0,58942.0,2864308.0,9982.0,35598.0,54080.0,36.074,59.895,36.118,43.869,602.2869999999998,602.2869999999998,9.876908,1.0,0.0,0.013000000000000001,8204.0,23.05,0.5818,0.0001,0.978,0.0015,0.9947,0.0019,0.9746,0.0018,0.9972,0.0006,0.9973,0.0013,0.9971,0.0006,0.098,0.9974,0.0006,0.997,0.0015,0.9975,0.0007,0.99745,0.762505,0.999292,0.997751,0.9918809999999999,0.771025,0.9999979999999999,0.998141,79.684,47992741.0,5.3660000000000005,0.0005110000000000001,602.2869999999998,0.9906,0.9906,0.0009,0.0009,9982.0,30591.0,44113.0,65.0,1.0,1.0,2.0,1.0,1.0,13164.0,4.756,0.4,0.0118,0.4165,0.0132,0.3259,0.0264,23.05,0.0189,0.0001,0.9438,0.0085,0.9932,0.0034,0.7357,0.0373,0.8395,0.0057,0.975094,0.7281770000000001,0.9794579999999999,0.9758129999999999,0.91009,0.837144,0.999503,0.985358,158.04,95185193.0,5.4220000000000015,0.9382719999999999,0.9951,0.0028,0.9964,0.0026,0.9844,0.0155,602.2869999999998,1.007276,7779.0,58942.0,2864308.0
31183.0,243992.0,11887146.0,43179.0,149737.0,226227.0,149.578,62.599,149.798,41.688,2389.478,2389.478,9.876908,1.0,0.0,0.013,35806.0,23.05,0.5845,0.0,0.9783,0.0008,0.9963,0.0008,0.9747,0.0009,0.9975,0.0003,0.9974,0.0006,0.9976,0.0003,0.102,0.9977,0.0003,0.998,0.0006,0.9976,0.0003,0.996864,0.759504,0.998426,0.997421,0.990626,0.769885,0.999996,0.997843,83.41,199305767.0,5.3660000000000005,0.0005110000000000001,2389.478,0.9976,0.9976,0.0002,0.0002,43179.0,128089.0,183108.0,65.0,1.0,1.0,2.0,1.0,1.0,13165.0,4.975,0.4013,0.0058,0.4135,0.0065,0.3473,0.0134,23.05,0.019,0.0,0.9439,0.0042,0.9922,0.0018,0.7453,0.018000000000000002,0.8397,0.0029,0.975675,0.732558,0.980864,0.979011,0.900591,0.847068,0.999598,0.984797,165.144,394607508.0,5.4220000000000015,0.938272,0.9904,0.0019,0.9933,0.0017,0.9656,0.0113,2389.478,1.007276,31183.0,243992.0,11887146.0
38315.0,304486.0,14916719.0,49468.0,182668.0,279125.0,187.64700000000002,64.431,187.842,46.596000000000004,2912.39,2912.39,9.876908,1.0001,0.0,0.013000000000000001,40170.0,23.05,0.5784,0.0,0.9783,0.0007,0.9955,0.0008,0.9748,0.0008,0.9974,0.0002,0.9982,0.0005,0.9972,0.0003,0.105,0.9979,0.0002,0.998,0.0005,0.9978,0.0003,0.9970110000000001,0.7654529999999999,0.9988809999999999,0.997382,0.9905079999999999,0.775684,0.9999969999999999,0.997871,85.947,250311293.0,5.3660000000000005,0.0005110000000000001,2912.39,0.9975,0.9975,0.0002,0.0002,49465.0,157900.0,229690.0,65.0,1.0,1.0,2.0,1.0,1.0,13166.0,5.122000000000001,0.4019,0.0052,0.4143,0.0057,0.344,0.0119,23.05,0.0187,0.0,0.9454,0.0037,0.9928,0.0015,0.7462,0.0161,0.8432,0.0025,0.975774,0.73283,0.9833879999999999,0.979866,0.89397,0.8507239999999999,0.9996659999999999,0.9841719999999999,169.93099999999995,494906343.0,5.4220000000000015,0.9382719999999999,0.9944,0.0013,0.9965,0.0011,0.9783,0.0076,2912.39,1.007276,38315.0,304486.0,14916719.0
18807.0,151275.0,7412258.0,22974.0,89325.0,137094.0,93.225,65.199,93.306,50.499,1429.8570000000002,1431.85,9.876908,1.0001,0.0,0.013,18415.0,23.05,0.5744,0.0,0.9802,0.0009,0.9961,0.001,0.977,0.0011,0.9967,0.0004,0.9964,0.001,0.9968,0.0004,0.106,0.9974,0.0004,0.9974,0.0009,0.9974,0.0004,0.997008,0.761482,0.998951,0.997338,0.990706,0.7714850000000001,0.999997,0.997876,86.91,124268421.0,5.3660000000000005,0.0005110000000000001,1429.8570000000002,0.996,0.996,0.0004,0.0004,22972.0,77757.0,114120.0,65.0,1.0,1.0,2.0,1.0,1.0,13167.0,5.1770000000000005,0.3962,0.0073,0.4156,0.0081,0.3106,0.016,23.05,0.0185,0.0,0.9464,0.0052,0.9935,0.0021,0.7429,0.0234,0.8383,0.0036,0.975899,0.730495,0.984749,0.978904,0.901561,0.8405370000000001,0.999678,0.984303,171.938,246189912.0,5.4220000000000015,0.938272,0.9937,0.002,0.9958,0.0017,0.9745,0.0126,1431.85,1.007276,18807.0,151275.0,7412258.0
21729.0,63965.0,2123051.0,22810.0,65054.0,146467.0,82.251,38.101,82.274,36.29,2158.75,2160.788,9.876908,1.0,0.0,0.01,22594.0,23.05,0.9999,0.0002,0.8998,0.0024,0.9932,0.0068,0.8989,0.0025,0.9988,0.0003,1.0,0.0,0.9988,0.0003,0.03,0.9975,0.0005,1.0,0.0,0.9975,0.0005,0.997566,0.760484,0.999492,0.999294,0.990726,0.7685350000000001,1.0,0.9978530000000001,19.847,42844990.0,5.3660000000000005,0.0005110000000000001,2158.75,0.9976,0.9976,0.0003,0.0003,22809.0,65060.0,124966.0,17.0,1.0,1.0,1.0,1.0,1.0,13169.0,0.983,0.3833,0.0113,0.3582,0.0414,0.3855,0.0117,23.05,0.0689,0.0002,0.8674,0.0118,1.0,0.0,0.8592,0.0125,0.8135,0.0042,0.961309,0.666794,0.9778,0.971245,0.8774549999999999,0.800181,0.9993620000000001,0.975513,40.119,86687811.0,5.4220000000000015,0.9382719999999999,0.9948,0.0026,1.0,0.0,0.9945,0.0028,2160.788,1.007276,21729.0,63965.0,2123051.0
23147.0,880404.0,381615.0,23150.0,36426.0,34099.0,9.549,68.259,9.549,68.259,139.898,139.898,7.93757,1.0001,0.0,0.165,1394.0,15.46,0.0414,0.0005,0.9966,0.0004,0.9974,0.0004,0.9935,0.0011,0.9941,0.0005,0.9942,0.0005,0.9935,0.0011,6.2929999999999975,0.9969,0.0004,0.9966,0.0004,0.9983,0.0006,0.998882,0.8939799999999999,0.998296,0.995791,0.99457,0.9042,0.999993,0.99948,179.06599999999997,25051028.0,6.079,0.0005110000000000001,139.898,1.0,1.0,0.0,0.0,23147.0,13545.0,11564.0,33.0,1.0,1.0,65.0,1.0,1.0,14570.0,2.728,0.5991,0.0036,0.6014,0.0036,0.5434,0.0181,37.93,0.0894,0.0005,0.9944,0.0007,0.9955,0.0006,0.9672,0.0086,0.9938,0.0006,0.995055,0.8366049999999999,0.993733,0.990715,0.980425,0.8667370000000001,0.999942,0.997391,57.405,8030901.0,2.634,0.938272,0.9968,0.0006,0.9967,0.0006,1.0,0.0,139.898,1.007276,23147.0,880404.0,381615.0
47186.0,1816653.0,784087.0,47336.0,74713.0,69736.0,19.701,67.564,19.704,64.314,291.587,291.587,7.93757,1.0001,0.0,0.162,3049.0,15.46,0.0411,0.0003,0.9965,0.0003,0.9975,0.0003,0.993,0.0008,0.9934,0.0004,0.9936,0.0004,0.9927,0.0008,6.23,0.9971,0.0003,0.9971,0.0003,0.9969,0.0006,0.9989129999999999,0.8924770000000001,0.997474,0.996,0.9957229999999999,0.9021889999999999,0.9999899999999999,0.999582,177.857,51860762.0,6.079,0.0005110000000000001,291.587,0.9986,0.9986,0.0007,0.0007,47333.0,27951.0,23766.0,33.0,1.0,1.0,65.0,1.0,1.0,14571.0,2.6889999999999996,0.5972,0.0025,0.5991,0.0025,0.5531,0.0124,37.93,0.0889,0.0003,0.9947,0.0005,0.9952,0.0005,0.9824,0.0044,0.9941,0.0004,0.9947229999999999,0.831066,0.9941139999999999,0.9907790000000001,0.9788129999999999,0.862031,0.9999459999999999,0.997077,56.952,16606503.0,2.634,0.9382719999999999,0.9976,0.0003,0.9976,0.0004,0.9989,0.0011,291.587,1.007276,47186.0,1816653.0,784087.0
549772.0,21200287.0,9145815.0,551613.0,870934.0,812948.0,229.76,67.125,229.793,63.769,3422.884,3422.884,7.93757,1.0001,0.0,0.161,35903.0,15.46,0.0411,0.0001,0.9972,0.0001,0.9979,0.0001,0.9946,0.0002,0.9942,0.0001,0.9942,0.0001,0.9944,0.0002,6.194,0.9969,0.0001,0.997,0.0001,0.9968,0.0002,0.998938,0.8926149999999999,0.997733,0.996077,0.995638,0.9021,0.999991,0.999573,177.328,606973496.0,6.079,0.0005110000000000001,3422.884,0.9998,0.9998,0.0001,0.0001,551573.0,326187.0,277209.0,33.0,1.0,1.0,65.0,1.0,1.0,14572.0,2.672,0.5967,0.0007,0.5984,0.0007,0.5556,0.0037,37.93,0.0889,0.0001,0.9949,0.0001,0.9955,0.0001,0.9803,0.0014,0.994,0.0001,0.994833,0.8325540000000001,0.9937,0.99075,0.979767,0.863118,0.999942,0.99723,56.645,193887731.0,2.634,0.938272,0.9975,0.0001,0.9975,0.0001,0.998,0.0004,3422.884,1.007276,549772.0,21200287.0,9145815.0
8330.0,607133.0,668930.0,13588.0,48848.0,52527.0,22.058000000000003,38.756,22.154,20.199,569.158,569.158,7.93757,1.0,0.0,0.015,10930.0,15.46,0.0798,0.0003,0.9892,0.0008,0.9952,0.0015,0.9883,0.0009,0.9981,0.0003,0.9971,0.0012,0.9983,0.0003,1.067,0.998,0.0004,0.9995,0.0005,0.9977,0.0004,0.9988540000000001,0.811707,0.999539,0.999042,0.995189,0.81679,1.0,0.9991190000000001,39.734,22615011.0,6.079,0.0005110000000000001,569.158,1.0,1.0,0.0,0.0,13588.0,36028.0,39711.0,17.0,1.0,1.0,17.0,1.0,1.0,14574.0,1.175,0.6004,0.0051,0.6086,0.0113,0.5984,0.0057,37.93,0.0778,0.0003,0.9956,0.0009,0.9956,0.002,0.9956,0.001,0.9891,0.001,0.982642,0.602139,0.9923629999999999,0.9836090000000001,0.977439,0.631123,0.999875,0.9916780000000001,15.725999999999999,8950837.0,2.634,0.9382719999999999,0.997,0.0008,1.0,0.0,0.9963,0.001,569.158,1.007276,8330.0,607133.0,668930.0
10672.0,255917.0,649098.0,16853.0,31316.0,36278.0,16.515,67.08800000000001,16.628,19.194000000000006,246.174,246.174,7.93757,1.0001,0.0,0.043,8633.0,19.875,0.1194,0.0003,0.9938,0.0007,0.998,0.0005,0.9884,0.0014,0.9955,0.0006,0.9955,0.0008,0.9954,0.0009,1.04,0.9968,0.0005,0.9974,0.0006,0.9959,0.001,0.998765,0.84539,0.998383,0.997478,0.995868,0.8524219999999999,0.999996,0.99939,112.023,27577251.0,5.202000000000001,0.0005110000000000001,246.174,1.0,1.0,0.0,0.0,16851.0,15424.0,19889.0,33.0,1.0,1.0,17.0,1.0,1.0,14577.0,2.637,0.496,0.0058,0.4981,0.006,0.4655,0.0232,31.095,0.0553,0.0003,0.9882,0.0018,0.9937,0.0013,0.9114,0.0185,0.975,0.0017,0.994283,0.867761,0.989495,0.983437,0.963354,0.925665,0.999826,0.997276,88.87700000000002,21879265.0,3.4930000000000003,0.938272,0.9968,0.001,0.9965,0.001,1.0,0.0,246.174,1.007276,10672.0,255917.0,649098.0
64898.0,1551113.0,3932382.0,70092.0,157595.0,187530.0,99.77600000000001,66.01899999999999,99.87700000000001,49.201,1511.317,1509.316,7.93757,1.0001,0.0,0.043,20227.0,19.875,0.1012,0.0001,0.9944,0.0003,0.9973,0.0002,0.9905,0.0005,0.9954,0.0002,0.995,0.0003,0.996,0.0003,1.028,0.9977,0.0002,0.998,0.0002,0.9971,0.0003,0.9987790000000001,0.8470219999999999,0.998567,0.9973549999999999,0.995816,0.8540610000000001,0.9999959999999999,0.999389,110.03299999999999,166295423.0,5.202000000000001,0.0005110000000000001,1511.317,0.9999,0.9999,0.0001,0.0001,70087.0,91561.0,119355.0,33.0,1.0,1.0,17.0,1.0,1.0,14578.0,2.605,0.5094,0.0024,0.5105,0.0024,0.4921,0.0095,31.095,0.0476,0.0001,0.9896,0.0007,0.9939,0.0005,0.9275,0.0067,0.9737,0.0007,0.993635,0.860876,0.98846,0.9823850000000001,0.9618700000000001,0.921687,0.9997969999999999,0.997014,87.71600000000002,132390586.0,3.4930000000000003,0.9382719999999999,0.9972,0.0004,0.9974,0.0004,0.996,0.0015,1509.316,1.007276,64898.0,1551113.0,3932382.0
173755.0,4158036.0,10545688.0,177797.0,412528.0,492834.0,267.725,65.925,267.815,59.997,4061.069,4061.07,7.93757,1.0001,0.0,0.043,44484.0,19.875,0.0991,0.0001,0.9941,0.0002,0.9973,0.0002,0.9899,0.0003,0.9955,0.0001,0.9948,0.0002,0.9965,0.0002,1.024,0.9976,0.0001,0.9978,0.0001,0.9972,0.0002,0.998703,0.845432,0.998459,0.997392,0.995446,0.852835,0.999996,0.99933,110.057,446947747.0,5.202000000000001,0.0005110000000000001,4061.069,1.0,1.0,0.0,0.0,177780.0,244846.0,319729.0,33.0,1.0,1.0,17.0,1.0,1.0,14579.0,2.597,0.5048,0.0014,0.5071,0.0015,0.4708,0.0057,31.095,0.0467,0.0001,0.9904,0.0004,0.9947,0.0003,0.9273,0.0042,0.9749,0.0004,0.993706,0.862239,0.988108,0.982239,0.962037,0.923452,0.999789,0.997094,87.484,355280434.0,3.4930000000000003,0.938272,0.9978,0.0002,0.9979,0.0002,0.9972,0.0008,4061.07,1.007276,173755.0,4158036.0,10545688.0
9986.0,173814.0,691269.0,10126.0,19709.0,30785.0,35.639,38.948,35.641999999999996,38.361999999999995,915.048,915.048,7.93757,1.0,0.0,0.011000000000000001,9258.0,19.875,0.1133,0.0002,0.9734,0.0024,0.9881,0.0042,0.9709,0.0027,0.9969,0.0008,0.997,0.0021,0.9969,0.0009,0.19,0.9989,0.0005,0.9983,0.0017,0.9990000000000001,0.0006,0.998851,0.78428,0.999726,0.999732,0.9951180000000001,0.788556,1.0,0.9989680000000001,25.624000000000002,23446800.0,5.202000000000001,0.0005110000000000001,915.048,0.9999,0.9999,0.0001,0.0001,10126.0,10233.0,20952.0,33.0,1.0,1.0,17.0,1.0,1.0,14580.0,0.755,0.5108,0.0103,0.4726,0.0203,0.5238,0.0119,31.095,0.0445,0.0002,0.9854,0.0034,0.993,0.0049,0.983,0.0042,0.9670000000000001,0.003,0.9829979999999999,0.760914,0.9834709999999999,0.964183,0.959362,0.836435,0.999408,0.993353,22.70300000000001,20774292.0,3.4930000000000003,0.9382719999999999,0.9985,0.001,0.9928,0.0051,1.0,0.0,915.048,1.007276,9986.0,173814.0,691269.0
9563.0,33519.0,791906.0,9886.0,33852.0,166407.0,36.595,38.926,36.605,37.65,940.129,940.129,7.93757,1.0002,0.0,0.01,9692.0,25.26,0.9999,0.0005,0.9765,0.0016,0.9924,0.0076,0.9763,0.0016,0.9914,0.001,1.0,0.0,0.9912,0.001,0.036000000000000004,0.9974,0.0006,1.0,0.0,0.9974,0.0006,0.99754,0.7579279999999999,0.999034,0.998789,0.991711,0.765929,0.999999,0.99806,17.445,16400430.0,4.388,0.0005110000000000001,940.129,1.0003,1.0003,0.0,0.0,9884.0,33854.0,158477.0,5.0,1.0,1.0,1.0,1.0,1.0,14582.0,0.8420000000000001,0.4584,0.0066,0.5152,0.0435,0.4572,0.0067,25.26,0.21,0.0005,0.958,0.0038,1.0,0.0,0.957,0.0039,0.8955,0.0025,0.974607,0.732959,0.97992,0.957298,0.921729,0.847692,0.999143,0.988079,33.46,31456655.0,4.388,0.938272,0.9951,0.0012,1.0,0.0,0.995,0.0012,940.129,1.007276,9563.0,33519.0,791906.0
29806.0,232693.0,6492932.0,31051.0,233951.0,227822.0,112.77,67.12899999999999,112.796,62.511,1679.908,1679.908,7.93757,1.0001,0.0,0.018000000000000002,17985.0,25.26,1.0,0.0001,0.9916,0.0003,0.9988,0.0003,0.9903,0.0004,0.9964,0.0002,0.9953,0.0006,0.9966,0.0002,0.139,0.9972,0.0002,0.9981,0.0004,0.997,0.0003,0.9973,0.756069,0.998923,0.9978389999999999,0.9918239999999999,0.764777,0.9999979999999999,0.998077,75.286,126473570.0,4.388,0.0005110000000000001,1679.908,1.0002,1.0002,0.0,0.0,31047.0,233956.0,196805.0,33.0,1.0,1.0,1.0,1.0,1.0,14584.0,3.865,0.4489,0.0042,0.4578,0.0047,0.4042,0.0101,25.26,0.0351,0.0001,0.9695,0.0021,0.9956,0.0009,0.8485,0.0107,0.902,0.0019,0.977612,0.751641,0.981625,0.9634280000000001,0.9115700000000001,0.871877,0.9993280000000001,0.98867,137.80100000000002,231492897.0,4.388,0.9382719999999999,0.9965,0.0008,0.9964,0.0009,0.9964,0.0018,1679.908,1.007276,29806.0,232693.0,6492932.0
51579.0,398593.0,11142229.0,57613.0,404708.0,395139.0,193.732,65.361,193.848,54.345,2964.016,2962.009,7.93757,1.0001,0.0,0.017,35551.0,25.26,1.0,0.0001,0.9912,0.0003,0.9984,0.0003,0.9899,0.0003,0.9967,0.0002,0.9973,0.0004,0.9965,0.0002,0.135,0.9973,0.0002,0.998,0.0003,0.9971,0.0002,0.997388,0.758663,0.998943,0.997776,0.992126,0.767199,0.999998,0.998167,73.60300000000002,218159805.0,4.388,0.0005110000000000001,2964.016,1.0002,1.0002,0.0,0.0,57605.0,404717.0,337872.0,33.0,1.0,1.0,1.0,1.0,1.0,14585.0,3.762,0.4516,0.0032,0.4579,0.0036,0.4214,0.0076,25.26,0.0354,0.0001,0.9709,0.0016,0.995,0.0007,0.8663,0.0075,0.8979,0.0015,0.977716,0.750313,0.982007,0.966285,0.911891,0.867122,0.999393,0.988292,134.32299999999998,397866293.0,4.388,0.938272,0.9972,0.0005,0.9975,0.0005,0.9955,0.0015,2962.009,1.007276,51579.0,398593.0,11142229.0
55815.0,429098.0,11959144.0,59504.0,432852.0,421964.0,208.06099999999998,65.535,208.149,58.731,3174.828,3174.828,7.93757,1.0001,0.0,0.018000000000000002,35322.0,25.26,0.9999,0.0001,0.9912,0.0003,0.9982,0.0003,0.9899,0.0003,0.9962,0.0002,0.9963,0.0004,0.9962,0.0002,0.135,0.9973,0.0002,0.9976,0.0003,0.9973,0.0002,0.99746,0.75898,0.99884,0.99782,0.9924870000000001,0.7672859999999999,0.9999969999999999,0.998252,73.817,234357712.0,4.388,0.0005110000000000001,3174.828,1.0001,1.0001,0.0,0.0,59500.0,432879.0,362564.0,33.0,1.0,1.0,1.0,1.0,1.0,14586.0,3.767,0.4507,0.0031,0.4599,0.0034,0.4075,0.0073,25.26,0.0353,0.0001,0.9696,0.0016,0.9935,0.0008,0.8601,0.0075,0.8973,0.0015,0.977748,0.751203,0.980442,0.966528,0.912665,0.8685799999999999,0.999345,0.9885219999999999,134.588,427295222.0,4.388,0.9382719999999999,0.9967,0.0005,0.997,0.0006,0.9953,0.0015,3174.828,1.007276,55815.0,429098.0,11959144.0
60776.0,469346.0,13067185.0,61926.0,470504.0,457873.0,227.383,65.949,227.415,63.87600000000001,3447.847,3445.845,7.93757,1.0001,0.0,0.018000000000000002,35484.0,25.26,1.0,0.0001,0.9915,0.0002,0.9979,0.0003,0.9902,0.0003,0.9963,0.0002,0.9966,0.0004,0.9962,0.0002,0.136,0.9974,0.0001,0.9976,0.0003,0.9974,0.0002,0.99735,0.758189,0.998903,0.997692,0.992109,0.766828,0.999997,0.99816,74.37899999999998,256448380.0,4.388,0.0005110000000000001,3447.847,1.0001,1.0001,0.0,0.0,61920.0,470522.0,396038.0,33.0,1.0,1.0,1.0,1.0,1.0,14587.0,3.792,0.4501,0.003,0.4608,0.0033,0.3998,0.006999999999999999,25.26,0.035,0.0001,0.9758,0.0013,0.9955,0.0006,0.8812,0.0068,0.9005,0.0014,0.977981,0.753073,0.9808,0.96625,0.911269,0.872008,0.999352,0.988643,135.43200000000002,466678114.0,4.388,0.938272,0.9973,0.0005,0.9982,0.0004,0.9935,0.0017,3445.845,1.007276,60776.0,469346.0,13067185.0
18261.0,42571.0,11409063.0,20261.0,44604.0,195765.0,104.73100000000001,64.425,104.775,57.372,1625.64,1625.64,7.93757,1.0,0.0,0.011000000000000001,18199.0,33.64,1.0,0.0,0.9863,0.0013,0.9989,0.0008,0.9824,0.0017,0.9911,0.0011,0.9968,0.0013,0.9894,0.0013,0.026000000000000002,0.9958,0.0008,0.9969,0.0014,0.9954,0.001,0.996348,0.7445,0.9992790000000001,0.9975139999999999,0.988339,0.755706,0.9999979999999999,0.997151,42.108999999999995,68453684.0,3.283,0.0005110000000000001,1625.64,1.0,1.0,0.0,0.0,20260.0,44603.0,175571.0,65.0,1.0,1.0,1.0,1.0,1.0,14590.0,7.018,0.4104,0.0086,0.4289,0.0116,0.389,0.0129,19.27,0.0172,0.0,0.9096,0.0075,0.991,0.0034,0.8154,0.0149,0.8168,0.0036,0.9347139999999999,0.5877859999999999,0.9694780000000001,0.948865,0.838284,0.76223,0.998439,0.961549,220.798,358937787.0,5.5120000000000005,0.9382719999999999,0.9944,0.0021,0.9986,0.0014,0.9887,0.0046,1625.64,1.007276,18261.0,42571.0,11409063.0
31454.0,74260.0,20096576.0,39507.0,82429.0,348623.0,184.156,65.805,184.318,51.107,2798.515,2798.515,7.93757,1.0,0.0,0.011,35941.0,33.64,0.9999,0.0,0.9867,0.001,0.9969,0.001,0.9837,0.0012,0.9895,0.0009,0.9972,0.0009,0.9873,0.0011,0.027000000000000003,0.9974,0.0005,0.9971,0.001,0.9975,0.0006,0.9968,0.74566,0.999116,0.998581,0.98927,0.755487,0.999999,0.997376,42.64100000000001,119330426.0,3.283,0.0005110000000000001,2798.515,1.0,1.0,0.0,0.0,39507.0,82434.0,309345.0,65.0,1.0,1.0,1.0,1.0,1.0,14592.0,7.181,0.4051,0.0066,0.4307,0.0088,0.3720000000000001,0.0098,19.27,0.0173,0.0,0.9128,0.0057,0.9934,0.0022,0.8141,0.0117,0.8167,0.0027,0.933083,0.583045,0.970844,0.946663,0.836116,0.758736,0.998445,0.960461,225.537,631168443.0,5.5120000000000005,0.938272,0.9933,0.0018,0.9968,0.0016,0.9883,0.0037,2798.515,1.007276,31454.0,74260.0,20096576.0
39972.0,94888.0,25913719.0,40815.0,95755.0,439456.0,237.62,67.006,237.646,65.458,3546.244,3546.244,7.93757,1.0001,0.0,0.011000000000000001,36182.0,33.64,1.0,0.0,0.9856,0.0009,0.9978,0.0007,0.9819,0.0011,0.9909,0.0007,0.9976,0.0008,0.9888,0.0009,0.027000000000000003,0.9974,0.0004,0.9983,0.0007,0.9971,0.0005,0.9964370000000001,0.752317,0.9989879999999999,0.997714,0.98831,0.763733,0.9999979999999999,0.997238,43.746,155132389.0,3.283,0.0005110000000000001,3546.244,1.0001,1.0001,0.0,0.0,40812.0,95752.0,398704.0,65.0,1.0,1.0,1.0,1.0,1.0,14593.0,7.307,0.4046,0.0058,0.4278,0.0078,0.375,0.0086,19.27,0.017,0.0,0.8948,0.0053,0.9909,0.0023,0.7839,0.0105,0.8148,0.0024,0.934834,0.588191,0.968052,0.9500209999999999,0.8390489999999999,0.762253,0.998403,0.961734,229.516,813920125.0,5.5120000000000005,0.9382719999999999,0.9955,0.0013,0.9981,0.0011,0.9915,0.0028,3546.244,1.007276,39972.0,94888.0,25913719.0
30457.0,72573.0,19719223.0,39315.0,81572.0,342624.0,180.686,66.684,180.865,50.265,2709.572,2709.518,7.93757,1.0001,0.0,0.011,35859.0,33.64,1.0,0.0,0.9867,0.001,0.998,0.0008,0.9834,0.0012,0.9905,0.0008,0.998,0.0008,0.9883,0.001,0.027000000000000003,0.9966,0.0006,0.9978,0.0009,0.9962,0.0007,0.996731,0.756578,0.9991,0.997978,0.988954,0.76727,0.999998,0.997429,43.522,117926618.0,3.283,0.0005110000000000001,2709.572,1.0001,1.0001,0.0,0.0,39313.0,81569.0,303546.0,65.0,1.0,1.0,1.0,1.0,1.0,14594.0,7.278,0.4136,0.0066,0.4373,0.009000000000000001,0.3832,0.0097,19.27,0.0174,0.0,0.9031,0.0059,0.994,0.0021,0.8007,0.0115,0.8139,0.0027,0.930157,0.577335,0.97054,0.943396,0.8272229999999999,0.76225,0.998332,0.958922,228.292,618562333.0,5.5120000000000005,0.938272,0.9947,0.0016,0.9967,0.0016,0.9915,0.0032,2709.518,1.007276,30457.0,72573.0,19719223.0
22487.0,53038.0,14469530.0,38555.0,69357.0,261173.0,132.57399999999998,66.279,132.876,36.805,2000.237,1998.217,7.93757,1.0001,0.0,0.011000000000000001,35981.0,33.64,1.0,0.0,0.9857,0.0012,0.9978,0.001,0.982,0.0015,0.9918,0.0009,0.9987,0.0007,0.9897,0.0012,0.027000000000000003,0.9983,0.0005,0.9990000000000001,0.0007,0.9981,0.0006,0.996287,0.752765,0.9991469999999999,0.997944,0.9872120000000001,0.7647390000000001,0.9999979999999999,0.996992,43.373999999999995,86759229.0,3.283,0.0005110000000000001,2000.237,1.0002,1.0002,0.0,0.0,38553.0,69359.0,222912.0,65.0,1.0,1.0,1.0,1.0,1.0,14595.0,7.2410000000000005,0.405,0.0078,0.4199,0.0104,0.3832,0.0118,19.27,0.018000000000000002,0.0,0.909,0.0068,0.9885,0.0034,0.8148,0.0137,0.8156,0.0032,0.933667,0.583969,0.968492,0.9512510000000001,0.835936,0.758273,0.9984639999999999,0.960341,227.12,453835565.0,5.5120000000000005,0.9382719999999999,0.9953,0.0018,0.9977,0.0016,0.9917,0.0037,1998.217,1.007276,22487.0,53038.0,14469530.0
18364.0,43150.0,11719612.0,35761.0,60869.0,216099.0,107.167,65.39399999999999,107.515,31.769,1638.783,1638.783,7.93757,1.0001,0.0,0.011,33728.0,33.64,1.0,0.0,0.9862,0.0013,0.9984,0.0009,0.9826,0.0017,0.9915,0.001,0.9973,0.0012,0.9898,0.0013,0.026,0.9974,0.0006,0.9956,0.0017,0.9981,0.0006,0.995874,0.738639,0.998826,0.997564,0.98714,0.750971,0.999997,0.996798,42.322,69356727.0,3.283,0.0005110000000000001,1638.783,1.0001,1.0001,0.0,0.0,35758.0,60869.0,180659.0,65.0,1.0,1.0,1.0,1.0,1.0,14597.0,7.151,0.4075,0.0086,0.4309,0.0117,0.38,0.0127,19.27,0.0184,0.0,0.9049,0.0076,0.9961,0.0022,0.8009,0.0152,0.8146,0.0035,0.931761,0.5789479999999999,0.969252,0.954587,0.821117,0.762048,0.998604,0.957434,224.331,367629208.0,5.5120000000000005,0.938272,0.9968,0.0016,1.0,0.0,0.9926,0.0037,1638.783,1.007276,18364.0,43150.0,11719612.0
36447.0,85922.0,23380009.0,40686.0,90214.0,400302.0,214.236,66.105,214.32299999999998,58.457,3240.847,3240.847,7.93757,1.0,0.0,0.011000000000000001,36535.0,33.64,1.0,0.0,0.9872,0.0009,0.9989,0.0005,0.9838,0.0011,0.9921,0.0007,0.9978,0.0008,0.9905,0.0009,0.027000000000000003,0.9981,0.0004,0.9972,0.0009,0.9984,0.0004,0.996755,0.756272,0.9991709999999999,0.998735,0.988233,0.766881,0.999999,0.997257,42.711999999999996,138423438.0,3.283,0.0005110000000000001,3240.847,1.0,1.0,0.0,0.0,40687.0,90216.0,359783.0,65.0,1.0,1.0,1.0,1.0,1.0,14598.0,7.213999999999999,0.4187,0.0061,0.4320000000000001,0.0082,0.4036,0.0092,19.27,0.0171,0.0,0.91,0.0052,0.9918,0.0023,0.8186,0.0102,0.8117,0.0025,0.9327110000000001,0.581678,0.969261,0.950155,0.832802,0.758413,0.998468,0.959607,227.132,736100513.0,5.5120000000000005,0.9382719999999999,0.9935,0.0016,0.9986,0.001,0.9861,0.0037,3240.847,1.007276,36447.0,85922.0,23380009.0
19799.0,46266.0,12445588.0,20921.0,47403.0,212319.0,114.198,64.813,114.23,60.944,1761.946,1761.946,7.93757,1.0,0.0,0.011,18680.0,33.64,1.0,0.0,0.9862,0.0013,0.997,0.0012,0.983,0.0016,0.9919,0.001,0.9975,0.0011,0.9902,0.0012,0.026,0.9979,0.0006,0.9977,0.0011,0.998,0.0006,0.997302,0.7515470000000001,0.999128,0.998832,0.990838,0.760047,0.999999,0.997802,42.108,74192170.0,3.283,0.0005110000000000001,1761.946,1.0001,1.0001,0.0,0.0,20920.0,47405.0,191508.0,65.0,1.0,1.0,1.0,1.0,1.0,14599.0,7.064,0.4183,0.0083,0.4448,0.0111,0.3807,0.0124,19.27,0.0171,0.0,0.9062,0.0072,0.9933,0.0027,0.7981,0.0149,0.8143,0.0034,0.932771,0.582471,0.968078,0.949757,0.834038,0.7595649999999999,0.998396,0.960097,222.891,392721260.0,5.5120000000000005,0.938272,0.994,0.0021,0.9963,0.0021,0.9901,0.0044,1761.946,1.007276,19799.0,46266.0,12445588.0
9483.0,14654.0,1195794.0,9790.0,14962.0,28053.0,35.265,37.194,35.271,36.028,948.118,948.118,7.93757,1.0,0.0,0.01,9756.0,33.64,0.9999,0.0001,0.983,0.0039,1.0,0.0,0.9826,0.0039,0.9572,0.006,1.0,0.0,0.9564,0.0061,0.015,0.9988,0.0012,1.0,0.0,0.9988,0.0012,0.996825,0.737217,0.999467,0.998922,0.9891190000000001,0.74653,0.999999,0.997242,10.022,9502292.0,3.283,0.0005110000000000001,948.118,1.0,1.0,0.0,0.0,9790.0,14963.0,18403.0,65.0,1.0,1.0,1.0,1.0,1.0,14600.0,1.261,0.4137,0.0281,0.4545,0.1062,0.4105,0.0291,19.27,0.0235,0.0001,0.9137,0.0238,1.0,0.0,0.907,0.0256,0.8225,0.0106,0.94931,0.6334,0.9701489999999999,0.951535,0.8674950000000001,0.790948,0.998553,0.9723,51.528999999999996,48855367.0,5.5120000000000005,0.9382719999999999,1.0,0.0,1.0,0.0,1.0,0.0,948.118,1.007276,9483.0,14654.0,1195794.0
26374.0,150817.0,5907419.0,41048.0,166071.0,388443.0,74.28399999999998,32.445,74.604,19.837,2289.522,2289.512,10.546755,1.0001,0.0,0.012,37480.0,21.655,1.0,0.0001,0.9803,0.0007,0.9973,0.001,0.979,0.0008,0.9973,0.0003,0.9926,0.0016,0.9977,0.0003,0.066,0.9959,0.0004,0.9969,0.0011,0.9958,0.0004,0.99772,0.789666,0.999061,0.99834,0.991347,0.798632,0.999998,0.998258,48.048,110007150.0,5.877999999999999,0.0005110000000000001,2289.522,1.0001,1.0001,0.0,0.0,41045.0,166075.0,349447.0,17.0,1.0,1.0,1.0,1.0,1.0,14986.0,2.58,0.3832,0.0067,0.4244,0.0095,0.3398,0.0093,23.11,0.0654,0.0001,0.8707,0.0069,0.9931,0.0024,0.7487,0.0127,0.7815,0.0026,0.928332,0.549146,0.982415,0.962078,0.82931,0.7005939999999999,0.999333,0.948894,92.637,212094123.0,5.53,0.938272,0.9888,0.0026,0.9927,0.0026,0.9804,0.0061,2289.512,1.007276,26374.0,150817.0,5907419.0
29517.0,177738.0,7054243.0,45943.0,194606.0,460395.0,88.493,34.898,88.743,21.226,2535.7729999999997,2533.772,10.546755000000001,1.0001,0.0,0.012,41666.0,21.655,1.0,0.0001,0.9799,0.0007,0.9968,0.001,0.9785,0.0007,0.997,0.0003,0.9948,0.0012,0.9972,0.0003,0.07,0.9956,0.0004,0.9955,0.0012,0.9956,0.0004,0.997868,0.793712,0.999207,0.997842,0.992245,0.802281,0.9999979999999999,0.998467,51.683,131055659.0,5.877999999999999,0.0005110000000000001,2535.7729999999997,1.0001,1.0001,0.0,0.0,45939.0,194611.0,416679.0,17.0,1.0,1.0,1.0,1.0,1.0,14987.0,2.784,0.3905,0.0061,0.4343,0.0087,0.3455,0.0084,23.11,0.065,0.0001,0.8739,0.0062,0.9944,0.002,0.7559999999999999,0.0113,0.7876,0.0024,0.927271,0.5449649999999999,0.9817940000000001,0.959206,0.8346620000000001,0.693308,0.999257,0.949292,99.625,252426733.0,5.53,0.9382719999999999,0.9959,0.0015,0.9985,0.0011,0.99,0.0041,2533.772,1.007276,29517.0,177738.0,7054243.0
33998.0,210234.0,8352485.0,40581.0,217157.0,531240.0,104.768,36.06,104.975,29.424,2905.386,2907.397,10.546755,1.0,0.0,0.012,35554.0,21.655,1.0,0.0001,0.9811,0.0006,0.9966,0.0009,0.9798,0.0006,0.9974,0.0002,0.9959,0.001,0.9975,0.0002,0.07200000000000001,0.9971,0.0003,0.9981,0.0007,0.997,0.0003,0.997763,0.787339,0.998937,0.997899,0.992276,0.795985,0.999998,0.998424,53.607,155747696.0,5.877999999999999,0.0005110000000000001,2905.386,1.0,1.0,0.0,0.0,40581.0,217161.0,492461.0,17.0,1.0,1.0,1.0,1.0,1.0,14988.0,2.873,0.3807,0.0056,0.4221,0.0079,0.3374,0.0077,23.11,0.0635,0.0001,0.8757,0.0057,0.9957,0.0016,0.7584,0.0105,0.7881,0.0022,0.926711,0.542034,0.982757,0.958439,0.83555,0.6887220000000001,0.999283,0.94881,102.712,298625460.0,5.53,0.938272,0.9951,0.0015,0.9961,0.0016,0.993,0.0031,2907.397,1.007276,33998.0,210234.0,8352485.0
13238.0,80687.0,3204237.0,36856.0,104698.0,225304.0,40.191,35.754,40.431999999999995,11.572000000000001,1124.109,1124.109,10.546755000000001,1.0,0.0,0.012,34820.0,21.655,0.9999,0.0001,0.9808,0.0009,0.9977,0.0012,0.9793,0.001,0.9971,0.0004,0.9971,0.0013,0.9972,0.0004,0.07200000000000001,0.9961,0.0005,1.0,0.0,0.9957,0.0005,0.997886,0.790035,0.99846,0.998158,0.992978,0.79832,0.9999969999999999,0.998584,52.937,59507031.0,5.877999999999999,0.0005110000000000001,1124.109,1.0001,1.0001,0.0,0.0,36855.0,104704.0,190414.0,17.0,1.0,1.0,1.0,1.0,1.0,14989.0,2.85,0.3843,0.009000000000000001,0.4178,0.0124,0.3452,0.0129,23.11,0.0696,0.0001,0.8793,0.0091,0.9940000000000001,0.003,0.7553,0.0173,0.7922,0.0035,0.928875,0.5533140000000001,0.9819969999999999,0.959312,0.830283,0.7074159999999999,0.999267,0.9503440000000001,101.756,114385172.0,5.53,0.9382719999999999,0.9908,0.0033,0.995,0.0029,0.981,0.0084,1124.109,1.007276,13238.0,80687.0,3204237.0
37570.0,239709.0,9638877.0,42781.0,245230.0,608889.0,120.699,38.025,120.901,32.735,3174.213,3172.128,10.546755,1.0003,0.0,0.012,36818.0,21.655,1.0,0.0001,0.9817,0.0005,0.9953,0.001,0.9806,0.0006,0.9972,0.0002,0.9949,0.001,0.9975,0.0002,0.076,0.9934,0.0004,0.9924,0.0013,0.9935,0.0004,0.997699,0.789213,0.999349,0.997806,0.991516,0.798236,0.999999,0.998288,56.536,179457513.0,5.877999999999999,0.0005110000000000001,3174.213,1.0004,1.0004,0.0,0.0,42769.0,245234.0,568065.0,17.0,1.0,1.0,1.0,1.0,1.0,14991.0,3.039,0.3812,0.0052,0.4173,0.0073,0.3417,0.0074,23.11,0.0631,0.0001,0.867,0.0055,0.9942,0.0017,0.7407,0.01,0.7882,0.002,0.924914,0.542216,0.980657,0.959459,0.825342,0.6982229999999999,0.999216,0.947292,108.36,343731498.0,5.53,0.938272,0.992,0.0017,0.9961,0.0015,0.9825,0.0046,3172.128,1.007276,37570.0,239709.0,9638877.0
12077.0,71274.0,2814078.0,20585.0,80008.0,185931.0,35.356,34.165,35.482,18.788,1034.84,1034.851,10.546755000000001,1.0002,0.0,0.012,18821.0,21.655,1.0,0.0001,0.9824,0.001,0.9979,0.0012,0.9812,0.001,0.9974,0.0004,0.9952,0.0018,0.9976,0.0004,0.069,0.9909,0.0008,0.9868,0.0032,0.9913,0.0008,0.997625,0.786921,0.999131,0.9979370000000001,0.9913620000000001,0.796111,0.9999979999999999,0.998239,50.985,52760993.0,5.877999999999999,0.0005110000000000001,1034.84,1.0001,1.0001,0.0,0.0,20581.0,80004.0,166392.0,17.0,1.0,1.0,1.0,1.0,1.0,14992.0,2.719,0.3853,0.0095,0.4019,0.0132,0.3673,0.0137,23.11,0.0657,0.0001,0.8684,0.0099,0.9946,0.0031,0.7533,0.0175,0.78,0.0038,0.930789,0.5568850000000001,0.9812040000000001,0.9583430000000001,0.8397610000000001,0.705227,0.999217,0.952766,97.336,100727892.0,5.53,0.9382719999999999,0.9859,0.0042,0.9942,0.0033,0.9690000000000001,0.0108,1034.851,1.007276,12077.0,71274.0,2814078.0
16918.0,45150.0,1314230.0,20691.0,49056.0,1320744.0,48.977,28.93,49.078,23.822,1692.932,1682.19,10.546755,1.0005,0.0,0.01,20541.0,21.655,1.0004,0.0,0.9293,0.0026,0.9896,0.0104,0.9288,0.0026,0.9975,0.0005,0.9896,0.0104,0.9976,0.0005,0.027000000000000003,0.996,0.0007,1.0,0.0,0.996,0.0007,0.997613,0.78235,0.999306,0.998305,0.991015,0.791334,0.999999,0.998125,16.534000000000002,27991174.0,5.877999999999999,0.0005110000000000001,1692.932,1.0006,1.0006,0.0,0.0,20681.0,49035.0,1321060.0,1.0,1.0,1.0,1.0,1.0,1.0,14993.0,0.7809999999999999,0.3807,0.0037,0.3506,0.0544,0.3808,0.0037,23.11,0.9998,0.0,0.8636,0.0039,1.0,0.0,0.8631,0.0039,0.8009999999999999,0.0014,0.932929,0.561021,0.980996,0.952917,0.854618,0.70224,0.999105,0.956711,33.357,56112454.0,5.53,0.938272,0.9938,0.001,1.0,0.0,0.9938,0.001,1682.19,1.007276,16918.0,45150.0,1314230.0
40762.0,835839.0,3484639.0,47953.0,207181.0,251287.0,81.189,66.23,81.255,41.833,1225.858,1227.856,8.478619,1.0005,0.0,0.033,19404.0,19.56,0.2457,0.0001,0.992,0.0003,0.9977,0.0003,0.9894,0.0004,0.9954,0.0002,0.9955,0.0004,0.9954,0.0003,0.6809999999999999,0.9971,0.0002,0.9977,0.0003,0.9969,0.0003,0.998287,0.8360690000000001,0.998136,0.996835,0.994117,0.8452620000000001,0.999994,0.9990899999999999,111.316,136458033.0,5.5870000000000015,0.0005110000000000001,1225.858,1.0007,1.0007,0.0,0.0,47928.0,168649.0,205506.0,17.0,1.0,1.0,5.0,1.0,1.0,16162.0,2.838,0.494,0.003,0.5005,0.0032,0.4519,0.0081,30.02,0.0719,0.0001,0.9839,0.0011,0.9948,0.0007,0.9131,0.0065,0.9374,0.0012,0.9744459999999999,0.725457,0.9821059999999999,0.9648200000000001,0.919349,0.832774,0.9993700000000001,0.986513,98.62899999999999,121102421.0,3.7310000000000003,0.9382719999999999,0.9943,0.0007,0.9943,0.0007,0.9940000000000001,0.0017,1227.856,1.007276,40762.0,835839.0,3484639.0
22447.0,472260.0,1967646.0,23652.0,113731.0,138405.0,46.049,72.442,46.063,60.916,635.661,635.661,8.478619,1.0001,0.0,0.035,7534.0,19.56,0.2402,0.0002,0.9919,0.0004,0.9979,0.0004,0.9892,0.0006,0.995,0.0003,0.994,0.0007,0.9955,0.0004,0.743,0.9966,0.0003,0.9965,0.0005,0.9967,0.0004,0.998121,0.830824,0.998417,0.996255,0.99371,0.840556,0.999994,0.998997,123.059,78223509.0,5.5870000000000015,0.0005110000000000001,635.661,0.9998,0.9998,0.0001,0.0001,23650.0,94705.0,115841.0,17.0,1.0,1.0,5.0,1.0,1.0,16164.0,3.095,0.4926,0.004,0.4996,0.0043,0.449,0.0107,30.02,0.0703,0.0002,0.9837,0.0014,0.9947,0.0009,0.9149,0.0086,0.9337,0.0017,0.97614,0.7341310000000001,0.984972,0.968643,0.914835,0.841091,0.999529,0.986467,107.47,68314636.0,3.731,0.938272,0.9938,0.0009,0.9937,0.001,0.9941,0.0022,635.661,1.007276,22447.0,472260.0,1967646.0
7554.0,93466.0,543596.0,7652.0,93569.0,114963.0,27.961,39.69,27.962,39.143,704.4739999999997,704.4739999999997,8.478619,1.0,0.0,0.011000000000000001,7119.0,19.56,1.0,0.0006,0.9664,0.001,0.9923,0.0044,0.9661,0.001,0.9966,0.0003,0.9948,0.0036,0.9966,0.0003,0.133,0.9973,0.0003,1.0,0.0,0.9973,0.0003,0.9985299999999999,0.815469,0.999207,0.9989239999999999,0.9936450000000001,0.8222200000000001,0.999999,0.99887,27.405,19306318.0,5.5870000000000015,0.0005110000000000001,704.4739999999997,1.0,1.0,0.0,0.0,7652.0,93566.0,108742.0,5.0,1.0,1.0,1.0,1.0,1.0,16165.0,0.772,0.5163,0.0059,0.5,0.0266,0.5172,0.006,30.02,0.2114,0.0006,0.9816,0.0022,0.9888,0.0079,0.9812,0.0023,0.9418,0.002,0.970076,0.6940310000000001,0.980627,0.9561360000000001,0.932234,0.794017,0.99915,0.986041,26.855,18918535.0,3.7310000000000003,0.9382719999999999,0.9940000000000001,0.0012,1.0,0.0,0.9937,0.0012,704.4739999999997,1.007276,7554.0,93466.0,543596.0
42159.0,718389.0,5376419.0,43971.0,269419.0,206496.0,113.791,73.304,113.812,65.675,1552.3239999999994,1552.3239999999994,8.478619,1.0002,0.0,0.027000000000000003,17271.0,20.905,0.3741,0.0001,0.9894,0.0003,0.9969,0.0004,0.987,0.0004,0.9959,0.0002,0.9938,0.0005,0.9966,0.0002,0.463,0.997,0.0002,0.9971,0.0004,0.9969,0.0002,0.998219,0.824118,0.998602,0.997029,0.993836,0.832866,0.999996,0.99897,111.899,173703548.0,5.3210000000000015,0.0005110000000000001,1552.3239999999994,1.0001,1.0001,0.0,0.0,43963.0,240086.0,162996.0,33.0,1.0,1.0,3.0,1.0,1.0,16167.0,3.463,0.4813,0.0032,0.4865,0.0033,0.4314,0.01,28.355,0.0384,0.0001,0.9836,0.0012,0.9955,0.0006,0.8761,0.0095,0.9382,0.0013,0.979438,0.755743,0.982203,0.969204,0.923457,0.8596879999999999,0.999452,0.98926,122.767,190574328.0,3.996,0.938272,0.9936,0.0008,0.9933,0.0008,0.9953,0.0019,1552.3239999999994,1.007276,42159.0,718389.0,5376419.0
9310.0,160675.0,1205539.0,9654.0,60068.0,46154.0,25.516,74.942,25.52,68.47800000000001,340.483,338.472,8.478619,1.0001,0.0,0.027999999999999997,3713.0,20.905,0.3729,0.0002,0.9886,0.0007,0.9975,0.0007,0.9858,0.0009,0.9957,0.0004,0.9947,0.001,0.996,0.0005,0.475,0.9969,0.0004,0.9971,0.0008,0.9969,0.0005,0.9978899999999999,0.823059,0.998337,0.9964280000000001,0.992742,0.833435,0.999994,0.998791,114.7,39053276.0,5.3210000000000015,0.0005110000000000001,340.483,1.0,1.0,0.0,0.0,9653.0,53688.0,36555.0,33.0,1.0,1.0,3.0,1.0,1.0,16168.0,3.562,0.4765,0.0067,0.4822,0.0071,0.4243,0.0214,28.355,0.0383,0.0002,0.9854,0.0023,0.9975,0.001,0.8731,0.0206,0.9356,0.0029,0.979894,0.756212,0.984583,0.968464,0.9263520000000001,0.856115,0.9995139999999999,0.989403,126.26,42735511.0,3.9960000000000004,0.9382719999999999,0.9936,0.0016,0.9933,0.0017,0.9962,0.0038,338.472,1.007276,9310.0,160675.0,1205539.0
6537.0,52841.0,479447.0,7012.0,53335.0,101700.0,24.162,38.454,24.174,35.76,628.342,628.342,8.478619,1.0,0.0,0.01,6737.0,20.905,1.0,0.0006,0.9512,0.0016,0.9802,0.0098,0.9509,0.0016,0.998,0.0003,1.0,0.0,0.9979,0.0003,0.084,0.9967,0.0005,1.0,0.0,0.9966,0.0005,0.998523,0.806291,0.999465,0.998594,0.994096,0.812656,0.999999,0.998894,24.277,15254152.0,5.3210000000000015,0.0005110000000000001,628.342,1.0,1.0,0.0,0.0,7012.0,53337.0,96038.0,5.0,1.0,1.0,1.0,1.0,1.0,16170.0,0.763,0.477,0.0072,0.5,0.0369,0.476,0.0073,28.355,0.2118,0.0006,0.9748,0.0032,1.0,0.0,0.9738,0.0033,0.9163,0.0027,0.968076,0.687121,0.978204,0.958374,0.92526,0.792146,0.999093,0.984465,28.96,18197002.0,3.996,0.938272,0.9964,0.0011,0.9891,0.0108,0.9967,0.0011,628.342,1.007276,6537.0,52841.0,479447.0
138327.0,2512003.0,2458209.0,138923.0,614134.0,277277.0,46.836999999999996,71.758,46.847,66.65,652.7080000000002,652.7080000000002,6.394701,1.0006,0.0,0.212,7007.0,18.595,0.2444,0.0002,0.9966,0.0001,0.9984,0.0001,0.9955,0.0002,0.9933,0.0001,0.9928,0.0002,0.9935,0.0002,3.8489999999999998,0.997,0.0001,0.9971,0.0002,0.9969,0.0001,0.998239,0.826441,0.9981459999999999,0.996475,0.9948309999999999,0.8352219999999999,0.999993,0.9991479999999999,129.842,84748876.0,4.752,0.0005110000000000001,652.7080000000002,1.0003,1.0003,0.0,0.0,138846.0,502584.0,144655.0,17.0,1.0,1.0,5.0,1.0,1.0,16277.0,3.766,0.6473,0.0013,0.6526,0.0014,0.6001,0.0042,37.97,0.1128,0.0002,0.9951,0.0002,0.9952,0.0002,0.9939,0.0009,0.9907,0.0003,0.9843059999999999,0.662695,0.992999,0.986225,0.969785,0.6977720000000001,0.9999040000000001,0.9908680000000001,62.61600000000001,40870062.0,2.412,0.9382719999999999,0.9944,0.0003,0.9943,0.0003,0.995,0.0009,652.7080000000002,1.007276,138327.0,2512003.0,2458209.0
29827.0,546486.0,536864.0,29825.0,45509.0,45256.0,10.21,78.73,10.21,78.73,129.687,129.687,6.394701,0.9999,0.0,0.23,1291.0,18.595,0.0833,0.0004,0.9979,0.0003,0.9983,0.0003,0.996,0.0008,0.9942,0.0004,0.9942,0.0005,0.9941,0.0009,4.214,0.9972,0.0003,0.9971,0.0003,0.9975,0.0007,0.998976,0.8934120000000001,0.998048,0.995776,0.995941,0.902621,0.999992,0.999605,142.766,18514953.0,4.752,0.0005110000000000001,129.687,0.9992,0.9992,0.0008,0.0008,29827.0,16560.0,16269.0,33.0,1.0,1.0,33.0,1.0,1.0,16278.0,4.14,0.6532,0.0029,0.6553,0.003,0.6163,0.0125,37.97,0.0843,0.0004,0.9962,0.0005,0.9962,0.0005,0.9957,0.0021,0.9927,0.0006,0.988268,0.71296,0.99353,0.987416,0.973939,0.7461949999999999,0.999919,0.993386,68.676,8906336.0,2.412,0.938272,0.9946,0.0006,0.9945,0.0007,0.9973,0.0019,129.687,1.007276,29827.0,546486.0,536864.0
4776.0,211906.0,543910.0,5037.0,28073.0,36763.0,12.85,38.205,12.852,35.46,336.343,336.343,6.394701,1.0002,0.0,0.013999999999999999,3613.0,18.595,0.1323,0.0003,0.9919,0.0008,1.0,0.0,0.9911,0.0009,0.9965,0.0006,0.9931,0.0024,0.9969,0.0006,0.63,0.9971,0.0006,0.9971,0.0017,0.9972,0.0006,0.998468,0.781115,0.9994219999999999,0.998134,0.995293,0.786732,0.999999,0.9989959999999999,29.435,9900187.0,4.752,0.0005110000000000001,336.343,1.0003,1.0003,0.0,0.0,5036.0,23575.0,32012.0,17.0,1.0,1.0,9.0,1.0,1.0,16279.0,1.617,0.6463,0.0052,0.6628,0.0141,0.6438,0.0056,37.97,0.0676,0.0003,0.9956,0.0009,0.9946,0.0027,0.996,0.0009,0.991,0.0011,0.976558,0.47976,0.9919209999999999,0.983926,0.9769760000000001,0.503153,0.99987,0.988561,18.347,6171040.0,2.412,0.9382719999999999,0.996,0.001,0.9963,0.0026,0.9959,0.0011,336.343,1.007276,4776.0,211906.0,543910.0
4883.0,103829.0,442286.0,6164.0,17163.0,31930.0,15.46,37.514,15.476,28.63,412.12,412.12,6.394701,1.0,0.0,0.012,5386.0,21.095,0.1632,0.0004,0.9953,0.0009,1.0,0.0,0.9946,0.0011,0.9964,0.0008,0.9984,0.0016,0.9961,0.0009,0.252,0.9953,0.001,0.9982,0.0018,0.9949,0.0012,0.998578,0.7737569999999999,0.999037,0.998846,0.995713,0.778736,0.999999,0.999052,24.166,9959144.0,4.391,0.0005110000000000001,412.12,0.9998,0.9998,0.0002,0.0002,6164.0,11685.0,26115.0,17.0,1.0,1.0,9.0,1.0,1.0,16280.0,1.073,0.5848,0.0069,0.6076,0.0199,0.5817,0.0073,34.475,0.0719,0.0004,0.9957,0.0012,1.0,0.0,0.9951,0.0014,0.9877,0.0014,0.974125,0.601228,0.988191,0.974322,0.965538,0.6467350000000001,0.999697,0.987826,20.993,8651425.0,2.792,0.938272,0.9975,0.0009,0.9969,0.0031,0.9976,0.001,412.12,1.007276,4883.0,103829.0,442286.0
98658.0,1366189.0,3160388.0,129927.0,204744.0,223073.0,74.429,68.132,74.658,17.654,1092.414,1092.414,6.394701,1.0001,0.0,0.09,42138.0,21.095,0.1464,0.0001,0.9977,0.0001,0.9983,0.0001,0.9961,0.0004,0.9947,0.0002,0.9944,0.0003,0.9953,0.0004,1.251,0.9972,0.0002,0.9973,0.0002,0.997,0.0004,0.9989959999999999,0.8786510000000001,0.9984379999999999,0.997159,0.9957309999999999,0.886317,0.9999959999999999,0.9995149999999999,94.069,102762368.0,4.391,0.0005110000000000001,1092.414,0.9995,0.9995,0.0001,0.0001,129917.0,82239.0,96874.0,33.0,1.0,1.0,17.0,1.0,1.0,16282.0,2.8930000000000002,0.5949,0.0017,0.6,0.0018,0.5246,0.0066,34.475,0.0698,0.0001,0.995,0.0003,0.9952,0.0003,0.9921,0.0016,0.9875,0.0004,0.9896719999999999,0.797637,0.990713,0.981283,0.9641930000000001,0.850941,0.999826,0.994663,79.766,87137693.0,2.792,0.9382719999999999,0.9943,0.0004,0.9943,0.0004,0.9947,0.0012,1092.414,1.007276,98658.0,1366189.0,3160388.0
36864.0,271047.0,3601899.0,38791.0,117060.0,147172.0,76.327,71.09100000000002,76.35,60.302,1073.656,1073.652,6.394701,1.0002,0.0,0.034,12617.0,26.545,0.4288,0.0001,0.9957,0.0003,0.9987,0.0002,0.993,0.0005,0.9946,0.0003,0.9938,0.0005,0.9953,0.0004,0.252,0.9976,0.0002,0.9981,0.0003,0.9972,0.0004,0.998191,0.80776,0.998816,0.997843,0.99361,0.815678,0.999997,0.998822,69.32300000000001,74429162.0,3.727,0.0005110000000000001,1073.656,1.0,1.0,0.0,0.0,38782.0,91001.0,109221.0,33.0,1.0,1.0,3.0,1.0,1.0,16284.0,3.355,0.5338,0.003,0.5383,0.0032,0.4994,0.0088,28.46,0.0408,0.0001,0.9937,0.0007,0.995,0.0006,0.9836,0.0031,0.9657,0.001,0.979901,0.753861,0.981792,0.968554,0.934181,0.848626,0.999427,0.990037,116.475,125053937.0,3.4930000000000003,0.938272,0.9945,0.0006,0.9943,0.0007,0.9957,0.0014,1073.652,1.007276,36864.0,271047.0,3601899.0
6063.0,32016.0,530212.0,6118.0,32073.0,64347.0,23.086,39.742,23.086,39.369,580.8919999999998,580.8919999999998,6.394701,1.0002,0.0,0.01,5843.0,26.545,1.0001,0.0004,0.9936,0.0008,1.0,0.0,0.9935,0.0008,0.9929,0.0008,1.0,0.0,0.9927,0.0008,0.055,0.9971,0.0006,1.0,0.0,0.997,0.0006,0.998244,0.771033,0.999367,0.9990389999999999,0.993743,0.777127,0.999999,0.998605,17.484,10156228.0,3.727,0.0005110000000000001,580.8919999999998,1.0,1.0,0.0,0.0,6117.0,32071.0,58919.0,9.0,1.0,1.0,1.0,1.0,1.0,16286.0,0.9129999999999999,0.5363,0.0069,0.5022,0.0333,0.5379,0.006999999999999999,28.46,0.1213,0.0004,0.9905,0.0018,1.0,0.0,0.9901,0.0019,0.9627,0.002,0.9715010000000001,0.688729,0.983562,0.959166,0.939467,0.77709,0.9993290000000001,0.986507,31.475,18283368.0,3.4930000000000003,0.9382719999999999,0.9942,0.0013,1.0,0.0,0.9940000000000001,0.0014,580.8919999999998,1.007276,6063.0,32016.0,530212.0
13640.0,82429.0,1891256.0,14842.0,49256.0,71945.0,36.749,71.835,36.76,58.14,511.575,511.575,6.394701,1.0,0.0,0.027000000000000003,6303.0,28.4,0.5889,0.0001,0.9944,0.0005,0.9982,0.0005,0.9917,0.0009,0.995,0.0005,0.9949,0.0008,0.995,0.0007,0.161,0.9971,0.0004,0.9978,0.0006,0.9966,0.0006,0.997788,0.794609,0.998798,0.998221,0.991801,0.803573,0.999998,0.998389,64.132,32808420.0,3.514,0.0005110000000000001,511.575,1.0004,1.0004,0.0,0.0,14842.0,41824.0,57355.0,33.0,1.0,1.0,2.0,1.0,1.0,16509.0,3.697,0.5073,0.0052,0.5137,0.0057,0.4699,0.0133,26.81,0.038,0.0001,0.982,0.0019,0.9943,0.0012,0.9145,0.0104,0.9488,0.002,0.971267,0.71536,0.976999,0.955233,0.921057,0.8322139999999999,0.99897,0.986754,127.737,65347123.0,3.706,0.938272,0.9946,0.0011,0.995,0.0012,0.9929,0.0029,511.575,1.007276,13640.0,82429.0,1891256.0
53681.0,330407.0,7642002.0,54187.0,192429.0,284828.0,148.461,77.41,148.468,75.45,1917.851,1917.851,6.394701,1.0001,0.0,0.027999999999999997,19612.0,28.4,0.5815,0.0001,0.9951,0.0003,0.9987,0.0002,0.9926,0.0004,0.9945,0.0003,0.9941,0.0004,0.9948,0.0003,0.172,0.9976,0.0002,0.9978,0.0003,0.9974,0.0003,0.9979600000000001,0.797266,0.998864,0.997826,0.9928959999999999,0.805635,0.9999979999999999,0.998619,70.192,134618477.0,3.514,0.0005110000000000001,1917.851,1.0001,1.0001,0.0,0.0,54179.0,165459.0,231598.0,33.0,1.0,1.0,2.0,1.0,1.0,16510.0,3.985,0.4970000000000001,0.0026,0.5014,0.0028,0.4731,0.0065,26.81,0.0373,0.0001,0.9824,0.001,0.9949,0.0006,0.9159,0.0051,0.9514,0.001,0.972557,0.720608,0.978525,0.959468,0.918667,0.835485,0.99913,0.98662,137.793,264265814.0,3.7060000000000004,0.9382719999999999,0.9936,0.0006,0.9936,0.0007,0.9935,0.0014,1917.851,1.007276,53681.0,330407.0,7642002.0
7793.0,29902.0,678060.0,8413.0,30534.0,82930.0,29.246,38.578,29.25,35.571,758.087,760.0889999999997,6.394701,1.0,0.0,0.01,8195.0,28.4,1.0,0.0004,0.9901,0.0011,0.9945,0.0055,0.99,0.0011,0.9883,0.0012,1.0,0.0,0.988,0.0012,0.039,0.9974,0.0006,1.0,0.0,0.9973,0.0006,0.997966,0.765827,0.999239,0.998856,0.99299,0.772705,0.999999,0.998407,16.088,12196239.0,3.514,0.0005110000000000001,758.087,1.0,1.0,0.0,0.0,8413.0,30534.0,75421.0,9.0,1.0,1.0,1.0,1.0,1.0,16511.0,0.892,0.5051,0.0069,0.5088,0.0382,0.505,0.006999999999999999,26.81,0.1222,0.0004,0.9717,0.0032,1.0,0.0,0.9708,0.0033,0.949,0.0022,0.96509,0.679288,0.973634,0.946572,0.930894,0.79178,0.998591,0.985611,32.93,25029806.0,3.706,0.938272,0.9966,0.001,1.0,0.0,0.9965,0.0011,760.0889999999997,1.007276,7793.0,29902.0,678060.0
7936.0,17109.0,796824.0,8719.0,17899.0,96379.0,30.201999999999998,38.344,30.208000000000002,34.948,787.67,785.663,6.394701,1.0,0.0,0.01,8614.0,33.35,0.9999,0.0004,0.9899,0.0019,1.0,0.0,0.9896,0.002,0.9703,0.0032,1.0,0.0,0.9694,0.0034,0.022000000000000002,0.9971,0.0012,1.0,0.0,0.997,0.0012,0.997476,0.77374,1.0,0.999411,0.988986,0.782818,1.0,0.9976079999999999,12.11,9538660.0,3.014,0.0005110000000000001,787.67,1.0,1.0,0.0,0.0,8719.0,17900.0,88647.0,9.0,1.0,1.0,1.0,1.0,1.0,16512.0,1.014,0.4715,0.0078,0.5165,0.0524,0.4706,0.0079,23.115,0.1208,0.0004,0.9577,0.0045,1.0,0.0,0.9567,0.0046,0.9184,0.0029,0.958936,0.664185,0.9727040000000001,0.94255,0.9083899999999999,0.797502,0.998432,0.981449,42.431999999999995,33337490.0,4.22,0.9382719999999999,0.9942,0.0015,1.0,0.0,0.9941,0.0016,785.663,1.007276,7936.0,17109.0,796824.0
5718.0,20343.0,1750516.0,9965.0,24661.0,36916.0,25.465,71.09899999999998,25.499,32.508,358.165,358.165,6.394701,1.0,0.0,0.016,7817.0,33.35,0.9999,0.0001,0.9935,0.001,0.9995,0.0005,0.9906,0.0015,0.9924,0.0011,0.9955,0.0015,0.9909,0.0015,0.057,0.9973,0.0008,0.9966,0.0014,0.9976,0.0009,0.997173,0.754958,0.998625,0.998273,0.991189,0.764037,0.999998,0.997921,46.062,16497729.0,3.014,0.0005110000000000001,358.165,1.0,1.0,0.0,0.0,9965.0,24663.0,27011.0,65.0,1.0,1.0,1.0,1.0,1.0,16513.0,4.887,0.4768,0.01,0.4753,0.0112,0.477,0.0223,23.115,0.021,0.0001,0.9683,0.005,0.9937,0.0026,0.8787,0.0198,0.9269,0.0042,0.962984,0.679547,0.970717,0.955388,0.906132,0.8086399999999999,0.998694,0.982037,170.076,60915410.0,4.22,0.938272,0.9947,0.0022,0.9964,0.0021,0.9898,0.0059,358.165,1.007276,5718.0,20343.0,1750516.0
10084.0,32569.0,2686616.0,12824.0,35379.0,54158.0,39.321,59.897,39.348,42.254,656.475,656.475,6.394701,1.0001,0.0,0.015,9282.0,33.35,0.9999,0.0001,0.9892,0.0011,0.9991,0.0005,0.9840000000000001,0.0016,0.9945,0.0008,0.9973,0.0009,0.9931,0.0011,0.05,0.9973,0.0006,0.9977,0.0009,0.9971,0.0008,0.997432,0.7697149999999999,0.999549,0.9980399999999999,0.990864,0.7786890000000001,0.999999,0.997978,39.028,25621206.0,3.014,0.0005110000000000001,656.475,1.0003,1.0003,0.0,0.0,12823.0,35381.0,41389.0,65.0,1.0,1.0,1.0,1.0,1.0,16514.0,4.092,0.4682,0.0079,0.4768,0.0087,0.4301,0.0183,23.115,0.0201,0.0001,0.9727,0.0037,0.9943,0.0019,0.8771,0.0174,0.9233,0.0034,0.9587209999999999,0.666432,0.974239,0.949324,0.890272,0.809381,0.9986950000000001,0.9790840000000001,144.003,94534289.0,4.22,0.9382719999999999,0.9919,0.0021,0.9916,0.0024,0.9927,0.0042,656.475,1.007276,10084.0,32569.0,2686616.0
27856.0,99394.0,8701576.0,29178.0,100730.0,163177.0,126.419,75.794,126.428,70.143,1667.932,1669.976,6.394701,1.0001,0.0,0.017,17963.0,33.35,1.0,0.0,0.9925,0.0005,0.9988,0.0003,0.9892,0.0007,0.9914,0.0005,0.9945,0.0007,0.9898,0.0007,0.06,0.9972,0.0003,0.9981,0.0004,0.9965,0.0005,0.996868,0.754927,0.998877,0.997929,0.989942,0.765039,0.999998,0.997637,49.58600000000001,82706018.0,3.014,0.0005110000000000001,1667.932,1.0001,1.0001,0.0,0.0,29176.0,100728.0,133894.0,65.0,1.0,1.0,1.0,1.0,1.0,16515.0,5.211,0.469,0.0044,0.4731,0.0049,0.4509,0.0101,23.115,0.0187,0.0,0.9698,0.0022,0.9931,0.0012,0.8768,0.0093,0.9275,0.0019,0.961234,0.67495,0.974162,0.951683,0.896539,0.8120430000000001,0.998752,0.980554,180.716,301791187.0,4.22,0.938272,0.9945,0.001,0.9948,0.0011,0.9932,0.0023,1669.976,1.007276,27856.0,99394.0,8701576.0
7680.0,27192.0,2368537.0,8881.0,28410.0,45316.0,34.400999999999996,75.79899999999999,34.409,59.92,453.84,453.84,6.394701,1.0001,0.0,0.017,5724.0,33.35,1.0001,0.0001,0.993,0.0009,0.9983,0.0008,0.9902,0.0013,0.9940000000000001,0.0008,0.9959,0.0012,0.9931,0.0011,0.06,0.9969,0.0007,0.9958,0.0013,0.9975,0.0008,0.997452,0.758195,0.999368,0.997634,0.9921409999999999,0.766497,0.999999,0.998165,50.085,22730516.0,3.014,0.0005110000000000001,453.84,1.0002,1.0002,0.0,0.0,8880.0,28408.0,36460.0,65.0,1.0,1.0,1.0,1.0,1.0,16516.0,5.218999999999999,0.4589,0.0083,0.4597,0.0092,0.457,0.0199,23.115,0.0191,0.0001,0.9768,0.0037,0.9956,0.0018,0.8969,0.017,0.9279999999999999,0.0036,0.9579780000000001,0.660613,0.9783200000000001,0.952433,0.88355,0.802417,0.998969,0.976992,181.002,82145757.0,4.22,0.9382719999999999,0.9956,0.0017,0.9951,0.002,0.9972,0.0028,453.84,1.007276,7680.0,27192.0,2368537.0
35836.0,122089.0,10358715.0,39685.0,126321.0,199709.0,151.435,67.481,151.481,57.921,2244.112,2236.016,6.394701,1.0032,0.0,0.016,26076.0,33.35,1.0035,0.0,0.9924,0.0005,0.9984,0.0004,0.9893,0.0007,0.9924,0.0005,0.9941,0.0007,0.9916,0.0006,0.055,0.9973,0.0003,0.9973,0.0005,0.9974,0.0004,0.997344,0.762948,0.998902,0.998288,0.99123,0.771865,0.999998,0.997999,44.652,100203632.0,3.014,0.000511,2244.112,1.0033,1.0033,0.0,0.0,39557.0,125883.0,159455.0,65.0,1.0,1.0,1.0,1.0,1.0,16517.0,4.633,0.4645,0.004,0.4712,0.0044,0.4366,0.0094,23.115,0.0193,0.0,0.9729,0.0019,0.9951,0.0009,0.8772,0.0088,0.9266,0.0017,0.961027,0.673137,0.977025,0.951555,0.893646,0.810211,0.998887,0.979815,161.545,361218378.0,4.22,0.938272,0.9935,0.001,0.9927,0.0012,0.9962,0.0016,2236.016,1.007276,35836.0,122089.0,10358715.0
