Physics_Setting,tbin_number,t_min,t_max,phibin_number,phi_min,phi_max,Counts,simc_yield,simc_yield_error,%error/yield
Q3p85_W2p62_t0p21_loweps_center,1,0.16,0.208,1,0,24,1647.0,0.021850531386810177,0.0005447319297749067,2.492991681217089
Q3p85_W2p62_t0p21_loweps_center,1,0.16,0.208,2,24,48,1914.0,0.02536486084978859,0.0005861960618297499,2.3110556974911836
Q3p85_W2p62_t0p21_loweps_center,1,0.16,0.208,3,48,72,2764.0,0.03604989912022648,0.0006935229511288364,1.9237861077389875
Q3p85_W2p62_t0p21_loweps_center,1,0.16,0.208,4,72,96,3423.0,0.04405384276070585,0.0007616289680818383,1.7288593238480865
Q3p85_W2p62_t0p21_loweps_center,1,0.16,0.208,5,96,120,3740.0,0.047132348536303215,0.0007797526896352768,1.6543896365246478
Q3p85_W2p62_t0p21_loweps_center,1,0.16,0.208,6,120,144,3697.0,0.04548182188875017,0.0007570738226970605,1.6645635360625715
Q3p85_W2p62_t0p21_loweps_center,1,0.16,0.208,7,144,168,3722.0,0.0447124935817219,0.0007425793342663486,1.6607871196204296
Q3p85_W2p62_t0p21_loweps_center,1,0.16,0.208,8,168,192,3786.0,0.04517028611030142,0.0007436462669160484,1.6463173713359642
Q3p85_W2p62_t0p21_loweps_center,1,0.16,0.208,9,192,216,3831.0,0.04607562916243307,0.000753811964204568,1.6360318413604542
Q3p85_W2p62_t0p21_loweps_center,1,0.16,0.208,10,216,240,3849.0,0.0474543214554194,0.00077415479017639,1.631368369482775
Q3p85_W2p62_t0p21_loweps_center,1,0.16,0.208,11,240,264,3618.0,0.045640298275607345,0.0007677441421519548,1.6821628498477168
Q3p85_W2p62_t0p21_loweps_center,1,0.16,0.208,12,264,288,3544.0,0.04554514118335256,0.0007741369459900223,1.6997135718024323
Q3p85_W2p62_t0p21_loweps_center,1,0.16,0.208,13,288,312,2688.0,0.035365808371337126,0.0006895896318488595,1.949876628319205
Q3p85_W2p62_t0p21_loweps_center,1,0.16,0.208,14,312,336,1943.0,0.02567602053674891,0.0005891578088076502,2.2945838042324964
Q3p85_W2p62_t0p21_loweps_center,1,0.16,0.208,15,336,360,1642.0,0.02173298384549238,0.000542463491242388,2.4960377971978294
Q3p85_W2p62_t0p21_loweps_center,2,0.208,0.226,1,0,24,1417.0,0.017707848405418936,0.0004752370436529064,2.683765033291537
Q3p85_W2p62_t0p21_loweps_center,2,0.208,0.226,2,24,48,1685.0,0.020888946347006766,0.0005143212159203066,2.4621692610838894
Q3p85_W2p62_t0p21_loweps_center,2,0.208,0.226,3,48,72,2491.0,0.030653269707400996,0.0006209346065271867,2.0256716900163734
Q3p85_W2p62_t0p21_loweps_center,2,0.208,0.226,4,72,96,3310.0,0.03997625977494414,0.0007023792944449372,1.7569910201683414
Q3p85_W2p62_t0p21_loweps_center,2,0.208,0.226,5,96,120,3515.0,0.04118759799559888,0.000702514664877657,1.7056461145239024
Q3p85_W2p62_t0p21_loweps_center,2,0.208,0.226,6,120,144,3610.0,0.041010974198998386,0.0006907837638463465,1.6843875995104194
Q3p85_W2p62_t0p21_loweps_center,2,0.208,0.226,7,144,168,3642.0,0.03994194077932586,0.0006705224478850238,1.6787427821536638
Q3p85_W2p62_t0p21_loweps_center,2,0.208,0.226,8,168,192,3378.0,0.03674496488195638,0.0006403470376721158,1.7426796834048912
Q3p85_W2p62_t0p21_loweps_center,2,0.208,0.226,9,192,216,3641.0,0.04017983229119704,0.0006743627526390138,1.67836129267956
Q3p85_W2p62_t0p21_loweps_center,2,0.208,0.226,10,216,240,3754.0,0.04248663081526137,0.0007019223371968647,1.6521016699322069
Q3p85_W2p62_t0p21_loweps_center,2,0.208,0.226,11,240,264,3504.0,0.0409339632058897,0.000699331961893627,1.708439415885841
Q3p85_W2p62_t0p21_loweps_center,2,0.208,0.226,12,264,288,3327.0,0.04003951856769422,0.0007018471187401182,1.7528860082408726
Q3p85_W2p62_t0p21_loweps_center,2,0.208,0.226,13,288,312,2552.0,0.03143982918808392,0.0006290952289722528,2.000949894507339
Q3p85_W2p62_t0p21_loweps_center,2,0.208,0.226,14,312,336,1725.0,0.0215126318636696,0.0005235076733784793,2.4334896664251287
Q3p85_W2p62_t0p21_loweps_center,2,0.208,0.226,15,336,360,1366.0,0.01709536552507327,0.00046726989518001066,2.733313274259504
Q3p85_W2p62_t0p21_loweps_center,3,0.226,0.264,1,0,24,3890.0,0.04659261057382452,0.0007544875958153159,1.6193288732337805
Q3p85_W2p62_t0p21_loweps_center,3,0.226,0.264,2,24,48,4763.0,0.05649786957258172,0.0008270943275270212,1.4639389658126298
Q3p85_W2p62_t0p21_loweps_center,3,0.226,0.264,3,48,72,7101.0,0.0830212419302965,0.0009957237670389846,1.1993602406899437
Q3p85_W2p62_t0p21_loweps_center,3,0.226,0.264,4,72,96,9767.0,0.1112713846789476,0.001138819722899975,1.0234614462521723
Q3p85_W2p62_t0p21_loweps_center,3,0.226,0.264,5,96,120,10770.0,0.1186957495739611,0.0011575565979729159,0.97523003319645
Q3p85_W2p62_t0p21_loweps_center,3,0.226,0.264,6,120,144,10612.0,0.11165497213588475,0.0010980572374759418,0.9834378321635331
Q3p85_W2p62_t0p21_loweps_center,3,0.226,0.264,7,144,168,7793.0,0.08099398651897628,0.0009308700721921088,1.1493076365293033
Q3p85_W2p62_t0p21_loweps_center,3,0.226,0.264,8,168,192,6333.0,0.0660021492492404,0.0008414428766699104,1.274871934082653
Q3p85_W2p62_t0p21_loweps_center,3,0.226,0.264,9,192,216,7607.0,0.07929893007425452,0.0009220899902300645,1.162802561606608
Q3p85_W2p62_t0p21_loweps_center,3,0.226,0.264,10,216,240,10467.0,0.11030173740879938,0.001092372327396146,0.9903491577359338
Q3p85_W2p62_t0p21_loweps_center,3,0.226,0.264,11,240,264,10896.0,0.11968248050454275,0.0011601191917332693,0.9693308384339803
Q3p85_W2p62_t0p21_loweps_center,3,0.226,0.264,12,264,288,9737.0,0.11045975821721436,0.0011322451126267732,1.0250295047724638
Q3p85_W2p62_t0p21_loweps_center,3,0.226,0.264,13,288,312,6905.0,0.08079166762288646,0.0009826682012818522,1.216298945416847
Q3p85_W2p62_t0p21_loweps_center,3,0.226,0.264,14,312,336,4768.0,0.056702929896339495,0.0008294150092335908,1.4627374824367485
Q3p85_W2p62_t0p21_loweps_center,3,0.226,0.264,15,336,360,3846.0,0.04602809096612577,0.0007495292627066359,1.6284170100781492
Q3p85_W2p62_t0p21_loweps_center,4,0.264,0.302,1,0,24,3850.0,0.04311426353527731,0.0007015344352787769,1.6271516146965184
Q3p85_W2p62_t0p21_loweps_center,4,0.264,0.302,2,24,48,4998.0,0.055606078656350345,0.00079443046160224,1.4286755707265004
Q3p85_W2p62_t0p21_loweps_center,4,0.264,0.302,3,48,72,7795.0,0.0847651675391229,0.0009703402799917152,1.1447394114379117
Q3p85_W2p62_t0p21_loweps_center,4,0.264,0.302,4,72,96,10874.0,0.11499717400698625,0.0011153067147970236,0.9698557590026229
Q3p85_W2p62_t0p21_loweps_center,4,0.264,0.302,5,96,120,11505.0,0.11764112978388573,0.0011104536942390256,0.943933211351336
Q3p85_W2p62_t0p21_loweps_center,4,0.264,0.302,6,120,144,7186.0,0.07132602559328251,0.0008542094526806375,1.1976125763007424
Q3p85_W2p62_t0p21_loweps_center,4,0.264,0.302,7,144,168,3059.0,0.03193258842696493,0.0005857813204258375,1.834431060186729
Q3p85_W2p62_t0p21_loweps_center,4,0.264,0.302,8,168,192,2314.0,0.024484474878602502,0.0005160292715242024,2.1075774509469722
Q3p85_W2p62_t0p21_loweps_center,4,0.264,0.302,9,192,216,3112.0,0.032349386635818565,0.0005884907926675659,1.819171409005835
Q3p85_W2p62_t0p21_loweps_center,4,0.264,0.302,10,216,240,7359.0,0.07305959438351699,0.0008646649238124988,1.1835063294679011
Q3p85_W2p62_t0p21_loweps_center,4,0.264,0.302,11,240,264,11753.0,0.1196394198631861,0.001117610186240553,0.9341487843376357
Q3p85_W2p62_t0p21_loweps_center,4,0.264,0.302,12,264,288,11041.0,0.11660862318052677,0.0011227169093307083,0.9628077913179564
Q3p85_W2p62_t0p21_loweps_center,4,0.264,0.302,13,288,312,7749.0,0.08459433966741056,0.0009711852154882917,1.148049880531705
Q3p85_W2p62_t0p21_loweps_center,4,0.264,0.302,14,312,336,4853.0,0.053855023008893166,0.0007807483119834493,1.4497223626745515
Q3p85_W2p62_t0p21_loweps_center,4,0.264,0.302,15,336,360,3867.0,0.043079979963540654,0.0006994547229377373,1.6236189606626978
Q3p85_W2p62_t0p21_loweps_center,5,0.302,0.35,1,0,24,3013.0,0.031546092390658274,0.0005817224580639331,1.8440396701437365
Q3p85_W2p62_t0p21_loweps_center,5,0.302,0.35,2,24,48,4418.0,0.04582789649438371,0.0006977274849292536,1.522495113898063
Q3p85_W2p62_t0p21_loweps_center,5,0.302,0.35,3,48,72,7941.0,0.08042461050285715,0.0009130766523422854,1.1353199557116258
Q3p85_W2p62_t0p21_loweps_center,5,0.302,0.35,4,72,96,10882.0,0.10743989334760247,0.0010435141976593094,0.9712539403619908
Q3p85_W2p62_t0p21_loweps_center,5,0.302,0.35,5,96,120,9213.0,0.088552858029652,0.0009365516017203615,1.057618717858611
Q3p85_W2p62_t0p21_loweps_center,5,0.302,0.35,6,120,144,2788.0,0.02859477465999368,0.0005512610903574041,1.9278385541140892
Q3p85_W2p62_t0p21_loweps_center,5,0.302,0.35,7,144,168,1154.0,0.012695163356256192,0.00037897986054193436,2.985230279492013
Q3p85_W2p62_t0p21_loweps_center,5,0.302,0.35,8,168,192,962.0,0.010748778735825769,0.00035078644679634657,3.2635004907782914
Q3p85_W2p62_t0p21_loweps_center,5,0.302,0.35,9,192,216,1162.0,0.012790541360936308,0.00038025460944685096,2.9729360057283385
Q3p85_W2p62_t0p21_loweps_center,5,0.302,0.35,10,216,240,3004.0,0.030410695896239213,0.000564349798675844,1.8557608829518277
Q3p85_W2p62_t0p21_loweps_center,5,0.302,0.35,11,240,264,9749.0,0.09289528592041951,0.0009554837201119499,1.0285599647440484
Q3p85_W2p62_t0p21_loweps_center,5,0.302,0.35,12,264,288,11055.0,0.10876034265572684,0.0010480258601770986,0.9636102963508952
Q3p85_W2p62_t0p21_loweps_center,5,0.302,0.35,13,288,312,7817.0,0.07935802990300883,0.0009081342261848431,1.144350769915486
Q3p85_W2p62_t0p21_loweps_center,5,0.302,0.35,14,312,336,4479.0,0.04644251520664848,0.0007022049966174252,1.5119874397261348
Q3p85_W2p62_t0p21_loweps_center,5,0.302,0.35,15,336,360,3057.0,0.031822348444928115,0.0005825935203728979,1.8307684656936514
Q3p85_W2p62_t0p21_loweps_center,6,0.35,0.408,1,0,24,1317.0,0.013099731419927832,0.00036688688351613197,2.8007206541502754
Q3p85_W2p62_t0p21_loweps_center,6,0.35,0.408,2,24,48,2258.0,0.021844552687364002,0.0004671967677396382,2.1387335068201625
Q3p85_W2p62_t0p21_loweps_center,6,0.35,0.408,3,48,72,5620.0,0.0524282923437351,0.0007093998416358643,1.353085919687853
Q3p85_W2p62_t0p21_loweps_center,6,0.35,0.408,4,72,96,6703.0,0.06153449520911329,0.0007636123598024194,1.2409500674498553
Q3p85_W2p62_t0p21_loweps_center,6,0.35,0.408,5,96,120,3500.0,0.0331102200778305,0.0005706002732716541,1.723335791578471
Q3p85_W2p62_t0p21_loweps_center,6,0.35,0.408,6,120,144,932.0,0.009841172944623446,0.0003268140371960785,3.32088501071031
Q3p85_W2p62_t0p21_loweps_center,6,0.35,0.408,7,144,168,394.0,0.004319630922346486,0.00022024199619853624,5.098629956072672
Q3p85_W2p62_t0p21_loweps_center,6,0.35,0.408,8,168,192,302.0,0.003392131298122653,0.00019741942218504506,5.819922781123042
Q3p85_W2p62_t0p21_loweps_center,6,0.35,0.408,9,192,216,379.0,0.004200403852603883,0.00021842417635274696,5.200075612190077
Q3p85_W2p62_t0p21_loweps_center,6,0.35,0.408,10,216,240,964.0,0.010116026645143264,0.00033048018547959064,3.266897143240081
Q3p85_W2p62_t0p21_loweps_center,6,0.35,0.408,11,240,264,3847.0,0.03622502888014565,0.0005951130053473312,1.6428227215948554
Q3p85_W2p62_t0p21_loweps_center,6,0.35,0.408,12,264,288,6917.0,0.06354937928079835,0.000776252726564891,1.221495371551864
Q3p85_W2p62_t0p21_loweps_center,6,0.35,0.408,13,288,312,5551.0,0.0516865344542797,0.0007035863407862404,1.3612565597885287
Q3p85_W2p62_t0p21_loweps_center,6,0.35,0.408,14,312,336,2269.0,0.022117630046128302,0.0004719576974737317,2.1338529331100196
Q3p85_W2p62_t0p21_loweps_center,6,0.35,0.408,15,336,360,1298.0,0.0129873013480147,0.00036693969954971627,2.8253729525249556
Q3p85_W2p62_t0p21_loweps_center,7,0.408,0.5,1,0,24,453.0,0.004373142269179785,0.0002092404991946896,4.784671668912664
Q3p85_W2p62_t0p21_loweps_center,7,0.408,0.5,2,24,48,904.0,0.008428256284594227,0.0002858709178788607,3.391815676053849
Q3p85_W2p62_t0p21_loweps_center,7,0.408,0.5,3,48,72,2580.0,0.02249214820802069,0.00045129646400037606,2.0064622544121593
Q3p85_W2p62_t0p21_loweps_center,7,0.408,0.5,4,72,96,2568.0,0.022598409671237978,0.0004541178517086313,2.0095124316938446
Q3p85_W2p62_t0p21_loweps_center,7,0.408,0.5,5,96,120,962.0,0.009130392909058439,0.0002994784251012798,3.280016841379975
Q3p85_W2p62_t0p21_loweps_center,7,0.408,0.5,6,120,144,157.0,0.0016405307372319555,0.00013257668520943563,8.081328938288008
Q3p85_W2p62_t0p21_loweps_center,7,0.408,0.5,7,144,168,67.0,0.0007300997303707549,9.039220005707044e-05,12.380801731178288
Q3p85_W2p62_t0p21_loweps_center,7,0.408,0.5,8,168,192,49.0,0.0004968058908379318,7.189173875556136e-05,14.4707903189928
Q3p85_W2p62_t0p21_loweps_center,7,0.408,0.5,9,192,216,58.0,0.000627172116124484,8.325330085177232e-05,13.274394494165909
Q3p85_W2p62_t0p21_loweps_center,7,0.408,0.5,10,216,240,149.0,0.0015264562632034554,0.00012641335394989595,8.281492041219842
Q3p85_W2p62_t0p21_loweps_center,7,0.408,0.5,11,240,264,1015.0,0.009586952847184815,0.0003060966987643497,3.1928466077126294
Q3p85_W2p62_t0p21_loweps_center,7,0.408,0.5,12,264,288,2690.0,0.0236815041570551,0.00046488320272421743,1.963064506549603
Q3p85_W2p62_t0p21_loweps_center,7,0.408,0.5,13,288,312,2669.0,0.022853056038504408,0.00044991150803500485,1.9687148505519911
Q3p85_W2p62_t0p21_loweps_center,7,0.408,0.5,14,312,336,813.0,0.0075512660074656315,0.00026986119215890303,3.5737211732721668
Q3p85_W2p62_t0p21_loweps_center,7,0.408,0.5,15,336,360,475.0,0.004526919967241686,0.0002118884448597537,4.680631563912101
Q3p85_W2p62_t0p21_loweps_left,1,0.16,0.208,1,0,24,0.0,0.0,0.0,0.0
Q3p85_W2p62_t0p21_loweps_left,1,0.16,0.208,2,24,48,0.0,0.0,0.0,0.0
Q3p85_W2p62_t0p21_loweps_left,1,0.16,0.208,3,48,72,0.0,0.0,0.0,0.0
Q3p85_W2p62_t0p21_loweps_left,1,0.16,0.208,4,72,96,1.0,1.5389544462986277e-05,1.5389544462986277e-05,100.0
Q3p85_W2p62_t0p21_loweps_left,1,0.16,0.208,5,96,120,13.0,0.00016186026725373872,4.518320897962431e-05,27.914947717708433
Q3p85_W2p62_t0p21_loweps_left,1,0.16,0.208,6,120,144,295.0,0.003554284855001634,0.00020941559764811311,5.891919364690787
Q3p85_W2p62_t0p21_loweps_left,1,0.16,0.208,7,144,168,1265.0,0.01489186692463714,0.000423572134985041,2.8443185607862387
Q3p85_W2p62_t0p21_loweps_left,1,0.16,0.208,8,168,192,1650.0,0.019208733285455873,0.0004783398673186039,2.490220777237741
Q3p85_W2p62_t0p21_loweps_left,1,0.16,0.208,9,192,216,1226.0,0.01436692225263954,0.00041469972297075697,2.8864896439080185
Q3p85_W2p62_t0p21_loweps_left,1,0.16,0.208,10,216,240,282.0,0.0033618324163580673,0.00020230658843641607,6.017747566833757
Q3p85_W2p62_t0p21_loweps_left,1,0.16,0.208,11,240,264,7.0,8.977520256618416e-05,3.420689123130322e-05,38.10282823487386
Q3p85_W2p62_t0p21_loweps_left,1,0.16,0.208,12,264,288,1.0,1.20950749243952e-05,1.20950749243952e-05,100.0
Q3p85_W2p62_t0p21_loweps_left,1,0.16,0.208,13,288,312,0.0,0.0,0.0,0.0
Q3p85_W2p62_t0p21_loweps_left,1,0.16,0.208,14,312,336,0.0,0.0,0.0,0.0
Q3p85_W2p62_t0p21_loweps_left,1,0.16,0.208,15,336,360,0.0,0.0,0.0,0.0
Q3p85_W2p62_t0p21_loweps_left,2,0.208,0.226,1,0,24,0.0,0.0,0.0,0.0
Q3p85_W2p62_t0p21_loweps_left,2,0.208,0.226,2,24,48,1.0,1.2795881189554673e-05,1.2795881189554673e-05,100.0
Q3p85_W2p62_t0p21_loweps_left,2,0.208,0.226,3,48,72,2.0,2.5683433649577284e-05,1.8165179762817838e-05,70.72722444616284
Q3p85_W2p62_t0p21_loweps_left,2,0.208,0.226,4,72,96,9.0,0.00012194560523850684,4.09479748891571e-05,33.5788852817362
Q3p85_W2p62_t0p21_loweps_left,2,0.208,0.226,5,96,120,123.0,0.0015313108784051762,0.00013926231225631593,9.09432005089354
Q3p85_W2p62_t0p21_loweps_left,2,0.208,0.226,6,120,144,1246.0,0.014475370689965942,0.0004146721350693277,2.864673685743818
Q3p85_W2p62_t0p21_loweps_left,2,0.208,0.226,7,144,168,2690.0,0.02984367332368184,0.0005825273759418367,1.9519292066489144
Q3p85_W2p62_t0p21_loweps_left,2,0.208,0.226,8,168,192,2872.0,0.03163880704433061,0.0005975623106468589,1.8887005120312736
Q3p85_W2p62_t0p21_loweps_left,2,0.208,0.226,9,192,216,2655.0,0.02958989369410481,0.0005810708735983584,1.96374775660017
Q3p85_W2p62_t0p21_loweps_left,2,0.208,0.226,10,216,240,1213.0,0.014090645066429285,0.00040906633351495055,2.9031057952736594
Q3p85_W2p62_t0p21_loweps_left,2,0.208,0.226,11,240,264,102.0,0.0013114295998432762,0.00013089130975885114,9.980811000033357
Q3p85_W2p62_t0p21_loweps_left,2,0.208,0.226,12,264,288,4.0,5.85432116232217e-05,2.9357620482083347e-05,50.14692509701395
Q3p85_W2p62_t0p21_loweps_left,2,0.208,0.226,13,288,312,1.0,1.3317765121788248e-05,1.3317765121788248e-05,100.0
Q3p85_W2p62_t0p21_loweps_left,2,0.208,0.226,14,312,336,1.0,1.4217076770977302e-05,1.4217076770977302e-05,100.0
Q3p85_W2p62_t0p21_loweps_left,2,0.208,0.226,15,336,360,0.0,0.0,0.0,0.0
Q3p85_W2p62_t0p21_loweps_left,3,0.226,0.264,1,0,24,7.0,8.744786107429706e-05,3.3295185603102466e-05,38.07432817003307
Q3p85_W2p62_t0p21_loweps_left,3,0.226,0.264,2,24,48,8.0,0.00010076604259249205,3.5808443357040324e-05,35.53622077017875
Q3p85_W2p62_t0p21_loweps_left,3,0.226,0.264,3,48,72,30.0,0.00037744893944487027,6.939295431783449e-05,18.384726267847928
Q3p85_W2p62_t0p21_loweps_left,3,0.226,0.264,4,72,96,169.0,0.0020774491502488484,0.00016102582491583456,7.751131954134522
Q3p85_W2p62_t0p21_loweps_left,3,0.226,0.264,5,96,120,1900.0,0.022166613674944907,0.0005132721742661084,2.3155191036069884
Q3p85_W2p62_t0p21_loweps_left,3,0.226,0.264,6,120,144,7959.0,0.0847148212981762,0.000961372190899695,1.1348335228329072
Q3p85_W2p62_t0p21_loweps_left,3,0.226,0.264,7,144,168,10652.0,0.10920742837477775,0.001072535700845221,0.982108741874679
Q3p85_W2p62_t0p21_loweps_left,3,0.226,0.264,8,168,192,10793.0,0.10910244066616558,0.001065415340451437,0.9765275038268134
Q3p85_W2p62_t0p21_loweps_left,3,0.226,0.264,9,192,216,10791.0,0.11048869794360573,0.0010780209049721249,0.9756843234068655
Q3p85_W2p62_t0p21_loweps_left,3,0.226,0.264,10,216,240,7668.0,0.08202006783944785,0.0009480435426935185,1.1558677865876545
Q3p85_W2p62_t0p21_loweps_left,3,0.226,0.264,11,240,264,1708.0,0.01995599486279824,0.0004872425340578088,2.441584783959437
Q3p85_W2p62_t0p21_loweps_left,3,0.226,0.264,12,264,288,166.0,0.002097531996664704,0.0001639282294788905,7.815291005789354
Q3p85_W2p62_t0p21_loweps_left,3,0.226,0.264,13,288,312,23.0,0.0002886909782656251,6.06899212761338e-05,21.022451633487794
Q3p85_W2p62_t0p21_loweps_left,3,0.226,0.264,14,312,336,8.0,9.855588956123523e-05,3.50305458008719e-05,35.54383807687774
Q3p85_W2p62_t0p21_loweps_left,3,0.226,0.264,15,336,360,5.0,6.403188104659169e-05,2.879734526690334e-05,44.97344884488002
Q3p85_W2p62_t0p21_loweps_left,4,0.264,0.302,1,0,24,11.0,0.00012844199907034536,3.902386406391582e-05,30.38247952100399
Q3p85_W2p62_t0p21_loweps_left,4,0.264,0.302,2,24,48,29.0,0.0003318421300516485,6.197808380989428e-05,18.67697865857114
Q3p85_W2p62_t0p21_loweps_left,4,0.264,0.302,3,48,72,77.0,0.0008840263783612558,0.00010136677944937956,11.466488097027824
Q3p85_W2p62_t0p21_loweps_left,4,0.264,0.302,4,72,96,496.0,0.005576084612034231,0.0002520674352426297,4.520509511254925
Q3p85_W2p62_t0p21_loweps_left,4,0.264,0.302,5,96,120,4637.0,0.04888486160793086,0.000724846259958601,1.4827622215074558
Q3p85_W2p62_t0p21_loweps_left,4,0.264,0.302,6,120,144,12663.0,0.12344991938925981,0.001111204264361093,0.9001255487719406
Q3p85_W2p62_t0p21_loweps_left,4,0.264,0.302,7,144,168,15013.0,0.1389006975389804,0.0011508488268189502,0.8285407108887857
Q3p85_W2p62_t0p21_loweps_left,4,0.264,0.302,8,168,192,15271.0,0.1384154057065201,0.0011385606305259186,0.8225678526998575
Q3p85_W2p62_t0p21_loweps_left,4,0.264,0.302,9,192,216,14810.0,0.1366495047171236,0.001140460560905662,0.8345881408546009
Q3p85_W2p62_t0p21_loweps_left,4,0.264,0.302,10,216,240,12552.0,0.12206528602577543,0.0011035507469579747,0.9040659985222561
Q3p85_W2p62_t0p21_loweps_left,4,0.264,0.302,11,240,264,4582.0,0.048426127549405014,0.0007222807702281216,1.4915104857212476
Q3p85_W2p62_t0p21_loweps_left,4,0.264,0.302,12,264,288,482.0,0.005438877588879826,0.00024941217351412024,4.5857287544779695
Q3p85_W2p62_t0p21_loweps_left,4,0.264,0.302,13,288,312,64.0,0.0007229790783533002,9.090753694109826e-05,12.574020419533388
Q3p85_W2p62_t0p21_loweps_left,4,0.264,0.302,14,312,336,13.0,0.0001495274548210704,4.177634398585199e-05,27.938911978300556
Q3p85_W2p62_t0p21_loweps_left,4,0.264,0.302,15,336,360,16.0,0.00018268230227041238,4.6098228795500345e-05,25.23409669277335
Q3p85_W2p62_t0p21_loweps_left,5,0.302,0.35,1,0,24,13.0,0.0001455863680743461,4.078839074559668e-05,28.016627713913028
Q3p85_W2p62_t0p21_loweps_left,5,0.302,0.35,2,24,48,16.0,0.0001696853336468962,4.266476598837607e-05,25.143461176885555
Q3p85_W2p62_t0p21_loweps_left,5,0.302,0.35,3,48,72,59.0,0.0006280995552818858,8.239873177747432e-05,13.118737481113873
Q3p85_W2p62_t0p21_loweps_left,5,0.302,0.35,4,72,96,773.0,0.007940563637229699,0.0002880147422510738,3.6271322214547013
Q3p85_W2p62_t0p21_loweps_left,5,0.302,0.35,5,96,120,7048.0,0.06741981435981757,0.0008122929509041776,1.2048282224109874
Q3p85_W2p62_t0p21_loweps_left,5,0.302,0.35,6,120,144,16997.0,0.15039632172542275,0.00117115644081198,0.7787134867235318
Q3p85_W2p62_t0p21_loweps_left,5,0.302,0.35,7,144,168,21121.0,0.17506257350529258,0.0012269837867239296,0.7008829826706704
Q3p85_W2p62_t0p21_loweps_left,5,0.302,0.35,8,168,192,21123.0,0.17046969480010563,0.0011961767764690516,0.7016946782662453
Q3p85_W2p62_t0p21_loweps_left,5,0.302,0.35,9,192,216,20999.0,0.17330904523799595,0.0012180800008483698,0.7028369460899438
Q3p85_W2p62_t0p21_loweps_left,5,0.302,0.35,10,216,240,17255.0,0.1521950578760519,0.001176252591434798,0.7728585985970331
Q3p85_W2p62_t0p21_loweps_left,5,0.302,0.35,11,240,264,7038.0,0.06771607918801374,0.0008161767693542908,1.2052924196750605
Q3p85_W2p62_t0p21_loweps_left,5,0.302,0.35,12,264,288,725.0,0.007511322734204876,0.0002812838076569246,3.744797256227873
Q3p85_W2p62_t0p21_loweps_left,5,0.302,0.35,13,288,312,56.0,0.000593740947656411,8.008628174363261e-05,13.48842151779253
Q3p85_W2p62_t0p21_loweps_left,5,0.302,0.35,14,312,336,28.0,0.0003046011731600295,5.807412737030239e-05,19.06562826656999
Q3p85_W2p62_t0p21_loweps_left,5,0.302,0.35,15,336,360,11.0,0.00010852013529669889,3.298288057289266e-05,30.39332791349365
Q3p85_W2p62_t0p21_loweps_left,6,0.35,0.408,1,0,24,8.0,8.540721145002473e-05,3.060199332397828e-05,35.83069017759088
Q3p85_W2p62_t0p21_loweps_left,6,0.35,0.408,2,24,48,8.0,8.487195576756158e-05,3.0305533188798413e-05,35.70735811932511
Q3p85_W2p62_t0p21_loweps_left,6,0.35,0.408,3,48,72,29.0,0.00033917822809289395,6.38518755716266e-05,18.825464102058724
Q3p85_W2p62_t0p21_loweps_left,6,0.35,0.408,4,72,96,548.0,0.005248241307941565,0.00022720441725103592,4.329153404345821
Q3p85_W2p62_t0p21_loweps_left,6,0.35,0.408,5,96,120,6548.0,0.05742108536091407,0.0007204735405245433,1.25471947455553
Q3p85_W2p62_t0p21_loweps_left,6,0.35,0.408,6,120,144,17605.0,0.1400975964877582,0.0010758464706239646,0.7679264295715255
Q3p85_W2p62_t0p21_loweps_left,6,0.35,0.408,7,144,168,22786.0,0.16739254653856306,0.0011333687838386362,0.6770724308071485
Q3p85_W2p62_t0p21_loweps_left,6,0.35,0.408,8,168,192,20257.0,0.14597464909958224,0.001051000214307718,0.7199881765708082
Q3p85_W2p62_t0p21_loweps_left,6,0.35,0.408,9,192,216,22338.0,0.16391768191021547,0.0011211059824334881,0.6839445076142332
Q3p85_W2p62_t0p21_loweps_left,6,0.35,0.408,10,216,240,17378.0,0.13827482355712425,0.0010683801754169772,0.7726498200705401
Q3p85_W2p62_t0p21_loweps_left,6,0.35,0.408,11,240,264,6733.0,0.05886050872184262,0.0007277764993530105,1.2364427612956375
Q3p85_W2p62_t0p21_loweps_left,6,0.35,0.408,12,264,288,529.0,0.005052736113624581,0.00022237881932819572,4.401156409663996
Q3p85_W2p62_t0p21_loweps_left,6,0.35,0.408,13,288,312,27.0,0.00029445310246518696,5.7382719654281886e-05,19.4878977921675
Q3p85_W2p62_t0p21_loweps_left,6,0.35,0.408,14,312,336,9.0,0.0001176897358819594,3.956941270254581e-05,33.62180431965044
Q3p85_W2p62_t0p21_loweps_left,6,0.35,0.408,15,336,360,3.0,3.38687737965731e-05,1.9643183898345616e-05,57.99791872102895
Q3p85_W2p62_t0p21_loweps_left,7,0.408,0.5,1,0,24,4.0,4.9061557556863516e-05,2.4620707907097733e-05,50.18329856030711
Q3p85_W2p62_t0p21_loweps_left,7,0.408,0.5,2,24,48,3.0,3.47390435940219e-05,2.0115952799051076e-05,57.90589123332327
Q3p85_W2p62_t0p21_loweps_left,7,0.408,0.5,3,48,72,11.0,0.00011050538066626813,3.378231585700417e-05,30.570742938779134
Q3p85_W2p62_t0p21_loweps_left,7,0.408,0.5,4,72,96,326.0,0.002980987823701453,0.00016831111780062658,5.646152475444763
Q3p85_W2p62_t0p21_loweps_left,7,0.408,0.5,5,96,120,3868.0,0.03156915545286556,0.0005174940863127761,1.6392395643444517
Q3p85_W2p62_t0p21_loweps_left,7,0.408,0.5,6,120,144,11992.0,0.08675282334858729,0.0008108723957008924,0.9346928023802431
Q3p85_W2p62_t0p21_loweps_left,7,0.408,0.5,7,144,168,8915.0,0.06448039039754654,0.0007008335554678052,1.0868940946959151
Q3p85_W2p62_t0p21_loweps_left,7,0.408,0.5,8,168,192,5810.0,0.04410141279124751,0.0005934101262365721,1.345558086870047
Q3p85_W2p62_t0p21_loweps_left,7,0.408,0.5,9,192,216,9476.0,0.06836110282552682,0.000720808926657743,1.0544138360339395
Q3p85_W2p62_t0p21_loweps_left,7,0.408,0.5,10,216,240,12548.0,0.0906233564107739,0.0008273028737671023,0.9129024862168391
Q3p85_W2p62_t0p21_loweps_left,7,0.408,0.5,11,240,264,3956.0,0.032146053209012544,0.0005208139103272282,1.6201488467057334
Q3p85_W2p62_t0p21_loweps_left,7,0.408,0.5,12,264,288,319.0,0.0028821488891730015,0.00016409563311876939,5.693516866363371
Q3p85_W2p62_t0p21_loweps_left,7,0.408,0.5,13,288,312,20.0,0.00021472359852403936,4.874943646199744e-05,22.703343646012762
Q3p85_W2p62_t0p21_loweps_left,7,0.408,0.5,14,312,336,5.0,5.752365815764746e-05,2.5833694574257283e-05,44.909686556196235
Q3p85_W2p62_t0p21_loweps_left,7,0.408,0.5,15,336,360,8.0,8.265971029533466e-05,2.9563474030438584e-05,35.76527660792825
Q3p85_W2p62_t0p21_higheps_right,1,0.16,0.208,1,0,24,488.0,0.3548563243869155,0.016143447641473057,4.54929122916551
Q3p85_W2p62_t0p21_higheps_right,1,0.16,0.208,2,24,48,496.0,0.35964702228861184,0.01622298672699746,4.510808020531512
Q3p85_W2p62_t0p21_higheps_right,1,0.16,0.208,3,48,72,415.0,0.3010866931005987,0.014841105291035325,4.929180077073892
Q3p85_W2p62_t0p21_higheps_right,1,0.16,0.208,4,72,96,356.0,0.2622785311798388,0.013956962100465254,5.32142758222756
Q3p85_W2p62_t0p21_higheps_right,1,0.16,0.208,5,96,120,152.0,0.11358890064192868,0.009249077839007299,8.142589449090256
Q3p85_W2p62_t0p21_higheps_right,1,0.16,0.208,6,120,144,35.0,0.027210074421002192,0.004609550943505432,16.94060395493639
Q3p85_W2p62_t0p21_higheps_right,1,0.16,0.208,7,144,168,14.0,0.011279148742299488,0.003024496907789242,26.814939468318737
Q3p85_W2p62_t0p21_higheps_right,1,0.16,0.208,8,168,192,18.0,0.014117295462112656,0.0033330759824241637,23.609876207304143
Q3p85_W2p62_t0p21_higheps_right,1,0.16,0.208,9,192,216,17.0,0.014401877720431205,0.0035091752253224705,24.366095126222213
Q3p85_W2p62_t0p21_higheps_right,1,0.16,0.208,10,216,240,36.0,0.028869171166170417,0.004838643441480323,16.760590089785328
Q3p85_W2p62_t0p21_higheps_right,1,0.16,0.208,11,240,264,145.0,0.11013684948084472,0.009180828809372333,8.335837508198459
Q3p85_W2p62_t0p21_higheps_right,1,0.16,0.208,12,264,288,371.0,0.2740349046755571,0.014289475084572107,5.214472624022146
Q3p85_W2p62_t0p21_higheps_right,1,0.16,0.208,13,288,312,471.0,0.34437052730332257,0.015940192701304975,4.628791211062266
Q3p85_W2p62_t0p21_higheps_right,1,0.16,0.208,14,312,336,513.0,0.37397104584145274,0.016590421189888474,4.4362849408726905
Q3p85_W2p62_t0p21_higheps_right,1,0.16,0.208,15,336,360,513.0,0.37112681763354133,0.01646389830340812,4.4361920295571124
Q3p85_W2p62_t0p21_higheps_right,2,0.208,0.226,1,0,24,410.0,0.25554264154441825,0.012660581327000788,4.954390879926838
Q3p85_W2p62_t0p21_higheps_right,2,0.208,0.226,2,24,48,326.0,0.20608489756820242,0.011456832292667328,5.5592779615865675
Q3p85_W2p62_t0p21_higheps_right,2,0.208,0.226,3,48,72,303.0,0.19334732993782278,0.011144486967602731,5.76397252094798
Q3p85_W2p62_t0p21_higheps_right,2,0.208,0.226,4,72,96,168.0,0.10840577802360613,0.00840159405655435,7.7501349187539095
Q3p85_W2p62_t0p21_higheps_right,2,0.208,0.226,5,96,120,16.0,0.011155212082998738,0.0028301796140504645,25.37091713714561
Q3p85_W2p62_t0p21_higheps_right,2,0.208,0.226,6,120,144,0.0,0.0,0.0,0.0
Q3p85_W2p62_t0p21_higheps_right,2,0.208,0.226,7,144,168,0.0,0.0,0.0,0.0
Q3p85_W2p62_t0p21_higheps_right,2,0.208,0.226,8,168,192,1.0,0.0007935098120520303,0.0007935098120520303,100.0
Q3p85_W2p62_t0p21_higheps_right,2,0.208,0.226,9,192,216,0.0,0.0,0.0,0.0
Q3p85_W2p62_t0p21_higheps_right,2,0.208,0.226,10,216,240,2.0,0.0017197134642063046,0.0012180692175671021,70.82977733905659
Q3p85_W2p62_t0p21_higheps_right,2,0.208,0.226,11,240,264,24.0,0.017240795600586757,0.0035557586569415615,20.62409844253677
Q3p85_W2p62_t0p21_higheps_right,2,0.208,0.226,12,264,288,201.0,0.1277187034580624,0.009035484108480537,7.0745191298057755
Q3p85_W2p62_t0p21_higheps_right,2,0.208,0.226,13,288,312,310.0,0.1969736595018271,0.011226815971728763,5.699653446111978
Q3p85_W2p62_t0p21_higheps_right,2,0.208,0.226,14,312,336,388.0,0.2431057686051175,0.0123741334761297,5.09002050717657
Q3p85_W2p62_t0p21_higheps_right,2,0.208,0.226,15,336,360,387.0,0.24230430670395084,0.012364487846398448,5.102875807116986
Q3p85_W2p62_t0p21_higheps_right,3,0.226,0.264,1,0,24,1061.0,0.5782997401848535,0.017848122610413884,3.0863099825548477
Q3p85_W2p62_t0p21_higheps_right,3,0.226,0.264,2,24,48,1014.0,0.5648946327502004,0.017853410038760772,3.160484983162453
Q3p85_W2p62_t0p21_higheps_right,3,0.226,0.264,3,48,72,753.0,0.42651452216313845,0.015627809873815415,3.6640745066677707
Q3p85_W2p62_t0p21_higheps_right,3,0.226,0.264,4,72,96,338.0,0.19769234281338613,0.010839766940015934,5.4831496181155845
Q3p85_W2p62_t0p21_higheps_right,3,0.226,0.264,5,96,120,25.0,0.01670164408160569,0.003374980939929959,20.20747732043329
Q3p85_W2p62_t0p21_higheps_right,3,0.226,0.264,6,120,144,3.0,0.0026222806430986467,0.001514427867200481,57.752318432665575
Q3p85_W2p62_t0p21_higheps_right,3,0.226,0.264,7,144,168,3.0,0.0025515996268404705,0.0014756851083369954,57.83372488434908
Q3p85_W2p62_t0p21_higheps_right,3,0.226,0.264,8,168,192,2.0,0.0018532208607444371,0.0013170376661543132,71.06749627377172
Q3p85_W2p62_t0p21_higheps_right,3,0.226,0.264,9,192,216,2.0,0.0015587496050941101,0.001106359601080161,70.97737811541349
Q3p85_W2p62_t0p21_higheps_right,3,0.226,0.264,10,216,240,3.0,0.002470572806195277,0.0014358199912015315,58.11688639982717
Q3p85_W2p62_t0p21_higheps_right,3,0.226,0.264,11,240,264,31.0,0.020908218265526562,0.003793941794567671,18.14569633043824
Q3p85_W2p62_t0p21_higheps_right,3,0.226,0.264,12,264,288,349.0,0.20408806945451893,0.011016077354814668,5.397707658393821
Q3p85_W2p62_t0p21_higheps_right,3,0.226,0.264,13,288,312,855.0,0.48577959213581073,0.016708222935221274,3.43946580006805
Q3p85_W2p62_t0p21_higheps_right,3,0.226,0.264,14,312,336,1096.0,0.6070460061250116,0.01843746603530042,3.037243610742661
Q3p85_W2p62_t0p21_higheps_right,3,0.226,0.264,15,336,360,1111.0,0.6075778913442468,0.018337021245360918,3.0180527479021397
Q3p85_W2p62_t0p21_higheps_right,4,0.264,0.302,1,0,24,1269.0,0.5895919518074607,0.01667518073595141,2.8282578628883517
Q3p85_W2p62_t0p21_higheps_right,4,0.264,0.302,2,24,48,1219.0,0.5795693520135036,0.016706727299363084,2.882610552356093
Q3p85_W2p62_t0p21_higheps_right,4,0.264,0.302,3,48,72,910.0,0.44621641956479025,0.014881935829740865,3.3351385509873688
Q3p85_W2p62_t0p21_higheps_right,4,0.264,0.302,4,72,96,303.0,0.15516118006008134,0.00899458070200485,5.7969272330372705
Q3p85_W2p62_t0p21_higheps_right,4,0.264,0.302,5,96,120,8.0,0.005748399138262054,0.002046984473186428,35.609644075712254
Q3p85_W2p62_t0p21_higheps_right,4,0.264,0.302,6,120,144,1.0,0.0008850959368656833,0.0008850959368656833,100.0
Q3p85_W2p62_t0p21_higheps_right,4,0.264,0.302,7,144,168,0.0,0.0,0.0,0.0
Q3p85_W2p62_t0p21_higheps_right,4,0.264,0.302,8,168,192,1.0,0.0006140252990765779,0.0006140252990765779,100.0
Q3p85_W2p62_t0p21_higheps_right,4,0.264,0.302,9,192,216,0.0,0.0,0.0,0.0
Q3p85_W2p62_t0p21_higheps_right,4,0.264,0.302,10,216,240,1.0,0.0007679402650319389,0.0007679402650319389,100.0
Q3p85_W2p62_t0p21_higheps_right,4,0.264,0.302,11,240,264,12.0,0.00860811675169973,0.002504810898316431,29.098244953773882
Q3p85_W2p62_t0p21_higheps_right,4,0.264,0.302,12,264,288,334.0,0.1702971932382323,0.009406440618806659,5.523544128908685
Q3p85_W2p62_t0p21_higheps_right,4,0.264,0.302,13,288,312,925.0,0.45238786374499146,0.014963820480372871,3.3077413608088952
Q3p85_W2p62_t0p21_higheps_right,4,0.264,0.302,14,312,336,1265.0,0.6003834178159425,0.017002397869253068,2.8319232951342825
Q3p85_W2p62_t0p21_higheps_right,4,0.264,0.302,15,336,360,1314.0,0.6104678488395547,0.016956023592189295,2.7775457175052205
Q3p85_W2p62_t0p21_higheps_right,5,0.302,0.35,1,0,24,1635.0,0.6512519994215086,0.01625855085942046,2.49650686276012
Q3p85_W2p62_t0p21_higheps_right,5,0.302,0.35,2,24,48,1704.0,0.6934332721709987,0.01693383724139463,2.442028371147843
Q3p85_W2p62_t0p21_higheps_right,5,0.302,0.35,3,48,72,1173.0,0.49417680195998914,0.014534258044370071,2.941104881233748
Q3p85_W2p62_t0p21_higheps_right,5,0.302,0.35,4,72,96,295.0,0.1314268171483582,0.007729167716495039,5.880966977820168
Q3p85_W2p62_t0p21_higheps_right,5,0.302,0.35,5,96,120,3.0,0.0020270190519401394,0.0011750472889164919,57.96922765929645
Q3p85_W2p62_t0p21_higheps_right,5,0.302,0.35,6,120,144,0.0,0.0,0.0,0.0
Q3p85_W2p62_t0p21_higheps_right,5,0.302,0.35,7,144,168,0.0,0.0,0.0,0.0
Q3p85_W2p62_t0p21_higheps_right,5,0.302,0.35,8,168,192,0.0,0.0,0.0,0.0
Q3p85_W2p62_t0p21_higheps_right,5,0.302,0.35,9,192,216,0.0,0.0,0.0,0.0
Q3p85_W2p62_t0p21_higheps_right,5,0.302,0.35,10,216,240,1.0,0.0006874789909104746,0.0006874789909104746,100.0
Q3p85_W2p62_t0p21_higheps_right,5,0.302,0.35,11,240,264,5.0,0.0029385770242379297,0.0013178987103059441,44.84819351120187
Q3p85_W2p62_t0p21_higheps_right,5,0.302,0.35,12,264,288,326.0,0.14434492622777118,0.008078894784940461,5.5969371394407395
Q3p85_W2p62_t0p21_higheps_right,5,0.302,0.35,13,288,312,1217.0,0.5150081489455165,0.014883471061132268,2.889948652580799
Q3p85_W2p62_t0p21_higheps_right,5,0.302,0.35,14,312,336,1576.0,0.638191409660437,0.016214528512568094,2.54069990086444
Q3p85_W2p62_t0p21_higheps_right,5,0.302,0.35,15,336,360,1612.0,0.6357597509515195,0.01596403131894312,2.5110163540630417
Q3p85_W2p62_t0p21_higheps_right,6,0.35,0.408,1,0,24,1532.0,0.5078561585637846,0.013086756818162855,2.576862876916203
Q3p85_W2p62_t0p21_higheps_right,6,0.35,0.408,2,24,48,1787.0,0.605474893536894,0.014441674524216224,2.385181397011342
Q3p85_W2p62_t0p21_higheps_right,6,0.35,0.408,3,48,72,1399.0,0.49284263037664733,0.013278704356294605,2.6943092049781816
Q3p85_W2p62_t0p21_higheps_right,6,0.35,0.408,4,72,96,255.0,0.09620524322893088,0.00609393418580653,6.334305679478766
Q3p85_W2p62_t0p21_higheps_right,6,0.35,0.408,5,96,120,0.0,0.0,0.0,0.0
Q3p85_W2p62_t0p21_higheps_right,6,0.35,0.408,6,120,144,0.0,0.0,0.0,0.0
Q3p85_W2p62_t0p21_higheps_right,6,0.35,0.408,7,144,168,0.0,0.0,0.0,0.0
Q3p85_W2p62_t0p21_higheps_right,6,0.35,0.408,8,168,192,0.0,0.0,0.0,0.0
Q3p85_W2p62_t0p21_higheps_right,6,0.35,0.408,9,192,216,0.0,0.0,0.0,0.0
Q3p85_W2p62_t0p21_higheps_right,6,0.35,0.408,10,216,240,0.0,0.0,0.0,0.0
Q3p85_W2p62_t0p21_higheps_right,6,0.35,0.408,11,240,264,0.0,0.0,0.0,0.0
Q3p85_W2p62_t0p21_higheps_right,6,0.35,0.408,12,264,288,293.0,0.1096846833508754,0.006487330707003904,5.914527451614444
Q3p85_W2p62_t0p21_higheps_right,6,0.35,0.408,13,288,312,1394.0,0.49272661802472095,0.013311968853132558,2.701694685482706
Q3p85_W2p62_t0p21_higheps_right,6,0.35,0.408,14,312,336,1805.0,0.6069134369771746,0.01440305897488303,2.373165281464136
Q3p85_W2p62_t0p21_higheps_right,6,0.35,0.408,15,336,360,1503.0,0.49968060957008853,0.013014914595252053,2.604646717520163
Q3p85_W2p62_t0p21_higheps_right,7,0.408,0.5,1,0,24,1391.0,0.37421101029903847,0.010141117379234036,2.709999732805856
Q3p85_W2p62_t0p21_higheps_right,7,0.408,0.5,2,24,48,2183.0,0.5921162629101778,0.01280018985214198,2.161769681722748
Q3p85_W2p62_t0p21_higheps_right,7,0.408,0.5,3,48,72,1791.0,0.5069487272109068,0.012094851274568908,2.3858135202570625
Q3p85_W2p62_t0p21_higheps_right,7,0.408,0.5,4,72,96,234.0,0.06982968490297736,0.0046160839319874915,6.610489419222159
Q3p85_W2p62_t0p21_higheps_right,7,0.408,0.5,5,96,120,0.0,0.0,0.0,0.0
Q3p85_W2p62_t0p21_higheps_right,7,0.408,0.5,6,120,144,0.0,0.0,0.0,0.0
Q3p85_W2p62_t0p21_higheps_right,7,0.408,0.5,7,144,168,0.0,0.0,0.0,0.0
Q3p85_W2p62_t0p21_higheps_right,7,0.408,0.5,8,168,192,0.0,0.0,0.0,0.0
Q3p85_W2p62_t0p21_higheps_right,7,0.408,0.5,9,192,216,0.0,0.0,0.0,0.0
Q3p85_W2p62_t0p21_higheps_right,7,0.408,0.5,10,216,240,0.0,0.0,0.0,0.0
Q3p85_W2p62_t0p21_higheps_right,7,0.408,0.5,11,240,264,0.0,0.0,0.0,0.0
Q3p85_W2p62_t0p21_higheps_right,7,0.408,0.5,12,264,288,258.0,0.0775611100379524,0.004897363575392856,6.314199955359672
Q3p85_W2p62_t0p21_higheps_right,7,0.408,0.5,13,288,312,1888.0,0.5294048542159305,0.012296296073864071,2.322664020917483
Q3p85_W2p62_t0p21_higheps_right,7,0.408,0.5,14,312,336,2178.0,0.5925997546707777,0.01282275964869636,2.163814538839983
Q3p85_W2p62_t0p21_higheps_right,7,0.408,0.5,15,336,360,1502.0,0.4042527150481428,0.010538393975998319,2.606882671089368
Q3p85_W2p62_t0p21_higheps_center,1,0.16,0.208,1,0,24,120.0,0.08930825184480615,0.008186306344942312,9.166349330370863
Q3p85_W2p62_t0p21_higheps_center,1,0.16,0.208,2,24,48,154.0,0.11447357813923785,0.009256518201722975,8.086161324025339
Q3p85_W2p62_t0p21_higheps_center,1,0.16,0.208,3,48,72,233.0,0.17240606228560593,0.011338591990605934,6.576678244540236
Q3p85_W2p62_t0p21_higheps_center,1,0.16,0.208,4,72,96,375.0,0.2786295753217986,0.014438030235790026,5.181801041441872
Q3p85_W2p62_t0p21_higheps_center,1,0.16,0.208,5,96,120,412.0,0.30308528978138466,0.0150069981680967,4.951410930870727
Q3p85_W2p62_t0p21_higheps_center,1,0.16,0.208,6,120,144,426.0,0.3019819246631697,0.014715257087709386,4.872893337613755
Q3p85_W2p62_t0p21_higheps_center,1,0.16,0.208,7,144,168,456.0,0.3105747901249445,0.014646987367592061,4.716090240840078
Q3p85_W2p62_t0p21_higheps_center,1,0.16,0.208,8,168,192,493.0,0.33074252244240826,0.015020253905493806,4.5413736929182615
Q3p85_W2p62_t0p21_higheps_center,1,0.16,0.208,9,192,216,495.0,0.33757714204909633,0.015293270931659712,4.530304048084956
Q3p85_W2p62_t0p21_higheps_center,1,0.16,0.208,10,216,240,474.0,0.33831681844379186,0.015637430838213652,4.6221263578156
Q3p85_W2p62_t0p21_higheps_center,1,0.16,0.208,11,240,264,434.0,0.31871549569151475,0.015360243623790721,4.8194216570687
Q3p85_W2p62_t0p21_higheps_center,1,0.16,0.208,12,264,288,363.0,0.27182722412052285,0.014330422779777684,5.27188651767413
Q3p85_W2p62_t0p21_higheps_center,1,0.16,0.208,13,288,312,222.0,0.1654670521275677,0.011147314641001865,6.736878730641664
Q3p85_W2p62_t0p21_higheps_center,1,0.16,0.208,14,312,336,140.0,0.10270277689964374,0.008715265464354804,8.485910242593485
Q3p85_W2p62_t0p21_higheps_center,1,0.16,0.208,15,336,360,118.0,0.08761222631525581,0.008100845666185456,9.246250217448095
Q3p85_W2p62_t0p21_higheps_center,2,0.208,0.226,1,0,24,105.0,0.0680967594131745,0.006664631572113893,9.787002538074526
Q3p85_W2p62_t0p21_higheps_center,2,0.208,0.226,2,24,48,145.0,0.09484791614018709,0.00790056444621709,8.329718530178248
Q3p85_W2p62_t0p21_higheps_center,2,0.208,0.226,3,48,72,224.0,0.14552036801507448,0.009751248459560626,6.700950933927334
Q3p85_W2p62_t0p21_higheps_center,2,0.208,0.226,4,72,96,286.0,0.1860410087401909,0.011040237387416432,5.934303120681469
Q3p85_W2p62_t0p21_higheps_center,2,0.208,0.226,5,96,120,347.0,0.21946546441676132,0.011811367812935465,5.381879943764579
Q3p85_W2p62_t0p21_higheps_center,2,0.208,0.226,6,120,144,359.0,0.21675327462970034,0.011495341865019658,5.303422467161437
Q3p85_W2p62_t0p21_higheps_center,2,0.208,0.226,7,144,168,364.0,0.2080989414753617,0.010966075699495183,5.269645112920256
Q3p85_W2p62_t0p21_higheps_center,2,0.208,0.226,8,168,192,361.0,0.20265981036354613,0.010740397336560502,5.299717451276395
Q3p85_W2p62_t0p21_higheps_center,2,0.208,0.226,9,192,216,393.0,0.22591912047239304,0.011469638481911357,5.076878157956944
Q3p85_W2p62_t0p21_higheps_center,2,0.208,0.226,10,216,240,378.0,0.2293313613166658,0.011862156281864733,5.172496344922144
Q3p85_W2p62_t0p21_higheps_center,2,0.208,0.226,11,240,264,385.0,0.2455988369311197,0.012570339861246498,5.11824079393827
Q3p85_W2p62_t0p21_higheps_center,2,0.208,0.226,12,264,288,345.0,0.22319032053502635,0.012055965213979166,5.401652358883173
Q3p85_W2p62_t0p21_higheps_center,2,0.208,0.226,13,288,312,214.0,0.1392393821450481,0.009552611931875649,6.860567595685339
Q3p85_W2p62_t0p21_higheps_center,2,0.208,0.226,14,312,336,133.0,0.08661741698031632,0.007539526366262221,8.704399910673356
Q3p85_W2p62_t0p21_higheps_center,2,0.208,0.226,15,336,360,126.0,0.08194386970483862,0.007321416451736899,8.934672572955856
Q3p85_W2p62_t0p21_higheps_center,3,0.226,0.264,1,0,24,290.0,0.16590221561381965,0.009778673194948696,5.894239060502416
Q3p85_W2p62_t0p21_higheps_center,3,0.226,0.264,2,24,48,425.0,0.24514928812912967,0.011943259882939858,4.871831353900926
Q3p85_W2p62_t0p21_higheps_center,3,0.226,0.264,3,48,72,724.0,0.4217102401311177,0.0157479969375231,3.7343169406146624
Q3p85_W2p62_t0p21_higheps_center,3,0.226,0.264,4,72,96,1001.0,0.57997665898664,0.018422113248264513,3.1763542485403495
Q3p85_W2p62_t0p21_higheps_center,3,0.226,0.264,5,96,120,995.0,0.5575412514845032,0.01777027703731553,3.1872578020013025
Q3p85_W2p62_t0p21_higheps_center,3,0.226,0.264,6,120,144,966.0,0.5120447168236626,0.016612813552088816,3.244406788364525
Q3p85_W2p62_t0p21_higheps_center,3,0.226,0.264,7,144,168,712.0,0.3669129886217192,0.013900892414288785,3.7886073388970045
Q3p85_W2p62_t0p21_higheps_center,3,0.226,0.264,8,168,192,538.0,0.27849409925357205,0.01214364916473696,4.360469107706311
Q3p85_W2p62_t0p21_higheps_center,3,0.226,0.264,9,192,216,735.0,0.37947350316864864,0.01416992553132112,3.7341014360688076
Q3p85_W2p62_t0p21_higheps_center,3,0.226,0.264,10,216,240,1019.0,0.5356321311782325,0.016902065400400616,3.1555361257400794
Q3p85_W2p62_t0p21_higheps_center,3,0.226,0.264,11,240,264,1056.0,0.5907410825591047,0.01829064892281341,3.096220910111393
Q3p85_W2p62_t0p21_higheps_center,3,0.226,0.264,12,264,288,952.0,0.5524045429895164,0.017994686582594666,3.257519658547807
Q3p85_W2p62_t0p21_higheps_center,3,0.226,0.264,13,288,312,654.0,0.37841990195363384,0.014863732162326657,3.927841026751242
Q3p85_W2p62_t0p21_higheps_center,3,0.226,0.264,14,312,336,399.0,0.22808838609611337,0.011470122896022464,5.028806197606707
Q3p85_W2p62_t0p21_higheps_center,3,0.226,0.264,15,336,360,309.0,0.17868993785789422,0.010206260479999172,5.711715277508154
Q3p85_W2p62_t0p21_higheps_center,4,0.264,0.302,1,0,24,271.0,0.1359079682843285,0.008306646424753497,6.111964242873119
Q3p85_W2p62_t0p21_higheps_center,4,0.264,0.302,2,24,48,469.0,0.2348268534693773,0.010905734723979368,4.6441599684431045
Q3p85_W2p62_t0p21_higheps_center,4,0.264,0.302,3,48,72,850.0,0.429006121052358,0.014799862273378978,3.4498021233530904
Q3p85_W2p62_t0p21_higheps_center,4,0.264,0.302,4,72,96,1095.0,0.555485180290427,0.01689504759474544,3.041493849739091
Q3p85_W2p62_t0p21_higheps_center,4,0.264,0.302,5,96,120,1182.0,0.5787911762705521,0.016984174691901253,2.9344218412828935
Q3p85_W2p62_t0p21_higheps_center,4,0.264,0.302,6,120,144,714.0,0.33704779781031324,0.01278722171441911,3.793889708668447
Q3p85_W2p62_t0p21_higheps_center,4,0.264,0.302,7,144,168,223.0,0.11864978384758586,0.008106006381494979,6.831876231572174
Q3p85_W2p62_t0p21_higheps_center,4,0.264,0.302,8,168,192,128.0,0.0737987438385033,0.006668045939505596,9.035446394721221
Q3p85_W2p62_t0p21_higheps_center,4,0.264,0.302,9,192,216,222.0,0.11575173771324432,0.007926141661539291,6.847535784883843
Q3p85_W2p62_t0p21_higheps_center,4,0.264,0.302,10,216,240,710.0,0.33752423901349465,0.012832376402270704,3.801912549977677
Q3p85_W2p62_t0p21_higheps_center,4,0.264,0.302,11,240,264,1234.0,0.6007856936020283,0.017233656209196653,2.868519738855924
Q3p85_W2p62_t0p21_higheps_center,4,0.264,0.302,12,264,288,1151.0,0.5848508833612895,0.01735228278286138,2.9669584635203616
Q3p85_W2p62_t0p21_higheps_center,4,0.264,0.302,13,288,312,845.0,0.42874414108716746,0.014838675909478967,3.4609629584330883
Q3p85_W2p62_t0p21_higheps_center,4,0.264,0.302,14,312,336,413.0,0.2059702022307453,0.010189971940906678,4.947303945204174
Q3p85_W2p62_t0p21_higheps_center,4,0.264,0.302,15,336,360,324.0,0.1613222190778789,0.009018154182925188,5.5901500949299745
Q3p85_W2p62_t0p21_higheps_center,5,0.302,0.35,1,0,24,325.0,0.14199662869850144,0.007949823788948106,5.598600376511619
Q3p85_W2p62_t0p21_higheps_center,5,0.302,0.35,2,24,48,500.0,0.21971438023077436,0.009916858349978217,4.513522664999061
Q3p85_W2p62_t0p21_higheps_center,5,0.302,0.35,3,48,72,951.0,0.4184318521545338,0.013665080005013533,3.265783886826759
Q3p85_W2p62_t0p21_higheps_center,5,0.302,0.35,4,72,96,1380.0,0.6156607060334163,0.016717990321174346,2.715455145559824
Q3p85_W2p62_t0p21_higheps_center,5,0.302,0.35,5,96,120,1239.0,0.5369057663835763,0.015428705538398946,2.873633792820241
Q3p85_W2p62_t0p21_higheps_center,5,0.302,0.35,6,120,144,300.0,0.1396941719131033,0.008245751794140664,5.902717114977374
Q3p85_W2p62_t0p21_higheps_center,5,0.302,0.35,7,144,168,97.0,0.05479376112542084,0.005628048288941449,10.2713304824231
Q3p85_W2p62_t0p21_higheps_center,5,0.302,0.35,8,168,192,85.0,0.04965525595633861,0.005455322442581487,10.986394768316773
Q3p85_W2p62_t0p21_higheps_center,5,0.302,0.35,9,192,216,112.0,0.06294851504086645,0.006015216608895626,9.555772054337615
Q3p85_W2p62_t0p21_higheps_center,5,0.302,0.35,10,216,240,321.0,0.14689789293067518,0.00836063440661198,5.691459720635731
Q3p85_W2p62_t0p21_higheps_center,5,0.302,0.35,11,240,264,1273.0,0.5501222103557946,0.01562525415605622,2.8403241792311027
Q3p85_W2p62_t0p21_higheps_center,5,0.302,0.35,12,264,288,1412.0,0.6257670992992432,0.016791346419016615,2.683322027927032
Q3p85_W2p62_t0p21_higheps_center,5,0.302,0.35,13,288,312,930.0,0.4121733639460471,0.01363344790719917,3.3076974641631063
Q3p85_W2p62_t0p21_higheps_center,5,0.302,0.35,14,312,336,487.0,0.2147439812623633,0.009817926458079246,4.571921597227073
Q3p85_W2p62_t0p21_higheps_center,5,0.302,0.35,15,336,360,326.0,0.14408662909589287,0.008055659171697125,5.590844356790319
Q3p85_W2p62_t0p21_higheps_center,6,0.35,0.408,1,0,24,174.0,0.06705977524322031,0.005143037037163801,7.669332350892062
Q3p85_W2p62_t0p21_higheps_center,6,0.35,0.408,2,24,48,344.0,0.13175324573718408,0.007190827596821579,5.457799203797639
Q3p85_W2p62_t0p21_higheps_center,6,0.35,0.408,3,48,72,958.0,0.36341178010722053,0.011859595257116013,3.2634041894891173
Q3p85_W2p62_t0p21_higheps_center,6,0.35,0.408,4,72,96,1513.0,0.5736614529051204,0.014883539576725231,2.5944813794534083
Q3p85_W2p62_t0p21_higheps_center,6,0.35,0.408,5,96,120,923.0,0.354091552035463,0.011858767143425208,3.3490680800646517
Q3p85_W2p62_t0p21_higheps_center,6,0.35,0.408,6,120,144,98.0,0.04591381905713822,0.004723742335337886,10.28828015691604
Q3p85_W2p62_t0p21_higheps_center,6,0.35,0.408,7,144,168,27.0,0.01448198214497289,0.0028017147795882254,19.34621070197066
Q3p85_W2p62_t0p21_higheps_center,6,0.35,0.408,8,168,192,13.0,0.007233219026647425,0.0020232280768102285,27.971337095649773
Q3p85_W2p62_t0p21_higheps_center,6,0.35,0.408,9,192,216,28.0,0.014685283326924745,0.002800582760633854,19.070675711779582
Q3p85_W2p62_t0p21_higheps_center,6,0.35,0.408,10,216,240,95.0,0.04450394751303545,0.0046468107235526366,10.44134505639429
Q3p85_W2p62_t0p21_higheps_center,6,0.35,0.408,11,240,264,905.0,0.3396024289623295,0.011465749208797017,3.3762270911404046
Q3p85_W2p62_t0p21_higheps_center,6,0.35,0.408,12,264,288,1506.0,0.5725228119922402,0.014899741596320768,2.6024712525380935
Q3p85_W2p62_t0p21_higheps_center,6,0.35,0.408,13,288,312,926.0,0.35077615227158054,0.01162815614325657,3.3149791021864368
Q3p85_W2p62_t0p21_higheps_center,6,0.35,0.408,14,312,336,351.0,0.13406932368234586,0.0072462637557546014,5.404863362273217
Q3p85_W2p62_t0p21_higheps_center,6,0.35,0.408,15,336,360,179.0,0.07081517257364743,0.0053653400659568985,7.57654026808587
Q3p85_W2p62_t0p21_higheps_center,7,0.408,0.5,1,0,24,64.0,0.023268765351019138,0.0029503148421532593,12.679292595230196
Q3p85_W2p62_t0p21_higheps_center,7,0.408,0.5,2,24,48,202.0,0.06576836703572592,0.004683904169953354,7.12181916788206
Q3p85_W2p62_t0p21_higheps_center,7,0.408,0.5,3,48,72,1002.0,0.3092452199059929,0.00988999052538161,3.198106191710273
Q3p85_W2p62_t0p21_higheps_center,7,0.408,0.5,4,72,96,1758.0,0.541123249047002,0.013057222975818912,2.4129850267595434
Q3p85_W2p62_t0p21_higheps_center,7,0.408,0.5,5,96,120,613.0,0.1969944725511063,0.00811806704354085,4.120961841421606
Q3p85_W2p62_t0p21_higheps_center,7,0.408,0.5,6,120,144,13.0,0.005875255864038587,0.0016421013696824227,27.949444376260068
Q3p85_W2p62_t0p21_higheps_center,7,0.408,0.5,7,144,168,1.0,0.0004585323248378093,0.0004585323248378093,100.0
Q3p85_W2p62_t0p21_higheps_center,7,0.408,0.5,8,168,192,4.0,0.0017294960983383336,0.0008650972193066016,50.02018912547824
Q3p85_W2p62_t0p21_higheps_center,7,0.408,0.5,9,192,216,3.0,0.00133292312684878,0.0007716174477572898,57.88911845062689
Q3p85_W2p62_t0p21_higheps_center,7,0.408,0.5,10,216,240,19.0,0.00864282036111409,0.001992047063424882,23.048576508514866
Q3p85_W2p62_t0p21_higheps_center,7,0.408,0.5,11,240,264,700.0,0.22202457245505297,0.008543258800979914,3.8478888649631005
Q3p85_W2p62_t0p21_higheps_center,7,0.408,0.5,12,264,288,1831.0,0.556698204581262,0.013162592034850018,2.36440353615846
Q3p85_W2p62_t0p21_higheps_center,7,0.408,0.5,13,288,312,1005.0,0.3077426826650947,0.009817545569772476,3.190180018173351
Q3p85_W2p62_t0p21_higheps_center,7,0.408,0.5,14,312,336,210.0,0.06832905243014893,0.004787027177071914,7.0058445226729456
Q3p85_W2p62_t0p21_higheps_center,7,0.408,0.5,15,336,360,77.0,0.027833431494592286,0.003211051595338177,11.53667163160262
Q3p85_W2p62_t0p21_higheps_left,1,0.16,0.208,1,0,24,0.0,0.0,0.0,0.0
Q3p85_W2p62_t0p21_higheps_left,1,0.16,0.208,2,24,48,0.0,0.0,0.0,0.0
Q3p85_W2p62_t0p21_higheps_left,1,0.16,0.208,3,48,72,0.0,0.0,0.0,0.0
Q3p85_W2p62_t0p21_higheps_left,1,0.16,0.208,4,72,96,0.0,0.0,0.0,0.0
Q3p85_W2p62_t0p21_higheps_left,1,0.16,0.208,5,96,120,0.0,0.0,0.0,0.0
Q3p85_W2p62_t0p21_higheps_left,1,0.16,0.208,6,120,144,5.0,0.0032912091089133356,0.0014743291291030311,44.795972553376075
Q3p85_W2p62_t0p21_higheps_left,1,0.16,0.208,7,144,168,61.0,0.038213629787896934,0.004901425041073011,12.826379143457858
Q3p85_W2p62_t0p21_higheps_left,1,0.16,0.208,8,168,192,89.0,0.054417815268867194,0.005787608831294885,10.635503837666956
Q3p85_W2p62_t0p21_higheps_left,1,0.16,0.208,9,192,216,66.0,0.04090277814059795,0.005044274558242127,12.332351951505819
Q3p85_W2p62_t0p21_higheps_left,1,0.16,0.208,10,216,240,11.0,0.006987001300273177,0.0021111918429088192,30.215993273484525
Q3p85_W2p62_t0p21_higheps_left,1,0.16,0.208,11,240,264,0.0,0.0,0.0,0.0
Q3p85_W2p62_t0p21_higheps_left,1,0.16,0.208,12,264,288,0.0,0.0,0.0,0.0
Q3p85_W2p62_t0p21_higheps_left,1,0.16,0.208,13,288,312,0.0,0.0,0.0,0.0
Q3p85_W2p62_t0p21_higheps_left,1,0.16,0.208,14,312,336,0.0,0.0,0.0,0.0
Q3p85_W2p62_t0p21_higheps_left,1,0.16,0.208,15,336,360,0.0,0.0,0.0,0.0
Q3p85_W2p62_t0p21_higheps_left,2,0.208,0.226,1,0,24,1.0,0.0006509561672982676,0.0006509561672982676,100.0
Q3p85_W2p62_t0p21_higheps_left,2,0.208,0.226,2,24,48,0.0,0.0,0.0,0.0
Q3p85_W2p62_t0p21_higheps_left,2,0.208,0.226,3,48,72,0.0,0.0,0.0,0.0
Q3p85_W2p62_t0p21_higheps_left,2,0.208,0.226,4,72,96,0.0,0.0,0.0,0.0
Q3p85_W2p62_t0p21_higheps_left,2,0.208,0.226,5,96,120,3.0,0.0018960655619546037,0.0010967256387773314,57.84217913049093
Q3p85_W2p62_t0p21_higheps_left,2,0.208,0.226,6,120,144,85.0,0.05050683687275472,0.005492811074105294,10.875381263617246
Q3p85_W2p62_t0p21_higheps_left,2,0.208,0.226,7,144,168,208.0,0.11830064449059086,0.008228474894741593,6.955562186642231
Q3p85_W2p62_t0p21_higheps_left,2,0.208,0.226,8,168,192,230.0,0.12741903615538733,0.00843942253705372,6.623360835002594
Q3p85_W2p62_t0p21_higheps_left,2,0.208,0.226,9,192,216,213.0,0.1215726290393506,0.008360451552474958,6.87691926919574
Q3p85_W2p62_t0p21_higheps_left,2,0.208,0.226,10,216,240,65.0,0.03846087687726822,0.004783268741806315,12.436712654966536
Q3p85_W2p62_t0p21_higheps_left,2,0.208,0.226,11,240,264,4.0,0.002526270718731212,0.001264941963039655,50.07151267125308
Q3p85_W2p62_t0p21_higheps_left,2,0.208,0.226,12,264,288,1.0,0.0005848627067853664,0.0005848627067853664,100.0
Q3p85_W2p62_t0p21_higheps_left,2,0.208,0.226,13,288,312,0.0,0.0,0.0,0.0
Q3p85_W2p62_t0p21_higheps_left,2,0.208,0.226,14,312,336,0.0,0.0,0.0,0.0
Q3p85_W2p62_t0p21_higheps_left,2,0.208,0.226,15,336,360,0.0,0.0,0.0,0.0
Q3p85_W2p62_t0p21_higheps_left,3,0.226,0.264,1,0,24,0.0,0.0,0.0,0.0
Q3p85_W2p62_t0p21_higheps_left,3,0.226,0.264,2,24,48,0.0,0.0,0.0,0.0
Q3p85_W2p62_t0p21_higheps_left,3,0.226,0.264,3,48,72,1.0,0.0005573117248127346,0.0005573117248127346,100.0
Q3p85_W2p62_t0p21_higheps_left,3,0.226,0.264,4,72,96,12.0,0.006676324212800814,0.0019337752887294073,28.964670185155082
Q3p85_W2p62_t0p21_higheps_left,3,0.226,0.264,5,96,120,159.0,0.08730396397692203,0.0069370003544100365,7.945802273358134
Q3p85_W2p62_t0p21_higheps_left,3,0.226,0.264,6,120,144,642.0,0.33372283211515075,0.013222772711699231,3.9622019949587166
Q3p85_W2p62_t0p21_higheps_left,3,0.226,0.264,7,144,168,936.0,0.4604373303762669,0.01514357209697832,3.288954022169114
Q3p85_W2p62_t0p21_higheps_left,3,0.226,0.264,8,168,192,969.0,0.4630135644235974,0.015005648537445971,3.240865860188439
Q3p85_W2p62_t0p21_higheps_left,3,0.226,0.264,9,192,216,980.0,0.48038635030030746,0.015444639904521757,3.2150455346757325
Q3p85_W2p62_t0p21_higheps_left,3,0.226,0.264,10,216,240,658.0,0.3428934877951789,0.013420469118997514,3.9138885970951955
Q3p85_W2p62_t0p21_higheps_left,3,0.226,0.264,11,240,264,171.0,0.09195886584068907,0.007050623558093183,7.66714932120606
Q3p85_W2p62_t0p21_higheps_left,3,0.226,0.264,12,264,288,11.0,0.0061559265456892515,0.0018576450944551507,30.176531195876354
Q3p85_W2p62_t0p21_higheps_left,3,0.226,0.264,13,288,312,2.0,0.0010477334160845608,0.0007416160285719256,70.78289354780595
Q3p85_W2p62_t0p21_higheps_left,3,0.226,0.264,14,312,336,1.0,0.0006065414794948588,0.0006065414794948588,100.0
Q3p85_W2p62_t0p21_higheps_left,3,0.226,0.264,15,336,360,0.0,0.0,0.0,0.0
Q3p85_W2p62_t0p21_higheps_left,4,0.264,0.302,1,0,24,6.0,0.0030430694928120124,0.001243603689578507,40.8667528794858
Q3p85_W2p62_t0p21_higheps_left,4,0.264,0.302,2,24,48,5.0,0.002355440607103295,0.001055036541118771,44.79147289628533
Q3p85_W2p62_t0p21_higheps_left,4,0.264,0.302,3,48,72,11.0,0.005327737795320344,0.001607674384492827,30.175553795176242
Q3p85_W2p62_t0p21_higheps_left,4,0.264,0.302,4,72,96,70.0,0.034546049793897415,0.0041369436261612935,11.975156785920246
Q3p85_W2p62_t0p21_higheps_left,4,0.264,0.302,5,96,120,557.0,0.2652220495756385,0.011272113139388418,4.250066371715347
Q3p85_W2p62_t0p21_higheps_left,4,0.264,0.302,6,120,144,1158.0,0.5235478875135523,0.01547862969401922,2.9564878520531797
Q3p85_W2p62_t0p21_higheps_left,4,0.264,0.302,7,144,168,1213.0,0.5034292112983976,0.014634411316000536,2.90694520452177
Q3p85_W2p62_t0p21_higheps_left,4,0.264,0.302,8,168,192,1356.0,0.5379647414795178,0.014821363835897102,2.7550808990074684
Q3p85_W2p62_t0p21_higheps_left,4,0.264,0.302,9,192,216,1370.0,0.5679283755102813,0.015517579095180537,2.732312693698049
Q3p85_W2p62_t0p21_higheps_left,4,0.264,0.302,10,216,240,1111.0,0.4982756179892791,0.015039361041717056,3.0182815491567245
Q3p85_W2p62_t0p21_higheps_left,4,0.264,0.302,11,240,264,614.0,0.29231656480477464,0.011833050630602538,4.048026029077521
Q3p85_W2p62_t0p21_higheps_left,4,0.264,0.302,12,264,288,84.0,0.04144063918485269,0.004529674407016683,10.93051288811289
Q3p85_W2p62_t0p21_higheps_left,4,0.264,0.302,13,288,312,10.0,0.004859376764627036,0.0015389046247650264,31.6687653438854
Q3p85_W2p62_t0p21_higheps_left,4,0.264,0.302,14,312,336,9.0,0.004354557888895366,0.0014531823790193254,33.37152510304458
Q3p85_W2p62_t0p21_higheps_left,4,0.264,0.302,15,336,360,6.0,0.0029807911750870317,0.0012180695501434564,40.86396793991756
Q3p85_W2p62_t0p21_higheps_left,5,0.302,0.35,1,0,24,5.0,0.0022684220036947207,0.0010235869862146286,45.12330529978322
Q3p85_W2p62_t0p21_higheps_left,5,0.302,0.35,2,24,48,6.0,0.002632810434288078,0.0010758500110947277,40.86317788335725
Q3p85_W2p62_t0p21_higheps_left,5,0.302,0.35,3,48,72,22.0,0.009593600093237708,0.0020481596539173607,21.349229006961192
Q3p85_W2p62_t0p21_higheps_left,5,0.302,0.35,4,72,96,205.0,0.08807763887302344,0.006166884105591515,7.001645575992294
Q3p85_W2p62_t0p21_higheps_left,5,0.302,0.35,5,96,120,1016.0,0.4229615134372048,0.013333675648407406,3.152456009543525
Q3p85_W2p62_t0p21_higheps_left,5,0.302,0.35,6,120,144,1662.0,0.6433800553343044,0.01596155700541237,2.4808908627294395
Q3p85_W2p62_t0p21_higheps_left,5,0.302,0.35,7,144,168,1847.0,0.6429622448177438,0.01526719639954926,2.3745090046270056
Q3p85_W2p62_t0p21_higheps_left,5,0.302,0.35,8,168,192,1929.0,0.6376249834208705,0.014886937013654086,2.3347480730421473
Q3p85_W2p62_t0p21_higheps_left,5,0.302,0.35,9,192,216,1921.0,0.6682768772132716,0.01555156392745186,2.3271138741627877
Q3p85_W2p62_t0p21_higheps_left,5,0.302,0.35,10,216,240,1732.0,0.6686023647546526,0.016276355026273472,2.434384902638831
Q3p85_W2p62_t0p21_higheps_left,5,0.302,0.35,11,240,264,1049.0,0.4393461759357957,0.013642967960823474,3.1052888833649943
Q3p85_W2p62_t0p21_higheps_left,5,0.302,0.35,12,264,288,214.0,0.09196371079478644,0.006304273137737533,6.8551748110787765
Q3p85_W2p62_t0p21_higheps_left,5,0.302,0.35,13,288,312,25.0,0.010844275353165863,0.002173539362757466,20.043195990250524
Q3p85_W2p62_t0p21_higheps_left,5,0.302,0.35,14,312,336,7.0,0.0030769251835621007,0.0011635852536555336,37.81649485245111
Q3p85_W2p62_t0p21_higheps_left,5,0.302,0.35,15,336,360,7.0,0.0030193149741156353,0.001142989134735121,37.85590918913338
Q3p85_W2p62_t0p21_higheps_left,6,0.35,0.408,1,0,24,0.0,0.0,0.0,0.0
Q3p85_W2p62_t0p21_higheps_left,6,0.35,0.408,2,24,48,3.0,0.0012861808824497227,0.000745339472776922,57.949817397169845
Q3p85_W2p62_t0p21_higheps_left,6,0.35,0.408,3,48,72,13.0,0.005582189159425626,0.0015767409160238682,28.245924152561418
Q3p85_W2p62_t0p21_higheps_left,6,0.35,0.408,4,72,96,289.0,0.10794412913592298,0.006385560816955871,5.915616595428908
Q3p85_W2p62_t0p21_higheps_left,6,0.35,0.408,5,96,120,1353.0,0.49109404249954564,0.01349278304939354,2.747494752882494
Q3p85_W2p62_t0p21_higheps_left,6,0.35,0.408,6,120,144,1928.0,0.6361767874849744,0.01477322389920279,2.3221884529308943
Q3p85_W2p62_t0p21_higheps_left,6,0.35,0.408,7,144,168,1877.0,0.5482175077590208,0.013014928639903552,2.3740446913316213
Q3p85_W2p62_t0p21_higheps_left,6,0.35,0.408,8,168,192,1452.0,0.4120874325243332,0.01123692203818149,2.7268295879219675
Q3p85_W2p62_t0p21_higheps_left,6,0.35,0.408,9,192,216,1918.0,0.5631136954350962,0.013254220806986435,2.353737959923957
Q3p85_W2p62_t0p21_higheps_left,6,0.35,0.408,10,216,240,1962.0,0.6426740092169363,0.014781796039107748,2.300045719464923
Q3p85_W2p62_t0p21_higheps_left,6,0.35,0.408,11,240,264,1411.0,0.510995606121404,0.013746208330342114,2.690083469538923
Q3p85_W2p62_t0p21_higheps_left,6,0.35,0.408,12,264,288,311.0,0.11533672455212718,0.0065731854186323385,5.699126140574197
Q3p85_W2p62_t0p21_higheps_left,6,0.35,0.408,13,288,312,16.0,0.006426455385147974,0.0016156675697022466,25.140882070638458
Q3p85_W2p62_t0p21_higheps_left,6,0.35,0.408,14,312,336,2.0,0.0009051567933690623,0.000640065830284236,70.71325487177336
Q3p85_W2p62_t0p21_higheps_left,6,0.35,0.408,15,336,360,3.0,0.0014641207308199633,0.0008541872109397929,58.34130976763204
Q3p85_W2p62_t0p21_higheps_left,7,0.408,0.5,1,0,24,2.0,0.0008021149441788111,0.0005697880460354513,71.03571005260207
Q3p85_W2p62_t0p21_higheps_left,7,0.408,0.5,2,24,48,1.0,0.00041968953779562276,0.00041968953779562276,100.0
Q3p85_W2p62_t0p21_higheps_left,7,0.408,0.5,3,48,72,15.0,0.005300637304181161,0.0013925484382382094,26.27133980926713
Q3p85_W2p62_t0p21_higheps_left,7,0.408,0.5,4,72,96,500.0,0.15320707871259948,0.006921476412100711,4.517726250158898
Q3p85_W2p62_t0p21_higheps_left,7,0.408,0.5,5,96,120,2104.0,0.6182052610664319,0.01365542954973083,2.2088827788645147
Q3p85_W2p62_t0p21_higheps_left,7,0.408,0.5,6,120,144,2252.0,0.6109202349804674,0.01316441308618282,2.1548497385429894
Q3p85_W2p62_t0p21_higheps_left,7,0.408,0.5,7,144,168,878.0,0.24304987298100542,0.008543382398775754,3.515073796991216
Q3p85_W2p62_t0p21_higheps_left,7,0.408,0.5,8,168,192,395.0,0.1188472381672241,0.006245437012634883,5.255012324179748
Q3p85_W2p62_t0p21_higheps_left,7,0.408,0.5,9,192,216,886.0,0.24093037346271734,0.008408363997472608,3.4899559887885028
Q3p85_W2p62_t0p21_higheps_left,7,0.408,0.5,10,216,240,2309.0,0.6199320032258321,0.013181897400285175,2.126345684961066
Q3p85_W2p62_t0p21_higheps_left,7,0.408,0.5,11,240,264,1977.0,0.5845026671810404,0.013349515394498855,2.2839100904160725
Q3p85_W2p62_t0p21_higheps_left,7,0.408,0.5,12,264,288,508.0,0.1559509343606582,0.006984980538870166,4.478960365005848
Q3p85_W2p62_t0p21_higheps_left,7,0.408,0.5,13,288,312,6.0,0.0022529405620645726,0.000930327313336163,41.293912897711785
Q3p85_W2p62_t0p21_higheps_left,7,0.408,0.5,14,312,336,1.0,0.00044763853100524405,0.00044763853100524405,100.0
Q3p85_W2p62_t0p21_higheps_left,7,0.408,0.5,15,336,360,3.0,0.0012899778176294302,0.0007518780590699259,58.286123125096765
