Physics_Setting,Beam_Energy,total_tbins,tbin_number,t_min,t_max,t_central,total_phibins,phi_central,avg_Q2,avg_Q2_err,avg_W,avg_W_err,avg_eps,avg_eps_err,avg_theta,avg_theta_err
Q3p85_W2p62_t0p21_loweps_center,6.39566,7,1,0.1600,0.2080,0.1840,15,180.0000,3.575822,0.002764,2.685604,0.000703,0.283879,0.000202,0.017214,0.000189
Q3p85_W2p62_t0p21_loweps_center,6.39566,7,2,0.2080,0.2260,0.2170,15,180.0000,3.692120,0.003400,2.655966,0.000878,0.288364,0.000264,0.021583,0.000232
Q3p85_W2p62_t0p21_loweps_center,6.39566,7,3,0.2260,0.2620,0.2440,15,180.0000,3.794179,0.002747,2.629372,0.000721,0.292424,0.000197,0.025146,0.000172
Q3p85_W2p62_t0p21_loweps_center,6.39566,7,4,0.2620,0.2980,0.2800,15,180.0000,3.907636,0.003639,2.600684,0.000935,0.296082,0.000218,0.029571,0.000219
Q3p85_W2p62_t0p21_loweps_center,6.39566,7,5,0.2980,0.3480,0.3230,15,180.0000,4.011273,0.004516,2.574521,0.001138,0.299180,0.000238,0.035514,0.000266
Q3p85_W2p62_t0p21_loweps_center,6.39566,7,6,0.3480,0.3920,0.3700,15,180.0000,4.099780,0.007390,2.553110,0.001813,0.301038,0.000362,0.042708,0.000423
Q3p85_W2p62_t0p21_loweps_center,6.39566,7,7,0.3920,0.4900,0.4410,15,180.0000,4.182557,0.009956,2.532961,0.002399,0.302620,0.000452,0.049465,0.000524
Q3p85_W2p62_t0p21_loweps_left,6.39566,7,1,0.1600,0.2080,0.1840,15,180.0000,3.555272,0.007744,2.687408,0.002111,0.285782,0.000594,0.023151,0.000446
Q3p85_W2p62_t0p21_loweps_left,6.39566,7,2,0.2080,0.2260,0.2170,15,180.0000,3.649735,0.006581,2.664570,0.001809,0.288567,0.000535,0.024515,0.000417
Q3p85_W2p62_t0p21_loweps_left,6.39566,7,3,0.2260,0.2620,0.2440,15,180.0000,3.757846,0.004278,2.637130,0.001134,0.292209,0.000289,0.028481,0.000263
Q3p85_W2p62_t0p21_loweps_left,6.39566,7,4,0.2620,0.2980,0.2800,15,180.0000,3.829186,0.004652,2.619759,0.001209,0.294045,0.000266,0.035337,0.000262
Q3p85_W2p62_t0p21_loweps_left,6.39566,7,5,0.2980,0.3480,0.3230,15,180.0000,3.881115,0.004275,2.606699,0.001088,0.295612,0.000217,0.044029,0.000224
Q3p85_W2p62_t0p21_loweps_left,6.39566,7,6,0.3480,0.3920,0.3700,15,180.0000,3.888877,0.006091,2.607305,0.001563,0.293728,0.000293,0.053928,0.000265
Q3p85_W2p62_t0p21_loweps_left,6.39566,7,7,0.3920,0.4900,0.4410,15,180.0000,3.959619,0.008387,2.592213,0.002166,0.294006,0.000407,0.061044,0.000337
Q3p85_W2p62_t0p21_higheps_right,10.557302,7,1,0.1600,0.2080,0.1840,15,180.0000,3.521358,0.004216,2.697993,0.001073,0.776821,0.000119,0.018616,0.000309
Q3p85_W2p62_t0p21_higheps_right,10.557302,7,2,0.2080,0.2260,0.2170,15,180.0000,3.614626,0.006515,2.674498,0.001642,0.777579,0.000175,0.025797,0.000404
Q3p85_W2p62_t0p21_higheps_right,10.557302,7,3,0.2260,0.2620,0.2440,15,180.0000,3.691655,0.004850,2.655019,0.001229,0.778559,0.000126,0.031795,0.000255
Q3p85_W2p62_t0p21_higheps_right,10.557302,7,4,0.2620,0.2980,0.2800,15,180.0000,3.768683,0.005519,2.636103,0.001380,0.779154,0.000125,0.039148,0.000261
Q3p85_W2p62_t0p21_higheps_right,10.557302,7,5,0.2980,0.3480,0.3230,15,180.0000,3.829853,0.005417,2.620796,0.001332,0.779696,0.000113,0.047266,0.000234
Q3p85_W2p62_t0p21_higheps_right,10.557302,7,6,0.3480,0.3920,0.3700,15,180.0000,3.900774,0.007349,2.601624,0.001818,0.780625,0.000137,0.054787,0.000279
Q3p85_W2p62_t0p21_higheps_right,10.557302,7,7,0.3920,0.4900,0.4410,15,180.0000,3.950699,0.006694,2.590831,0.001641,0.780475,0.000112,0.065403,0.000253
Q3p85_W2p62_t0p21_higheps_center,10.557302,7,1,0.1600,0.2080,0.1840,15,180.0000,3.568342,0.004448,2.685600,0.001143,0.777402,0.000125,0.016592,0.000295
Q3p85_W2p62_t0p21_higheps_center,10.557302,7,2,0.2080,0.2260,0.2170,15,180.0000,3.694281,0.005419,2.653706,0.001392,0.778799,0.000158,0.020429,0.000352
Q3p85_W2p62_t0p21_higheps_center,10.557302,7,3,0.2260,0.2620,0.2440,15,180.0000,3.789935,0.004701,2.629753,0.001177,0.779605,0.000111,0.024982,0.000274
Q3p85_W2p62_t0p21_higheps_center,10.557302,7,4,0.2620,0.2980,0.2800,15,180.0000,3.875769,0.005963,2.609135,0.001472,0.780073,0.000115,0.031796,0.000335
Q3p85_W2p62_t0p21_higheps_center,10.557302,7,5,0.2980,0.3480,0.3230,15,180.0000,3.931017,0.007142,2.596239,0.001760,0.780277,0.000114,0.041011,0.000371
Q3p85_W2p62_t0p21_higheps_center,10.557302,7,6,0.3480,0.3920,0.3700,15,180.0000,3.951908,0.009643,2.590344,0.002367,0.780555,0.000138,0.051349,0.000437
Q3p85_W2p62_t0p21_higheps_center,10.557302,7,7,0.3920,0.4900,0.4410,15,180.0000,3.965012,0.009367,2.587512,0.002284,0.780517,0.000137,0.063624,0.000380
Q3p85_W2p62_t0p21_higheps_left,10.557302,7,1,0.1600,0.2080,0.1840,15,180.0000,3.586926,0.014302,2.673819,0.004270,0.779145,0.000509,0.023006,0.000890
Q3p85_W2p62_t0p21_higheps_left,10.557302,7,2,0.2080,0.2260,0.2170,15,180.0000,3.672411,0.009689,2.654604,0.002688,0.779507,0.000302,0.024785,0.000586
Q3p85_W2p62_t0p21_higheps_left,10.557302,7,3,0.2260,0.2620,0.2440,15,180.0000,3.749548,0.007459,2.638037,0.001930,0.779711,0.000174,0.029224,0.000421
Q3p85_W2p62_t0p21_higheps_left,10.557302,7,4,0.2620,0.2980,0.2800,15,180.0000,3.848898,0.007131,2.614389,0.001769,0.780275,0.000127,0.034349,0.000374
Q3p85_W2p62_t0p21_higheps_left,10.557302,7,5,0.2980,0.3480,0.3230,15,180.0000,3.900008,0.006504,2.602158,0.001590,0.780386,0.000105,0.043061,0.000319
Q3p85_W2p62_t0p21_higheps_left,10.557302,7,6,0.3480,0.3920,0.3700,15,180.0000,3.887608,0.007976,2.606487,0.001962,0.779989,0.000119,0.054103,0.000337
Q3p85_W2p62_t0p21_higheps_left,10.557302,7,7,0.3920,0.4900,0.4410,15,180.0000,3.884759,0.007216,2.607598,0.001781,0.779857,0.000112,0.066329,0.000299
