Physics_Setting,tbin_number,t_min,t_max,phibin_number,phi_min,phi_max,DummySub_Counts,physics_yield,physics_yield_error,%error/yield
Q3p85_W2p62_t0p21_loweps_center,1,0.16,0.236,1,0,24,189.1666666666667,0.06287179765640546,0.005939675096796119,9.447280526725924
Q3p85_W2p62_t0p21_loweps_center,1,0.16,0.236,2,24,48,228.83333333333343,0.07569343544885945,0.008521378549753059,11.257751083989751
Q3p85_W2p62_t0p21_loweps_center,1,0.16,0.236,3,48,72,293.83333333333314,0.09450048519026678,0.00851601149769184,9.011606110323928
Q3p85_W2p62_t0p21_loweps_center,1,0.16,0.236,4,72,96,348.6666666666665,0.11443399862756476,0.00940278833135982,8.216778618356244
Q3p85_W2p62_t0p21_loweps_center,1,0.16,0.236,5,96,120,310.5,0.10195888410178601,0.008613143876364941,8.447663930655027
Q3p85_W2p62_t0p21_loweps_center,1,0.16,0.236,6,120,144,351.6666666666665,0.11363058140348914,0.009638141317380604,8.481995954202391
Q3p85_W2p62_t0p21_loweps_center,1,0.16,0.236,7,144,168,343.6666666666665,0.11008646505613816,0.009593139703225043,8.714186342828848
Q3p85_W2p62_t0p21_loweps_center,1,0.16,0.236,8,168,192,303.1666666666667,0.09938351947422269,0.008465650393536287,8.518163210885321
Q3p85_W2p62_t0p21_loweps_center,1,0.16,0.236,9,192,216,342.49999999999983,0.11149631184316892,0.009360572615806728,8.395410091208523
Q3p85_W2p62_t0p21_loweps_center,1,0.16,0.236,10,216,240,349.83333333333326,0.11481990834944533,0.009411773967163691,8.196987876457538
Q3p85_W2p62_t0p21_loweps_center,1,0.16,0.236,11,240,264,366.8333333333332,0.11954528604239215,0.009861506858217082,8.24918086248928
Q3p85_W2p62_t0p21_loweps_center,1,0.16,0.236,12,264,288,357.4999999999998,0.11735588652180326,0.009596326082932954,8.177115240955619
Q3p85_W2p62_t0p21_loweps_center,1,0.16,0.236,13,288,312,265.3333333333333,0.08537255473581251,0.007934274189844454,9.293705939100994
Q3p85_W2p62_t0p21_loweps_center,1,0.16,0.236,14,312,336,193.6666666666667,0.06136737906880685,0.0064683511709578015,10.540373842111299
Q3p85_W2p62_t0p21_loweps_center,1,0.16,0.236,15,336,360,168.8333333333334,0.053302661364520276,0.005973619403503136,11.206981510081487
Q3p85_W2p62_t0p21_loweps_center,2,0.236,0.272,1,0,24,151.33333333333343,0.05005800392393621,0.006139126820459509,12.2640264078208
Q3p85_W2p62_t0p21_loweps_center,2,0.236,0.272,2,24,48,216.83333333333337,0.06992832180060517,0.006831254636888542,9.768938337126551
Q3p85_W2p62_t0p21_loweps_center,2,0.236,0.272,3,48,72,276.66666666666646,0.09151573404596262,0.009983500905798602,10.909054065811803
Q3p85_W2p62_t0p21_loweps_center,2,0.236,0.272,4,72,96,368.6666666666665,0.11835595909643597,0.01010078949194546,8.534246664940104
Q3p85_W2p62_t0p21_loweps_center,2,0.236,0.272,5,96,120,303.99999999999994,0.10055704753002159,0.01078787825777007,10.728117543973552
Q3p85_W2p62_t0p21_loweps_center,2,0.236,0.272,6,120,144,367.6666666666665,0.1207188140981911,0.009768257274342456,8.09174389867439
Q3p85_W2p62_t0p21_loweps_center,2,0.236,0.272,7,144,168,232.50000000000006,0.07421265981140282,0.0072465239968971,9.764538847297409
Q3p85_W2p62_t0p21_loweps_center,2,0.236,0.272,8,168,192,188.33333333333346,0.062296855103577,0.007258150836255474,11.650910506136803
Q3p85_W2p62_t0p21_loweps_center,2,0.236,0.272,9,192,216,249.16666666666674,0.08152141234717934,0.007321274960236623,8.980799951130804
Q3p85_W2p62_t0p21_loweps_center,2,0.236,0.272,10,216,240,308.99999999999983,0.10041518982916986,0.008687607305225446,8.651686383310269
Q3p85_W2p62_t0p21_loweps_center,2,0.236,0.272,11,240,264,421.3333333333331,0.13847066130469704,0.01088525518239904,7.861055244364463
Q3p85_W2p62_t0p21_loweps_center,2,0.236,0.272,12,264,288,335.33333333333326,0.10732996704270555,0.009450633623536315,8.805214316124777
Q3p85_W2p62_t0p21_loweps_center,2,0.236,0.272,13,288,312,271.6666666666665,0.08896395698344738,0.007832125930338434,8.803706799817457
Q3p85_W2p62_t0p21_loweps_center,2,0.236,0.272,14,312,336,175.16666666666677,0.05524795347898647,0.006097628225984235,11.036839994993596
Q3p85_W2p62_t0p21_loweps_center,2,0.236,0.272,15,336,360,156.66666666666669,0.05092428439807742,0.0053963759127680635,10.596861549559245
Q3p85_W2p62_t0p21_loweps_center,3,0.272,0.31,1,0,24,140.33333333333337,0.04552154829174951,0.005060015124030035,11.115648113724484
Q3p85_W2p62_t0p21_loweps_center,3,0.272,0.31,2,24,48,186.8333333333334,0.06180068546115912,0.007251869050141913,11.734285786683731
Q3p85_W2p62_t0p21_loweps_center,3,0.272,0.31,3,48,72,294.1666666666665,0.09461074511080411,0.008527664683421263,9.013420910525568
Q3p85_W2p62_t0p21_loweps_center,3,0.272,0.31,4,72,96,316.66666666666646,0.1038490462559835,0.008781387760296444,8.455915655354884
Q3p85_W2p62_t0p21_loweps_center,3,0.272,0.31,5,96,120,341.9999999999997,0.1122288002168186,0.009285830415860237,8.274017362673955
Q3p85_W2p62_t0p21_loweps_center,3,0.272,0.31,6,120,144,188.33333333333348,0.06050109859466565,0.006230481964393831,10.298130296997893
Q3p85_W2p62_t0p21_loweps_center,3,0.272,0.31,7,144,168,101.83333333333331,0.03009289270632379,0.004769345008948558,15.848742277761543
Q3p85_W2p62_t0p21_loweps_center,3,0.272,0.31,8,168,192,74.33333333333331,0.023690084025363198,0.0035444321468087563,14.961669798275084
Q3p85_W2p62_t0p21_loweps_center,3,0.272,0.31,9,192,216,98.49999999999997,0.031683928264317776,0.00411795501490772,12.996983772196371
Q3p85_W2p62_t0p21_loweps_center,3,0.272,0.31,10,216,240,208.1666666666667,0.06825873487257615,0.00648648974098799,9.502798071333759
Q3p85_W2p62_t0p21_loweps_center,3,0.272,0.31,11,240,264,354.49999999999983,0.1154656689825119,0.009622334191287494,8.333502309456906
Q3p85_W2p62_t0p21_loweps_center,3,0.272,0.31,12,264,288,379.16666666666646,0.12272702484781674,0.01022822566321394,8.334126632579162
Q3p85_W2p62_t0p21_loweps_center,3,0.272,0.31,13,288,312,275.3333333333332,0.08927893785490204,0.008042369471639369,9.008137490065117
Q3p85_W2p62_t0p21_loweps_center,3,0.272,0.31,14,312,336,187.6666666666667,0.0611784570080467,0.006088771849438813,9.952476978355254
Q3p85_W2p62_t0p21_loweps_center,3,0.272,0.31,15,336,360,119.66666666666661,0.0386854332184366,0.004603600715236065,11.90008830776669
Q3p85_W2p62_t0p21_loweps_center,4,0.31,0.358,1,0,24,111.49999999999999,0.035984065165272645,0.00445367807124122,12.37680637467097
Q3p85_W2p62_t0p21_loweps_center,4,0.31,0.358,2,24,48,162.50000000000003,0.05375171126193588,0.006530729824599809,12.149808203826483
Q3p85_W2p62_t0p21_loweps_center,4,0.31,0.358,3,48,72,261.83333333333337,0.08571128932759692,0.007670357773125224,8.94906357528746
Q3p85_W2p62_t0p21_loweps_center,4,0.31,0.358,4,72,96,282.6666666666667,0.09260253436117842,0.00809723075538905,8.744070355361286
Q3p85_W2p62_t0p21_loweps_center,4,0.31,0.358,5,96,120,255.50000000000006,0.08451422909184382,0.009352323074048435,11.065974540080134
Q3p85_W2p62_t0p21_loweps_center,4,0.31,0.358,6,120,144,105.16666666666661,0.034787004929519534,0.004728864085114337,13.593766105174293
Q3p85_W2p62_t0p21_loweps_center,4,0.31,0.358,7,144,168,53.33333333333335,0.01674370903151303,0.003012992654461479,17.994774328619663
Q3p85_W2p62_t0p21_loweps_center,4,0.31,0.358,8,168,192,44.333333333333336,0.014664569431461483,0.0026105297455232142,17.801611958156528
Q3p85_W2p62_t0p21_loweps_center,4,0.31,0.358,9,192,216,59.99999999999999,0.01984678569671479,0.0032266179727624233,16.257634974597025
Q3p85_W2p62_t0p21_loweps_center,4,0.31,0.358,10,216,240,93.33333333333333,0.03012454587173216,0.004006804468078778,13.3007962514669
Q3p85_W2p62_t0p21_loweps_center,4,0.31,0.358,11,240,264,265.83333333333337,0.08074926059285492,0.008563786783611475,10.605405821349699
Q3p85_W2p62_t0p21_loweps_center,4,0.31,0.358,12,264,288,342.00000000000006,0.11058269008364993,0.009543070360125023,8.629804857257675
Q3p85_W2p62_t0p21_loweps_center,4,0.31,0.358,13,288,312,285.8333333333334,0.0918542470973715,0.008401785597309919,9.146866762081755
Q3p85_W2p62_t0p21_loweps_center,4,0.31,0.358,14,312,336,143.5,0.046569017536853864,0.005200677880067228,11.167677900766336
Q3p85_W2p62_t0p21_loweps_center,4,0.31,0.358,15,336,360,103.66666666666667,0.03429083528710166,0.0047157214972969146,13.752133646831027
Q3p85_W2p62_t0p21_loweps_center,5,0.358,0.5,1,0,24,71.8333333333333,0.023761012875789096,0.0037601072501619193,15.824692616505507
Q3p85_W2p62_t0p21_loweps_center,5,0.358,0.5,2,24,48,117.49999999999996,0.03886662198939979,0.005282355828044531,13.59098259037074
Q3p85_W2p62_t0p21_loweps_center,5,0.358,0.5,3,48,72,262.3333333333333,0.08677455746285853,0.009665941603501,11.13914249304958
Q3p85_W2p62_t0p21_loweps_center,5,0.358,0.5,4,72,96,249.00000000000003,0.07877264762354366,0.007853201415276173,9.969452154010119
Q3p85_W2p62_t0p21_loweps_center,5,0.358,0.5,5,96,120,140.00000000000003,0.042717653607845164,0.005624298334704534,13.166215509719903
Q3p85_W2p62_t0p21_loweps_center,5,0.358,0.5,6,120,144,63.0,0.02083912498155053,0.003326878163318886,15.964577045649786
Q3p85_W2p62_t0p21_loweps_center,5,0.358,0.5,7,144,168,26.999999999999996,0.008033175309065985,0.0022672682777005637,28.223811761481134
Q3p85_W2p62_t0p21_loweps_center,5,0.358,0.5,8,168,192,20.999999999999996,0.005150618484938835,0.002454503709183726,47.65454316527336
Q3p85_W2p62_t0p21_loweps_center,5,0.358,0.5,9,192,216,21.833333333333332,0.007222024795193437,0.001721220347363957,23.832933230989486
Q3p85_W2p62_t0p21_loweps_center,5,0.358,0.5,10,216,240,54.16666666666668,0.01791723708731197,0.0030472526023131476,17.00738002998827
Q3p85_W2p62_t0p21_loweps_center,5,0.358,0.5,11,240,264,118.49999999999999,0.03470801047873336,0.00543415490160349,15.65677440639578
Q3p85_W2p62_t0p21_loweps_center,5,0.358,0.5,12,264,288,251.83333333333326,0.07701622218474379,0.008292284388274219,10.766932151492682
Q3p85_W2p62_t0p21_loweps_center,5,0.358,0.5,13,288,312,297.3333333333333,0.09655609261036419,0.008598715934577636,8.90541000791768
Q3p85_W2p62_t0p21_loweps_center,5,0.358,0.5,14,312,336,116.16666666666673,0.0375277040527949,0.004658216770947881,12.412741169549264
Q3p85_W2p62_t0p21_loweps_center,5,0.358,0.5,15,336,360,94.83333333333331,0.030471069138407424,0.004138682634306006,13.582334822276978
Q3p85_W2p62_t0p21_loweps_left,1,0.16,0.236,1,0,24,0.0,0.0,0.0,0.0
Q3p85_W2p62_t0p21_loweps_left,1,0.16,0.236,2,24,48,0.0,0.0,0.0,0.0
Q3p85_W2p62_t0p21_loweps_left,1,0.16,0.236,3,48,72,0.0,0.0,0.0,0.0
Q3p85_W2p62_t0p21_loweps_left,1,0.16,0.236,4,72,96,2.5000000000000004,0.000868185660498051,0.0006147236811106717,70.80555566398365
Q3p85_W2p62_t0p21_loweps_left,1,0.16,0.236,5,96,120,22.333333333333336,0.0068957206241121016,0.0021471707790104897,31.13772868788403
Q3p85_W2p62_t0p21_loweps_left,1,0.16,0.236,6,120,144,120.83333333333333,0.041102235647735304,0.0047773786376597936,11.623160060207145
Q3p85_W2p62_t0p21_loweps_left,1,0.16,0.236,7,144,168,234.16666666666669,0.0813200568666508,0.009041298299003117,11.118165244066542
Q3p85_W2p62_t0p21_loweps_left,1,0.16,0.236,8,168,192,233.50000000000003,0.07764825558516941,0.007740605535338817,9.968808026663833
Q3p85_W2p62_t0p21_loweps_left,1,0.16,0.236,9,192,216,244.16666666666669,0.08307265695596869,0.007745581759206168,9.323864244900205
Q3p85_W2p62_t0p21_loweps_left,1,0.16,0.236,10,216,240,108.66666666666666,0.037737136709648615,0.004983920624271877,13.20693899650736
Q3p85_W2p62_t0p21_loweps_left,1,0.16,0.236,11,240,264,16.333333333333336,0.0056721463152539335,0.001523573551100437,26.860617946387176
Q3p85_W2p62_t0p21_loweps_left,1,0.16,0.236,12,264,288,1.0,0.0003472742641992204,0.00034866220908444205,100.39966822431316
Q3p85_W2p62_t0p21_loweps_left,1,0.16,0.236,13,288,312,1.0,0.0003472742641992204,0.00034866220908444205,100.39966822431316
Q3p85_W2p62_t0p21_loweps_left,1,0.16,0.236,14,312,336,0.0,0.0,0.0,0.0
Q3p85_W2p62_t0p21_loweps_left,1,0.16,0.236,15,336,360,0.0,0.0,0.0,0.0
Q3p85_W2p62_t0p21_loweps_left,2,0.236,0.272,1,0,24,2.0,0.0006945485283984408,0.0004950378925136467,71.27477379516654
Q3p85_W2p62_t0p21_loweps_left,2,0.236,0.272,2,24,48,2.0,0.0006945485283984408,0.0004950378925136467,71.27477379516654
Q3p85_W2p62_t0p21_loweps_left,2,0.236,0.272,3,48,72,2.8333333333333335,0.000983943748564458,0.0006106573755910074,62.062224236084305
Q3p85_W2p62_t0p21_loweps_left,2,0.236,0.272,4,72,96,15.166666666666668,0.004406921730684355,0.0019093172442044995,43.32541762451496
Q3p85_W2p62_t0p21_loweps_left,2,0.236,0.272,5,96,120,116.0,0.039423743370772396,0.004674615844701523,11.857361693783615
Q3p85_W2p62_t0p21_loweps_left,2,0.236,0.272,6,120,144,278.1666666666667,0.09502332715146505,0.008456370536029519,8.899257466064363
Q3p85_W2p62_t0p21_loweps_left,2,0.236,0.272,7,144,168,354.8333333333332,0.11892412836500432,0.010406201676492583,8.750286270380439
Q3p85_W2p62_t0p21_loweps_left,2,0.236,0.272,8,168,192,375.8333333333333,0.1287971017421994,0.010572094704237714,8.20833276621305
Q3p85_W2p62_t0p21_loweps_left,2,0.236,0.272,9,192,216,355.8333333333332,0.12185161645821499,0.01015149007567932,8.33102618639486
Q3p85_W2p62_t0p21_loweps_left,2,0.236,0.272,10,216,240,360.3333333333332,0.12341435064711147,0.010230508491172376,8.289561495506538
Q3p85_W2p62_t0p21_loweps_left,2,0.236,0.272,11,240,264,115.66666666666666,0.040168056559043146,0.0052154078815072865,12.983968676306615
Q3p85_W2p62_t0p21_loweps_left,2,0.236,0.272,12,264,288,6.0,0.0020836455851953226,0.0008708442227619445,41.79425853175078
Q3p85_W2p62_t0p21_loweps_left,2,0.236,0.272,13,288,312,0.0,0.0,0.0,0.0
Q3p85_W2p62_t0p21_loweps_left,2,0.236,0.272,14,312,336,0.0,0.0,0.0,0.0
Q3p85_W2p62_t0p21_loweps_left,2,0.236,0.272,15,336,360,1.0,0.0003472742641992204,0.00034866220908444205,100.39966822431316
Q3p85_W2p62_t0p21_loweps_left,3,0.272,0.31,1,0,24,0.0,0.0,0.0,0.0
Q3p85_W2p62_t0p21_loweps_left,3,0.272,0.31,2,24,48,3.0,0.001041822792597661,0.0006086801598065511,58.42453861936343
Q3p85_W2p62_t0p21_loweps_left,3,0.272,0.31,3,48,72,6.0,0.001223574308858168,0.0015263433125852902,124.74463557588622
Q3p85_W2p62_t0p21_loweps_left,3,0.272,0.31,4,72,96,28.499999999999996,0.009897316529677779,0.0020717149144389726,20.932087078621706
Q3p85_W2p62_t0p21_loweps_left,3,0.272,0.31,5,96,120,190.00000000000006,0.06598211019785188,0.0076200428094157285,11.548649757588091
Q3p85_W2p62_t0p21_loweps_left,3,0.272,0.31,6,120,144,326.3333333333332,0.11246709694067512,0.009424109962154783,8.379437380806472
Q3p85_W2p62_t0p21_loweps_left,3,0.272,0.31,7,144,168,419.8333333333329,0.14493724064330235,0.011436925853538688,7.890950457436624
Q3p85_W2p62_t0p21_loweps_left,3,0.272,0.31,8,168,192,447.6666666666665,0.15288289844417302,0.01219177817566452,7.974585973797776
Q3p85_W2p62_t0p21_loweps_left,3,0.272,0.31,9,192,216,462.49999999999983,0.15889420463946524,0.012425265169458697,7.819835341164218
Q3p85_W2p62_t0p21_loweps_left,3,0.272,0.31,10,216,240,400.4999999999998,0.13650312898277633,0.01120121277492253,8.205828583120518
Q3p85_W2p62_t0p21_loweps_left,3,0.272,0.31,11,240,264,192.16666666666674,0.0658744664939464,0.006442324349017266,9.779698708617685
Q3p85_W2p62_t0p21_loweps_left,3,0.272,0.31,12,264,288,22.666666666666668,0.007871549988515664,0.0018101810650635933,22.99650091410953
Q3p85_W2p62_t0p21_loweps_left,3,0.272,0.31,13,288,312,3.8333333333333335,0.0013312180127636785,0.0007070652879301136,53.114161703852616
Q3p85_W2p62_t0p21_loweps_left,3,0.272,0.31,14,312,336,0.0,0.0,0.0,0.0
Q3p85_W2p62_t0p21_loweps_left,3,0.272,0.31,15,336,360,1.0,0.0003472742641992204,0.00034866220908444205,100.39966822431316
Q3p85_W2p62_t0p21_loweps_left,4,0.31,0.358,1,0,24,0.0,0.0,0.0,0.0
Q3p85_W2p62_t0p21_loweps_left,4,0.31,0.358,2,24,48,1.0,0.0003472742641992204,0.00034866220908444205,100.39966822431316
Q3p85_W2p62_t0p21_loweps_left,4,0.31,0.358,3,48,72,1.5,0.0005209113962988305,0.0005034104723473799,96.64032615224049
Q3p85_W2p62_t0p21_loweps_left,4,0.31,0.358,4,72,96,34.333333333333336,0.0119230830708399,0.002317970277477057,19.44103101274268
Q3p85_W2p62_t0p21_loweps_left,4,0.31,0.358,5,96,120,215.83333333333343,0.07237314819398698,0.007247471835677851,10.014034233044455
Q3p85_W2p62_t0p21_loweps_left,4,0.31,0.358,6,120,144,433.333333333333,0.14819199108276318,0.011888516411445447,8.022374437769633
Q3p85_W2p62_t0p21_loweps_left,4,0.31,0.358,7,144,168,555.0,0.18944027673794167,0.014536473921018051,7.673380851911858
Q3p85_W2p62_t0p21_loweps_left,4,0.31,0.358,8,168,192,551.5000000000002,0.18894154287685866,0.014393940763230997,7.61819795904395
Q3p85_W2p62_t0p21_loweps_left,4,0.31,0.358,9,192,216,633.0000000000003,0.21910788317449229,0.015975473406243543,7.291144971502946
Q3p85_W2p62_t0p21_loweps_left,4,0.31,0.358,10,216,240,518.5,0.17834156343462151,0.013638438611259112,7.647369658873068
Q3p85_W2p62_t0p21_loweps_left,4,0.31,0.358,11,240,264,242.50000000000009,0.08335393779197385,0.007569367352014001,9.080995514458893
Q3p85_W2p62_t0p21_loweps_left,4,0.31,0.358,12,264,288,21.833333333333336,0.007582154768349647,0.0017654989386034809,23.284923515057244
Q3p85_W2p62_t0p21_loweps_left,4,0.31,0.358,13,288,312,2.833333333333333,0.000983943748564458,0.0006106573755910073,62.0622242360843
Q3p85_W2p62_t0p21_loweps_left,4,0.31,0.358,14,312,336,2.0,0.0006945485283984408,0.0004950378925136467,71.27477379516654
Q3p85_W2p62_t0p21_loweps_left,4,0.31,0.358,15,336,360,0.8333333333333334,0.000289395220166017,0.0003530158312468436,121.9839882097325
Q3p85_W2p62_t0p21_loweps_left,5,0.358,0.5,1,0,24,2.0,0.0006945485283984408,0.0004950378925136467,71.27477379516654
Q3p85_W2p62_t0p21_loweps_left,5,0.358,0.5,2,24,48,0.8333333333333334,0.000289395220166017,0.0003530158312468436,121.9839882097325
Q3p85_W2p62_t0p21_loweps_left,5,0.358,0.5,3,48,72,4.666666666666667,0.0016206132329296954,0.0007941867937988176,49.005325740991935
Q3p85_W2p62_t0p21_loweps_left,5,0.358,0.5,4,72,96,38.166666666666664,0.013254301083603579,0.0025315169677706706,19.099588516985776
Q3p85_W2p62_t0p21_loweps_left,5,0.358,0.5,5,96,120,226.3333333333334,0.0761628731808016,0.007516036000648805,9.868372458594923
Q3p85_W2p62_t0p21_loweps_left,5,0.358,0.5,6,120,144,595.1666666666666,0.20152563858454642,0.015561353901757355,7.721773770848948
Q3p85_W2p62_t0p21_loweps_left,5,0.358,0.5,7,144,168,648.8333333333334,0.21156197799986634,0.017358270784429718,8.204815888250337
Q3p85_W2p62_t0p21_loweps_left,5,0.358,0.5,8,168,192,549.3333333333331,0.188189115304427,0.014378504015798954,7.640454652512366
Q3p85_W2p62_t0p21_loweps_left,5,0.358,0.5,9,192,216,678.5000000000001,0.2270248754957995,0.017572159778648594,7.740191351398283
Q3p85_W2p62_t0p21_loweps_left,5,0.358,0.5,10,216,240,661.6666666666665,0.2230425798138432,0.017094039534820672,7.66402520500246
Q3p85_W2p62_t0p21_loweps_left,5,0.358,0.5,11,240,264,288.3333333333334,0.09755053234843039,0.008829715296782045,9.051427074989322
Q3p85_W2p62_t0p21_loweps_left,5,0.358,0.5,12,264,288,32.833333333333336,0.011402171674541068,0.0022726900703685547,19.932080793372457
Q3p85_W2p62_t0p21_loweps_left,5,0.358,0.5,13,288,312,2.0,0.0006945485283984408,0.0004950378925136467,71.27477379516654
Q3p85_W2p62_t0p21_loweps_left,5,0.358,0.5,14,312,336,1.8333333333333335,0.0006366694843652375,0.0004977905003801952,78.1866435575273
Q3p85_W2p62_t0p21_loweps_left,5,0.358,0.5,15,336,360,0.0,0.0,0.0,0.0
Q3p85_W2p62_t0p21_higheps_right,1,0.16,0.236,1,0,24,394.99999999999994,0.898055780206899,0.08858642645250195,9.864245451668149
Q3p85_W2p62_t0p21_higheps_right,1,0.16,0.236,2,24,48,344.3333333333333,0.7767039518183798,0.0794072778859373,10.223622230842654
Q3p85_W2p62_t0p21_higheps_right,1,0.16,0.236,3,48,72,268.3333333333333,0.6083213813540501,0.06412246855362505,10.540886859984463
Q3p85_W2p62_t0p21_higheps_right,1,0.16,0.236,4,72,96,187.83333333333334,0.41872947744624167,0.04925277086482595,11.762432194936464
Q3p85_W2p62_t0p21_higheps_right,1,0.16,0.236,5,96,120,52.0,0.1189435953185379,0.020721791898294126,17.421528114061086
Q3p85_W2p62_t0p21_higheps_right,1,0.16,0.236,6,120,144,6.0,0.013724260998292838,0.0057868043649946695,42.16477933285071
Q3p85_W2p62_t0p21_higheps_right,1,0.16,0.236,7,144,168,7.0,0.016011637831341644,0.0062829580713976586,39.23994620399928
Q3p85_W2p62_t0p21_higheps_right,1,0.16,0.236,8,168,192,2.0,0.004574753666097613,0.0032706135692649823,71.49267060000857
Q3p85_W2p62_t0p21_higheps_right,1,0.16,0.236,9,192,216,3.0,0.00686213049914642,0.004027395604386652,58.690163425012386
Q3p85_W2p62_t0p21_higheps_right,1,0.16,0.236,10,216,240,12.0,0.02744852199658568,0.008435834618961234,30.733292743451063
Q3p85_W2p62_t0p21_higheps_right,1,0.16,0.236,11,240,264,45.0,0.09747388863981675,0.019438994426762893,19.942771031320415
Q3p85_W2p62_t0p21_higheps_right,1,0.16,0.236,12,264,288,188.66666666666669,0.4315517625018747,0.055318596381230274,12.818530982361581
Q3p85_W2p62_t0p21_higheps_right,1,0.16,0.236,13,288,312,273.5,0.6092233572967098,0.06647199776729461,10.910940457412694
Q3p85_W2p62_t0p21_higheps_right,1,0.16,0.236,14,312,336,355.66666666666663,0.7917114182315074,0.08269569722492133,10.445181832749565
Q3p85_W2p62_t0p21_higheps_right,1,0.16,0.236,15,336,360,381.49999999999994,0.8671761929607399,0.08597466820651098,9.91432524375163
Q3p85_W2p62_t0p21_higheps_right,2,0.236,0.272,1,0,24,238.33333333333337,0.5397000763625859,0.05835962433040964,10.813343723005515
Q3p85_W2p62_t0p21_higheps_right,2,0.236,0.272,2,24,48,236.50000000000006,0.5300484833212837,0.058708847477663514,11.076127811892581
Q3p85_W2p62_t0p21_higheps_right,2,0.236,0.272,3,48,72,154.33333333333337,0.3421023535391068,0.042800228779630536,12.510942510875742
Q3p85_W2p62_t0p21_higheps_right,2,0.236,0.272,4,72,96,74.66666666666667,0.17079080353431084,0.026778128030614416,15.67890511460405
Q3p85_W2p62_t0p21_higheps_right,2,0.236,0.272,5,96,120,3.833333333333333,0.008768277860020424,0.004682804457897569,53.406205102704874
Q3p85_W2p62_t0p21_higheps_right,2,0.236,0.272,6,120,144,1.0,0.0022873768330488064,0.002300059709670436,100.55447254857104
Q3p85_W2p62_t0p21_higheps_right,2,0.236,0.272,7,144,168,1.0,0.0022873768330488064,0.002300059709670436,100.55447254857104
Q3p85_W2p62_t0p21_higheps_right,2,0.236,0.272,8,168,192,0.0,0.0,0.0,0.0
Q3p85_W2p62_t0p21_higheps_right,2,0.236,0.272,9,192,216,1.0,0.0022873768330488064,0.002300059709670436,100.55447254857104
Q3p85_W2p62_t0p21_higheps_right,2,0.236,0.272,10,216,240,2.0,0.004574753666097613,0.0032706135692649823,71.49267060000857
Q3p85_W2p62_t0p21_higheps_right,2,0.236,0.272,11,240,264,6.0,0.013724260998292838,0.0057868043649946695,42.16477933285071
Q3p85_W2p62_t0p21_higheps_right,2,0.236,0.272,12,264,288,85.5,0.19011265037829334,0.028071158100379592,14.765539297107551
Q3p85_W2p62_t0p21_higheps_right,2,0.236,0.272,13,288,312,199.33333333333334,0.45049237987368246,0.05071563584732134,11.257823242546731
Q3p85_W2p62_t0p21_higheps_right,2,0.236,0.272,14,312,336,249.50000000000003,0.5652424509982976,0.060515974915810095,10.706197811033192
Q3p85_W2p62_t0p21_higheps_right,2,0.236,0.272,15,336,360,242.1666666666667,0.5484683542226063,0.0591116437152972,10.77758511684443
Q3p85_W2p62_t0p21_higheps_right,3,0.272,0.31,1,0,24,218.8333333333334,0.4950962281181343,0.05460069268024189,11.02829906173587
Q3p85_W2p62_t0p21_higheps_right,3,0.272,0.31,2,24,48,248.3333333333334,0.5625738446930741,0.06029832877278768,10.718295800915682
Q3p85_W2p62_t0p21_higheps_right,3,0.272,0.31,3,48,72,200.00000000000006,0.4465592289150022,0.0516522999165118,11.56672991441932
Q3p85_W2p62_t0p21_higheps_right,3,0.272,0.31,4,72,96,53.5,0.12237466056811111,0.02120141828083219,17.325006813017417
Q3p85_W2p62_t0p21_higheps_right,3,0.272,0.31,5,96,120,0.8333333333333334,0.0019061473608740053,0.00232762384810521,122.11143250949652
Q3p85_W2p62_t0p21_higheps_right,3,0.272,0.31,6,120,144,1.0,0.0022873768330488064,0.002300059709670436,100.55447254857104
Q3p85_W2p62_t0p21_higheps_right,3,0.272,0.31,7,144,168,0.0,0.0,0.0,0.0
Q3p85_W2p62_t0p21_higheps_right,3,0.272,0.31,8,168,192,0.0,0.0,0.0,0.0
Q3p85_W2p62_t0p21_higheps_right,3,0.272,0.31,9,192,216,0.0,0.0,0.0,0.0
Q3p85_W2p62_t0p21_higheps_right,3,0.272,0.31,10,216,240,0.0,0.0,0.0,0.0
Q3p85_W2p62_t0p21_higheps_right,3,0.272,0.31,11,240,264,5.0,0.011436884165244032,0.005254998684477808,45.9478176796388
Q3p85_W2p62_t0p21_higheps_right,3,0.272,0.31,12,264,288,64.66666666666667,0.14791703520382277,0.024159479381496585,16.333128465024974
Q3p85_W2p62_t0p21_higheps_right,3,0.272,0.31,13,288,312,214.00000000000003,0.48404057342506496,0.05359468082745128,11.072352974093887
Q3p85_W2p62_t0p21_higheps_right,3,0.272,0.31,14,312,336,276.0,0.6258579370740911,0.06566791352495732,10.492463166954028
Q3p85_W2p62_t0p21_higheps_right,3,0.272,0.31,15,336,360,264.5,0.5940950346466503,0.06413723619687088,10.795787282588174
Q3p85_W2p62_t0p21_higheps_right,4,0.31,0.358,1,0,24,277.3333333333333,0.6179916351567306,0.06734643676609464,10.897629180533281
Q3p85_W2p62_t0p21_higheps_right,4,0.31,0.358,2,24,48,325.99999999999983,0.7402267787265313,0.07535461975656704,10.179937003387712
Q3p85_W2p62_t0p21_higheps_right,4,0.31,0.358,3,48,72,210.33333333333337,0.4811115938845988,0.06070115633421351,12.61685586167219
Q3p85_W2p62_t0p21_higheps_right,4,0.31,0.358,4,72,96,52.833333333333336,0.10993360498465289,0.022764980847413102,20.707936258973014
Q3p85_W2p62_t0p21_higheps_right,4,0.31,0.358,5,96,120,4.0,0.009149507332195226,0.004675391039513952,51.09992122813233
Q3p85_W2p62_t0p21_higheps_right,4,0.31,0.358,6,120,144,0.0,0.0,0.0,0.0
Q3p85_W2p62_t0p21_higheps_right,4,0.31,0.358,7,144,168,0.0,0.0,0.0,0.0
Q3p85_W2p62_t0p21_higheps_right,4,0.31,0.358,8,168,192,0.0,0.0,0.0,0.0
Q3p85_W2p62_t0p21_higheps_right,4,0.31,0.358,9,192,216,0.0,0.0,0.0,0.0
Q3p85_W2p62_t0p21_higheps_right,4,0.31,0.358,10,216,240,0.0,0.0,0.0,0.0
Q3p85_W2p62_t0p21_higheps_right,4,0.31,0.358,11,240,264,-1.0,0.007745445680428308,0.007761574701382936,-100.20823877179055
Q3p85_W2p62_t0p21_higheps_right,4,0.31,0.358,12,264,288,58.0,0.12720978746945122,0.022260615499318764,17.49913740298052
Q3p85_W2p62_t0p21_higheps_right,4,0.31,0.358,13,288,312,204.1666666666667,0.4615480345667517,0.05172779980227573,11.207457496993102
Q3p85_W2p62_t0p21_higheps_right,4,0.31,0.358,14,312,336,261.33333333333337,0.5868516746753291,0.06353750465177938,10.82684218068066
Q3p85_W2p62_t0p21_higheps_right,4,0.31,0.358,15,336,360,263.83333333333337,0.5707378413684329,0.06664818963569667,11.677548745654793
Q3p85_W2p62_t0p21_higheps_right,5,0.358,0.5,1,0,24,414.83333333333326,0.9270478808535619,0.0941543603582665,10.156364337036793
Q3p85_W2p62_t0p21_higheps_right,5,0.358,0.5,2,24,48,523.6666666666663,1.1705326573363277,0.11527249391356531,9.84786654102246
Q3p85_W2p62_t0p21_higheps_right,5,0.358,0.5,3,48,72,410.1666666666665,0.9218315244800468,0.09263821536779408,10.04936508545269
Q3p85_W2p62_t0p21_higheps_right,5,0.358,0.5,4,72,96,95.16666666666666,0.2122239597644318,0.030080235708551027,14.173817010077483
Q3p85_W2p62_t0p21_higheps_right,5,0.358,0.5,5,96,120,3.8333333333333335,0.008768277860020424,0.004682804457897569,53.406205102704874
Q3p85_W2p62_t0p21_higheps_right,5,0.358,0.5,6,120,144,0.0,0.0,0.0,0.0
Q3p85_W2p62_t0p21_higheps_right,5,0.358,0.5,7,144,168,0.0,0.0,0.0,0.0
Q3p85_W2p62_t0p21_higheps_right,5,0.358,0.5,8,168,192,0.0,0.0,0.0,0.0
Q3p85_W2p62_t0p21_higheps_right,5,0.358,0.5,9,192,216,0.0,0.0,0.0,0.0
Q3p85_W2p62_t0p21_higheps_right,5,0.358,0.5,10,216,240,0.0,0.0,0.0,0.0
Q3p85_W2p62_t0p21_higheps_right,5,0.358,0.5,11,240,264,0.0,0.0,0.0,0.0
Q3p85_W2p62_t0p21_higheps_right,5,0.358,0.5,12,264,288,70.5,0.15580199788256124,0.024966270803155884,16.024358572073442
Q3p85_W2p62_t0p21_higheps_right,5,0.358,0.5,13,288,312,454.16666666666646,1.0179277144280447,0.10146364312279271,9.96766682787523
Q3p85_W2p62_t0p21_higheps_right,5,0.358,0.5,14,312,336,504.99999999999966,1.1387510941475087,0.11090011067570175,9.738748989630938
Q3p85_W2p62_t0p21_higheps_right,5,0.358,0.5,15,336,360,377.66666666666646,0.8202014331690636,0.0893661010465489,10.895628492291156
Q3p85_W2p62_t0p21_higheps_center,1,0.16,0.236,1,0,24,104.83333333333334,0.26013342417132385,0.03802015369494,14.615635732338623
Q3p85_W2p62_t0p21_higheps_center,1,0.16,0.236,2,24,48,130.83333333333334,0.3210144512107135,0.040825057895875365,12.717514037733412
Q3p85_W2p62_t0p21_higheps_center,1,0.16,0.236,3,48,72,197.83333333333334,0.4909036160434998,0.0637509091244994,12.98644113447523
Q3p85_W2p62_t0p21_higheps_center,1,0.16,0.236,4,72,96,278.6666666666667,0.6878480716240104,0.07372181923902785,10.717747462018831
Q3p85_W2p62_t0p21_higheps_center,1,0.16,0.236,5,96,120,272.8333333333333,0.6624671267355405,0.07387021265320128,11.1507740794949
Q3p85_W2p62_t0p21_higheps_center,1,0.16,0.236,6,120,144,275.0,0.6714788639011648,0.07385582692963166,10.998980146678528
Q3p85_W2p62_t0p21_higheps_center,1,0.16,0.236,7,144,168,243.83333333333334,0.605048012023285,0.07631636748159668,12.613274643510387
Q3p85_W2p62_t0p21_higheps_center,1,0.16,0.236,8,168,192,214.5,0.524989539876936,0.06011033990205796,11.449816679423472
Q3p85_W2p62_t0p21_higheps_center,1,0.16,0.236,9,192,216,236.83333333333334,0.580407471258426,0.06500706323327879,11.200245767397169
Q3p85_W2p62_t0p21_higheps_center,1,0.16,0.236,10,216,240,248.66666666666669,0.6097707035575739,0.0676165054013508,11.088841265553933
Q3p85_W2p62_t0p21_higheps_center,1,0.16,0.236,11,240,264,296.5,0.7211935913338361,0.07903526467036547,10.958952716730469
Q3p85_W2p62_t0p21_higheps_center,1,0.16,0.236,12,264,288,308.0,0.7497296903287827,0.08151422111622311,10.872481397992425
Q3p85_W2p62_t0p21_higheps_center,1,0.16,0.236,13,288,312,188.33333333333334,0.463694946185446,0.053773102828294395,11.596654928127869
Q3p85_W2p62_t0p21_higheps_center,1,0.16,0.236,14,312,336,122.83333333333334,0.3011632519098812,0.039004831306789625,12.951391333249804
Q3p85_W2p62_t0p21_higheps_center,1,0.16,0.236,15,336,360,102.83333333333333,0.2551706243461157,0.03745701234682693,14.679202374024023
Q3p85_W2p62_t0p21_higheps_center,2,0.236,0.272,1,0,24,66.83333333333334,0.16584022749237018,0.02715486887903162,16.374114585847956
Q3p85_W2p62_t0p21_higheps_center,2,0.236,0.272,2,24,48,82.66666666666666,0.20512905944193421,0.03175111489652829,15.478604047085815
Q3p85_W2p62_t0p21_higheps_center,2,0.236,0.272,3,48,72,155.0,0.3809816157653112,0.04627035789476018,12.145036920433249
Q3p85_W2p62_t0p21_higheps_center,2,0.236,0.272,4,72,96,228.1666666666667,0.5625373760375066,0.06261671879015662,11.13112149653532
Q3p85_W2p62_t0p21_higheps_center,2,0.236,0.272,5,96,120,213.83333333333334,0.5269706439568486,0.05940499132711232,11.272922317087696
Q3p85_W2p62_t0p21_higheps_center,2,0.236,0.272,6,120,144,146.83333333333331,0.36071684981237817,0.04444474242568042,12.321227147774696
Q3p85_W2p62_t0p21_higheps_center,2,0.236,0.272,7,144,168,66.83333333333334,0.16220485680405475,0.025933060370281823,15.987844557336064
Q3p85_W2p62_t0p21_higheps_center,2,0.236,0.272,8,168,192,46.0,0.11050902529147053,0.02075336194618371,18.779789154276006
Q3p85_W2p62_t0p21_higheps_center,2,0.236,0.272,9,192,216,54.0,0.1267248539039874,0.023822979049766983,18.798979297160106
Q3p85_W2p62_t0p21_higheps_center,2,0.236,0.272,10,216,240,148.0,0.35997644568876747,0.04533945832400252,12.595118060364044
Q3p85_W2p62_t0p21_higheps_center,2,0.236,0.272,11,240,264,199.66666666666669,0.47727599577503005,0.0584865774909603,12.254246601274426
Q3p85_W2p62_t0p21_higheps_center,2,0.236,0.272,12,264,288,184.1666666666667,0.4424496678179828,0.05458450087200063,12.336883682429587
Q3p85_W2p62_t0p21_higheps_center,2,0.236,0.272,13,288,312,145.33333333333334,0.3569947499434721,0.04414713590176371,12.366326369996795
Q3p85_W2p62_t0p21_higheps_center,2,0.236,0.272,14,312,336,101.83333333333334,0.2526892244335117,0.03717517559490781,14.711816729917363
Q3p85_W2p62_t0p21_higheps_center,2,0.236,0.272,15,336,360,77.0,0.1910677932705113,0.03008456314416063,15.745491497652509
Q3p85_W2p62_t0p21_higheps_center,3,0.272,0.31,1,0,24,75.0,0.18246962275698778,0.027870645642251533,15.27412904194444
Q3p85_W2p62_t0p21_higheps_center,3,0.272,0.31,2,24,48,93.66666666666666,0.22878908779226326,0.032306500999859586,14.120647672319652
Q3p85_W2p62_t0p21_higheps_center,3,0.272,0.31,3,48,72,167.66666666666669,0.4051419399483316,0.05034601576260002,12.426759808925416
Q3p85_W2p62_t0p21_higheps_center,3,0.272,0.31,4,72,96,210.50000000000003,0.5077931988498889,0.0603089058133261,11.876666711945129
Q3p85_W2p62_t0p21_higheps_center,3,0.272,0.31,5,96,120,182.50000000000003,0.4419493719852915,0.05362229919823214,12.133131665591945
Q3p85_W2p62_t0p21_higheps_center,3,0.272,0.31,6,120,144,74.0,0.1763528521560683,0.02854219268883042,16.18470715946869
Q3p85_W2p62_t0p21_higheps_center,3,0.272,0.31,7,144,168,16.833333333333332,0.03449949048553716,0.014466246666015507,41.931769027371665
Q3p85_W2p62_t0p21_higheps_center,3,0.272,0.31,8,168,192,21.0,0.0521093981646849,0.012702737060666594,24.37705578659969
Q3p85_W2p62_t0p21_higheps_center,3,0.272,0.31,9,192,216,31.0,0.07328802660240988,0.016813498906549602,22.941672311308675
Q3p85_W2p62_t0p21_higheps_center,3,0.272,0.31,10,216,240,87.83333333333333,0.21794962565705508,0.03320814339869777,15.236614102265522
Q3p85_W2p62_t0p21_higheps_center,3,0.272,0.31,11,240,264,198.0,0.4840464413189696,0.05643882702498984,11.659795880577217
Q3p85_W2p62_t0p21_higheps_center,3,0.272,0.31,12,264,288,209.1666666666667,0.5044846656330838,0.06003807934713012,11.900872997157926
Q3p85_W2p62_t0p21_higheps_center,3,0.272,0.31,13,288,312,164.33333333333337,0.4041413482829489,0.04841531944592756,11.979798565929178
Q3p85_W2p62_t0p21_higheps_center,3,0.272,0.31,14,312,336,81.66666666666666,0.20264765952933014,0.03146475712127404,15.526829766676876
Q3p85_W2p62_t0p21_higheps_center,3,0.272,0.31,15,336,360,56.833333333333336,0.13739085767801432,0.02349333020416778,17.09963137374551
Q3p85_W2p62_t0p21_higheps_center,4,0.31,0.358,1,0,24,49.66666666666667,0.11960749163768536,0.021736847492723314,18.17348327859638
Q3p85_W2p62_t0p21_higheps_center,4,0.31,0.358,2,24,48,72.66666666666667,0.17667968962757835,0.027356912256673506,15.483903279623659
Q3p85_W2p62_t0p21_higheps_center,4,0.31,0.358,3,48,72,159.5,0.38487717399539856,0.04855780866173598,12.616442840103714
Q3p85_W2p62_t0p21_higheps_center,4,0.31,0.358,4,72,96,266.5,0.6576577060206605,0.07105325356492906,10.803987076325217
Q3p85_W2p62_t0p21_higheps_center,4,0.31,0.358,5,96,120,166.0,0.40464164411564024,0.04934876060878814,12.195670249571505
Q3p85_W2p62_t0p21_higheps_center,4,0.31,0.358,6,120,144,40.0,0.09198525512753082,0.02041817303916168,22.19722390382391
Q3p85_W2p62_t0p21_higheps_center,4,0.31,0.358,7,144,168,16.666666666666664,0.03045055314512105,0.0159782307855327,52.472711117541124
Q3p85_W2p62_t0p21_higheps_center,4,0.31,0.358,8,168,192,11.0,0.02729539903864447,0.008747914705117283,32.049044942453854
Q3p85_W2p62_t0p21_higheps_center,4,0.31,0.358,9,192,216,13.0,0.032258198863852554,0.009608835102279915,29.787264759680216
Q3p85_W2p62_t0p21_higheps_center,4,0.31,0.358,10,216,240,34.666666666666664,0.08602186363694014,0.01741274311512652,20.24222956691328
Q3p85_W2p62_t0p21_higheps_center,4,0.31,0.358,11,240,264,150.16666666666666,0.36171744147776075,0.046523444618509366,12.861819554081341
Q3p85_W2p62_t0p21_higheps_center,4,0.31,0.358,12,264,288,228.33333333333337,0.5520448306246607,0.06420570713563274,11.630524112141659
Q3p85_W2p62_t0p21_higheps_center,4,0.31,0.358,13,288,312,151.66666666666666,0.36543954134666684,0.046816226982121234,12.810936334256715
Q3p85_W2p62_t0p21_higheps_center,4,0.31,0.358,14,312,336,80.83333333333333,0.20057982626882678,0.031206720953241927,15.558255051740433
Q3p85_W2p62_t0p21_higheps_center,4,0.31,0.358,15,336,360,48.66666666666667,0.11712609172508132,0.02148537868911646,18.343802284077746
Q3p85_W2p62_t0p21_higheps_center,5,0.358,0.5,1,0,24,26.499999999999996,0.06575709768400713,0.014758264600313492,22.44360703270952
Q3p85_W2p62_t0p21_higheps_center,5,0.358,0.5,2,24,48,96.5,0.2358197208779747,0.03298365849624239,13.986810930587879
Q3p85_W2p62_t0p21_higheps_center,5,0.358,0.5,3,48,72,253.6666666666668,0.6221777031205941,0.06881884780100181,11.06096336397689
Q3p85_W2p62_t0p21_higheps_center,5,0.358,0.5,4,72,96,389.4999999999999,0.944693041829381,0.10010836199966312,10.596919588378157
Q3p85_W2p62_t0p21_higheps_center,5,0.358,0.5,5,96,120,190.33333333333334,0.45411626325739235,0.05648262380061287,12.437921380630804
Q3p85_W2p62_t0p21_higheps_center,5,0.358,0.5,6,120,144,18.0,0.04466519842687277,0.01159236956485246,25.953919322292595
Q3p85_W2p62_t0p21_higheps_center,5,0.358,0.5,7,144,168,4.0,0.00992559965041617,0.005078620403138139,51.16688746281639
Q3p85_W2p62_t0p21_higheps_center,5,0.358,0.5,8,168,192,4.0,0.00992559965041617,0.005078620403138139,51.16688746281639
Q3p85_W2p62_t0p21_higheps_center,5,0.358,0.5,9,192,216,6.0,0.014888399475624257,0.006289740067707145,42.24591150986309
Q3p85_W2p62_t0p21_higheps_center,5,0.358,0.5,10,216,240,18.0,0.04466519842687277,0.01159236956485246,25.953919322292595
Q3p85_W2p62_t0p21_higheps_center,5,0.358,0.5,11,240,264,186.33333333333337,0.4550967756719224,0.05390304008151313,11.84430278635321
Q3p85_W2p62_t0p21_higheps_center,5,0.358,0.5,12,264,288,419.66666666666663,1.0231839765479183,0.10622761748391535,10.382064215109455
Q3p85_W2p62_t0p21_higheps_center,5,0.358,0.5,13,288,312,257.00000000000006,0.6340844068509228,0.06903917172398326,10.888009699979074
Q3p85_W2p62_t0p21_higheps_center,5,0.358,0.5,14,312,336,81.33333333333331,0.19091441416018248,0.031172069308763675,16.327771502160882
Q3p85_W2p62_t0p21_higheps_center,5,0.358,0.5,15,336,360,27.666666666666664,0.06138132287208096,0.017373771057728648,28.304653997007673
Q3p85_W2p62_t0p21_higheps_left,1,0.16,0.236,1,0,24,2.0,0.003969072330663759,0.0028312235172038187,71.33212200066772
Q3p85_W2p62_t0p21_higheps_left,1,0.16,0.236,2,24,48,0.0,0.0,0.0,0.0
Q3p85_W2p62_t0p21_higheps_left,1,0.16,0.236,3,48,72,0.0,0.0,0.0,0.0
Q3p85_W2p62_t0p21_higheps_left,1,0.16,0.236,4,72,96,5.0,0.009922680826659397,0.004534428061064982,45.69761075940561
Q3p85_W2p62_t0p21_higheps_left,1,0.16,0.236,5,96,120,32.0,0.06350515729062015,0.012713276162866913,20.019281433611525
Q3p85_W2p62_t0p21_higheps_left,1,0.16,0.236,6,120,144,103.5,0.19589603043785186,0.026708151179957413,13.633839910008074
Q3p85_W2p62_t0p21_higheps_left,1,0.16,0.236,7,144,168,168.66666666666669,0.3347250998859771,0.040679342063159124,12.153059951887801
Q3p85_W2p62_t0p21_higheps_left,1,0.16,0.236,8,168,192,188.0,0.3683410677453945,0.03800899529744514,10.318967561802749
Q3p85_W2p62_t0p21_higheps_left,1,0.16,0.236,9,192,216,166.0,0.31992954077109437,0.03564412637927036,11.141242629036654
Q3p85_W2p62_t0p21_higheps_left,1,0.16,0.236,10,216,240,108.0,0.21432990585584297,0.028824322294423593,13.448576939986461
Q3p85_W2p62_t0p21_higheps_left,1,0.16,0.236,11,240,264,34.0,0.0627224982842851,0.014347969371288976,22.87531549884678
Q3p85_W2p62_t0p21_higheps_left,1,0.16,0.236,12,264,288,4.0,0.0031864133243286862,0.008106591492356234,254.41117228770472
Q3p85_W2p62_t0p21_higheps_left,1,0.16,0.236,13,288,312,1.0,0.0019845361653318795,0.0019932758331066653,100.44038843571914
Q3p85_W2p62_t0p21_higheps_left,1,0.16,0.236,14,312,336,0.0,0.0,0.0,0.0
Q3p85_W2p62_t0p21_higheps_left,1,0.16,0.236,15,336,360,0.0,0.0,0.0,0.0
Q3p85_W2p62_t0p21_higheps_left,2,0.236,0.272,1,0,24,2.0,0.003969072330663759,0.0028312235172038187,71.33212200066772
Q3p85_W2p62_t0p21_higheps_left,2,0.236,0.272,2,24,48,0.0,0.0,0.0,0.0
Q3p85_W2p62_t0p21_higheps_left,2,0.236,0.272,3,48,72,5.0,0.009922680826659397,0.004534428061064982,45.69761075940561
Q3p85_W2p62_t0p21_higheps_left,2,0.236,0.272,4,72,96,16.0,0.03175257864531007,0.008480207428501458,26.707145656511912
Q3p85_W2p62_t0p21_higheps_left,2,0.236,0.272,5,96,120,86.66666666666667,0.17199313432876287,0.024576007182759152,14.288946636545619
Q3p85_W2p62_t0p21_higheps_left,2,0.236,0.272,6,120,144,197.0,0.3909536245703803,0.046098232035487074,11.791227690021934
Q3p85_W2p62_t0p21_higheps_left,2,0.236,0.272,7,144,168,191.83333333333331,0.37594845637916685,0.03856651446526147,10.258457990944589
Q3p85_W2p62_t0p21_higheps_left,2,0.236,0.272,8,168,192,195.0,0.3869845522397165,0.04571558444371513,11.813284064992015
Q3p85_W2p62_t0p21_higheps_left,2,0.236,0.272,9,192,216,198.83333333333334,0.39459194087348876,0.0464570958384277,11.77345278152106
Q3p85_W2p62_t0p21_higheps_left,2,0.236,0.272,10,216,240,190.0,0.36755840873905954,0.03903069732212167,10.618910190633322
Q3p85_W2p62_t0p21_higheps_left,2,0.236,0.272,11,240,264,84.0,0.161949306550879,0.022644267336479472,13.982318182613154
Q3p85_W2p62_t0p21_higheps_left,2,0.236,0.272,12,264,288,14.0,0.027783506314646312,0.0078709125981157,28.329443047893783
Q3p85_W2p62_t0p21_higheps_left,2,0.236,0.272,13,288,312,3.0,0.005953608495995639,0.0034825327238322775,58.49448659875113
Q3p85_W2p62_t0p21_higheps_left,2,0.236,0.272,14,312,336,2.0,0.003969072330663759,0.0028312235172038187,71.33212200066772
Q3p85_W2p62_t0p21_higheps_left,2,0.236,0.272,15,336,360,3.0,0.005953608495995639,0.0034825327238322775,58.49448659875113
Q3p85_W2p62_t0p21_higheps_left,3,0.272,0.31,1,0,24,2.0,0.003969072330663759,0.0028312235172038187,71.33212200066772
Q3p85_W2p62_t0p21_higheps_left,3,0.272,0.31,2,24,48,3.0,0.005953608495995639,0.0034825327238322775,58.49448659875113
Q3p85_W2p62_t0p21_higheps_left,3,0.272,0.31,3,48,72,7.0,0.013891753157323154,0.00541037517664715,38.94666940432227
Q3p85_W2p62_t0p21_higheps_left,3,0.272,0.31,4,72,96,44.0,0.08731959127460272,0.015511075177391897,17.76356823363116
Q3p85_W2p62_t0p21_higheps_left,3,0.272,0.31,5,96,120,171.66666666666669,0.3359269770449738,0.035687666794509666,10.623638240798925
Q3p85_W2p62_t0p21_higheps_left,3,0.272,0.31,6,120,144,248.50000000000003,0.49315723708497206,0.05592662715995814,11.340526500338441
Q3p85_W2p62_t0p21_higheps_left,3,0.272,0.31,7,144,168,264.83333333333337,0.5208195964483942,0.04887342985549559,9.383946032134038
Q3p85_W2p62_t0p21_higheps_left,3,0.272,0.31,8,168,192,217.66666666666666,0.42246390931324146,0.04292617279273538,10.160908860242355
Q3p85_W2p62_t0p21_higheps_left,3,0.272,0.31,9,192,216,258.5,0.513002598738291,0.0578223898932083,11.271363933714976
Q3p85_W2p62_t0p21_higheps_left,3,0.272,0.31,10,216,240,261.0,0.5084604764776229,0.04894045520703317,9.625223094245165
Q3p85_W2p62_t0p21_higheps_left,3,0.272,0.31,11,240,264,157.66666666666669,0.3033917393933288,0.034484266714513725,11.36625103355467
Q3p85_W2p62_t0p21_higheps_left,3,0.272,0.31,12,264,288,35.0,0.0694587657866158,0.013432433062947653,19.338715439046837
Q3p85_W2p62_t0p21_higheps_left,3,0.272,0.31,13,288,312,6.0,0.011907216991991277,0.004988169397804137,41.89198366972862
Q3p85_W2p62_t0p21_higheps_left,3,0.272,0.31,14,312,336,4.0,0.007938144661327518,0.0040385357806303,50.87505900849789
Q3p85_W2p62_t0p21_higheps_left,3,0.272,0.31,15,336,360,1.0,0.0019845361653318795,0.0019932758331066653,100.44038843571914
Q3p85_W2p62_t0p21_higheps_left,4,0.31,0.358,1,0,24,1.0,0.0019845361653318795,0.0019932758331066653,100.44038843571914
Q3p85_W2p62_t0p21_higheps_left,4,0.31,0.358,2,24,48,0.0,0.0,0.0,0.0
Q3p85_W2p62_t0p21_higheps_left,4,0.31,0.358,3,48,72,6.0,0.011907216991991276,0.004988169397804137,41.891983669728624
Q3p85_W2p62_t0p21_higheps_left,4,0.31,0.358,4,72,96,59.0,0.11708763375458094,0.018798424322981965,16.055004034315022
Q3p85_W2p62_t0p21_higheps_left,4,0.31,0.358,5,96,120,225.66666666666669,0.43834019863589657,0.044042706548602054,10.04760838400444
Q3p85_W2p62_t0p21_higheps_left,4,0.31,0.358,6,120,144,276.8333333333333,0.5398822990953777,0.0511423939425281,9.472878445583763
Q3p85_W2p62_t0p21_higheps_left,4,0.31,0.358,7,144,168,261.83333333333337,0.5148659879523984,0.04845333595861627,9.410863621291682
Q3p85_W2p62_t0p21_higheps_left,4,0.31,0.358,8,168,192,226.0,0.4437534420280059,0.043406237363090475,9.781611420233457
Q3p85_W2p62_t0p21_higheps_left,4,0.31,0.358,9,192,216,261.0,0.4989570138036252,0.05015404483009519,10.051776694702271
Q3p85_W2p62_t0p21_higheps_left,4,0.31,0.358,10,216,240,287.66666666666663,0.5566297095494745,0.05322372886848055,9.561783705644965
Q3p85_W2p62_t0p21_higheps_left,4,0.31,0.358,11,240,264,234.83333333333334,0.45653178015143864,0.045311623913403584,9.925185032764427
Q3p85_W2p62_t0p21_higheps_left,4,0.31,0.358,12,264,288,45.833333333333336,0.08620617624071233,0.01646159764621387,19.09561282505835
Q3p85_W2p62_t0p21_higheps_left,4,0.31,0.358,13,288,312,7.0,0.013891753157323154,0.00541037517664715,38.94666940432227
Q3p85_W2p62_t0p21_higheps_left,4,0.31,0.358,14,312,336,1.0,0.0019845361653318795,0.0019932758331066653,100.44038843571914
Q3p85_W2p62_t0p21_higheps_left,4,0.31,0.358,15,336,360,1.0,0.0019845361653318795,0.0019932758331066653,100.44038843571914
Q3p85_W2p62_t0p21_higheps_left,5,0.358,0.5,1,0,24,1.0,0.0019845361653318795,0.0019932758331066653,100.44038843571914
Q3p85_W2p62_t0p21_higheps_left,5,0.358,0.5,2,24,48,0.0,0.0,0.0,0.0
Q3p85_W2p62_t0p21_higheps_left,5,0.358,0.5,3,48,72,8.0,0.015876289322655033,0.005807926882601353,36.58239507082804
Q3p85_W2p62_t0p21_higheps_left,5,0.358,0.5,4,72,96,179.83333333333334,0.3473822910581854,0.03760924814764258,10.8264724816796
Q3p85_W2p62_t0p21_higheps_left,5,0.358,0.5,5,96,120,496.49999999999994,0.9710670120762822,0.0817353781809033,8.417068767081398
Q3p85_W2p62_t0p21_higheps_left,5,0.358,0.5,6,120,144,550.5000000000001,1.073480233667205,0.08947944204068786,8.335453158276582
Q3p85_W2p62_t0p21_higheps_left,5,0.358,0.5,7,144,168,292.6666666666667,0.5760558530501314,0.05276782462713445,9.160192427129513
Q3p85_W2p62_t0p21_higheps_left,5,0.358,0.5,8,168,192,169.66666666666666,0.3177027107033134,0.037720929063294655,11.873027139047716
Q3p85_W2p62_t0p21_higheps_left,5,0.358,0.5,9,192,216,258.6666666666667,0.4895746980808518,0.05045661120657794,10.306213005772038
Q3p85_W2p62_t0p21_higheps_left,5,0.358,0.5,10,216,240,537.3333333333333,1.056853970164333,0.08689354248075624,8.22190623622722
Q3p85_W2p62_t0p21_higheps_left,5,0.358,0.5,11,240,264,512.5,0.9885643967105956,0.0851544652606221,8.61395226694081
Q3p85_W2p62_t0p21_higheps_left,5,0.358,0.5,12,264,288,145.83333333333331,0.2846597927739002,0.031934491254855694,11.21847625323772
Q3p85_W2p62_t0p21_higheps_left,5,0.358,0.5,13,288,312,4.0,0.007938144661327518,0.0040385357806303,50.87505900849789
Q3p85_W2p62_t0p21_higheps_left,5,0.358,0.5,14,312,336,0.0,0.0,0.0,0.0
Q3p85_W2p62_t0p21_higheps_left,5,0.358,0.5,15,336,360,1.0,0.0019845361653318795,0.0019932758331066653,100.44038843571914
