Physics Setting,Run Type,Run Number,Charge,Charge Error,HMS Tracking Eff,HMS Tracking Eff Error,SHMS Tracking Eff,SHMS Tracking Eff Error,HMS Cer Detector Eff,HMS Cer Detector Eff Error,HMS Cal Detector Eff,HMS Cal Detector Eff Error,HMS Hodo 3/4 Eff,HMS Hodo 3/4 Eff Error,SHMS Hodo 3/4 Eff,SHMS Hodo 3/4 Eff Error,EDTM Live Time,EDTM Live Time Error,Boiling Factor,Boiling Factor Error,Dummy Target Correction,Dummy Target Correction Error,Effective Charge,Effective Charge Error
Q3p85_W2p02_t0p49_loweps_right,data,13063.0,91.830737,8.310273,0.9974,0.0003,0.9965,0.0004,0.9981,0.0001,0.9981,0.0001,0.998434,0.0003,0.994031,0.0004,0.9886,0.0007,0.98605,0.08327,NA,NA,83.21884741247884,10.301069203034356
Q3p85_W2p02_t0p49_loweps_right,data,13064.0,85.543379,7.602901,0.997,0.0003,0.9969,0.0004,0.9981,0.0001,0.9981,0.0001,0.998309,0.0003,0.994276,0.0004,0.9891,0.0007,0.98677,0.08051,NA,NA,77.5168871085962,9.352752958803245
Q3p85_W2p02_t0p49_loweps_right,data,13065.0,85.297855,8.280885,0.9973,0.0003,0.996,0.0004,0.9981,0.0001,0.9981,0.0001,0.998258,0.0003,0.993082,0.0004,0.9898,0.0006,0.98792,0.07619,NA,NA,77.3191247296472,9.586923561872982
Q3p85_W2p02_t0p49_loweps_right,data,13066.0,88.395723,10.089053,0.9975,0.0003,0.9966,0.0004,0.9981,0.0001,0.9981,0.0001,0.998117,0.0003,0.993624,0.0004,0.9893,0.0005,0.98936,0.07106,NA,NA,80.35704944380062,10.83679255137675
Q3p85_W2p02_t0p49_loweps_right,data,13067.0,99.147635,9.177126,0.9974,0.0002,0.9961,0.0004,0.9981,0.0001,0.9981,0.0001,0.998236,0.0002,0.993698,0.0004,0.9894,0.0007,0.98527,0.08629,NA,NA,89.66769324779378,11.426508502012908
Q3p85_W2p02_t0p49_loweps_right,data,13068.0,127.592712,14.376169,0.9974,0.0002,0.9957,0.0004,0.9981,0.0001,0.9981,0.0001,0.998381,0.0002,0.993756,0.0004,0.9881,0.0007,0.98443,0.08962,NA,NA,115.21323824903973,16.689646456965846
Q3p85_W2p02_t0p49_loweps_right,data,13070.0,108.26674,15.443517,0.9969,0.0004,0.9959,0.0004,0.9981,0.0001,0.9981,0.0001,0.997827,0.0004,0.993439,0.0004,0.9894,0.0005,0.98957,0.07032,NA,NA,97.87050442159128,15.597337776584967
Q3p85_W2p02_t0p49_loweps_right,data,13071.0,112.892478,11.000858,0.9972,0.0003,0.996,0.0004,0.9981,0.0001,0.9981,0.0001,0.997673,0.0003,0.994106,0.0004,0.9885,0.0007,0.98407,0.09106,NA,NA,101.41377326297993,13.628503841014082
Q3p85_W2p02_t0p49_loweps_right,data,13073.0,120.383355,15.148716,0.9979,0.0002,0.9963,0.0003,0.9981,0.0001,0.9981,0.0001,0.998013,0.0002,0.994491,0.0003,0.9891,0.0006,0.98685,0.0802,NA,NA,109.16472559320127,16.353056256556403
Q3p85_W2p02_t0p49_loweps_right,dummy,13075.0,61.518373,5.951523,0.9971,0.0003,0.9977,0.0003,0.9981,0.0001,0.9981,0.0001,0.998113,0.0003,0.995673,0.0003,0.9961,0.0004,NA,NA,3.527,0.227,60.146886086371005,0.5862092406209338


Variable,Value
Total Data Effective Charge,831.7418434691288
Total Data Effective Charge Error,38.83910526535698
Total Dummy Effective Charge,212.13807
Total Dummy Effective Charge Error,13.809003702715128
Normalization Data Factor (Data),0.0012022961305266065
Normalization Dummy Factor (Dummy),0.004713911147930295
Normalization SIMC Factor,33.230666666666664
