Physics_Setting,tbin_number,t_min,t_max,phibin_number,phi_min,phi_max,Counts,simc_yield,simc_yield_error,%error/yield
Q3p85_W2p62_t0p21_loweps_center,1,0.16,0.236,1,0,24,4009.0,0.05120688658810888,0.000818003397128244,1.5974480223880638
Q3p85_W2p62_t0p21_loweps_center,1,0.16,0.236,2,24,48,4719.0,0.05989839478773733,0.0008819406416838805,1.4723944519869427
Q3p85_W2p62_t0p21_loweps_center,1,0.16,0.236,3,48,72,6940.0,0.0868885999637935,0.00105528496657947,1.2145263786264338
Q3p85_W2p62_t0p21_loweps_center,1,0.16,0.236,4,72,96,8980.0,0.11041547231143835,0.0011790333228318722,1.0678153144210496
Q3p85_W2p62_t0p21_loweps_center,1,0.16,0.236,5,96,120,9723.0,0.11639894899010769,0.001195170587153497,1.026788126115357
Q3p85_W2p62_t0p21_loweps_center,1,0.16,0.236,6,120,144,9937.0,0.11514663107235729,0.0011704858447077466,1.016517664309451
Q3p85_W2p62_t0p21_loweps_center,1,0.16,0.236,7,144,168,9686.0,0.10932575001002307,0.0011270678807172201,1.0309262736490623
Q3p85_W2p62_t0p21_loweps_center,1,0.16,0.236,8,168,192,9219.0,0.10364167005944681,0.0010950422475119904,1.0565656138924584
Q3p85_W2p62_t0p21_loweps_center,1,0.16,0.236,9,192,216,9713.0,0.11008749069824579,0.0011327547183036697,1.0289586138434164
Q3p85_W2p62_t0p21_loweps_center,1,0.16,0.236,10,216,240,10184.0,0.11809344083236044,0.0011860918660377316,1.0043672685610443
Q3p85_W2p62_t0p21_loweps_center,1,0.16,0.236,11,240,264,9656.0,0.11516526640887247,0.0011868193597091043,1.0305358522729648
Q3p85_W2p62_t0p21_loweps_center,1,0.16,0.236,12,264,288,9106.0,0.11173031711994211,0.0011851556883869954,1.0607288325466175
Q3p85_W2p62_t0p21_loweps_center,1,0.16,0.236,13,288,312,6908.0,0.08683599918573981,0.0010568557829684522,1.217071022247198
Q3p85_W2p62_t0p21_loweps_center,1,0.16,0.236,14,312,336,4821.0,0.0613326966687575,0.0008934714619891883,1.4567620706694235
Q3p85_W2p62_t0p21_loweps_center,1,0.16,0.236,15,336,360,3928.0,0.05018966924559947,0.0008098114642596252,1.6135022932645207
Q3p85_W2p62_t0p21_loweps_center,2,0.236,0.272,1,0,24,3828.0,0.04509630230625107,0.0007358940547186043,1.6318279262036026
Q3p85_W2p62_t0p21_loweps_center,2,0.236,0.272,2,24,48,4710.0,0.055067601570315004,0.0008104589605984616,1.4717527865519955
Q3p85_W2p62_t0p21_loweps_center,2,0.236,0.272,3,48,72,7080.0,0.08137736410501371,0.0009774445139717756,1.201125797968129
Q3p85_W2p62_t0p21_loweps_center,2,0.236,0.272,4,72,96,9843.0,0.11012497187059703,0.0011227922214153416,1.019561868977987
Q3p85_W2p62_t0p21_loweps_center,2,0.236,0.272,5,96,120,10756.0,0.11636039794678009,0.0011355692075406276,0.9759069473619405
Q3p85_W2p62_t0p21_loweps_center,2,0.236,0.272,6,120,144,9984.0,0.1031466287681044,0.0010461716837616606,1.0142567878914175
Q3p85_W2p62_t0p21_loweps_center,2,0.236,0.272,7,144,168,6460.0,0.06648139655581489,0.0008396737463947085,1.2630206191438156
Q3p85_W2p62_t0p21_loweps_center,2,0.236,0.272,8,168,192,5021.0,0.052048513315951166,0.0007453463124228607,1.4320222902398185
Q3p85_W2p62_t0p21_loweps_center,2,0.236,0.272,9,192,216,6365.0,0.06565781636268575,0.0008349786011630109,1.2717124135696063
Q3p85_W2p62_t0p21_loweps_center,2,0.236,0.272,10,216,240,9927.0,0.1026932613373096,0.001044517354026042,1.0171235584730205
Q3p85_W2p62_t0p21_loweps_center,2,0.236,0.272,11,240,264,10903.0,0.1176705367129375,0.0011404693742302408,0.9692055514393262
Q3p85_W2p62_t0p21_loweps_center,2,0.236,0.272,12,264,288,9884.0,0.11015230664048492,0.0011205850737758957,1.0173051368168449
Q3p85_W2p62_t0p21_loweps_center,2,0.236,0.272,13,288,312,6898.0,0.07930969948459546,0.0009650679508901425,1.2168347089470315
Q3p85_W2p62_t0p21_loweps_center,2,0.236,0.272,14,312,336,4706.0,0.05505737739017781,0.0008103625787844379,1.4718510346789708
Q3p85_W2p62_t0p21_loweps_center,2,0.236,0.272,15,336,360,3809.0,0.044801594883512236,0.000732888753228757,1.6358541590635938
Q3p85_W2p62_t0p21_loweps_center,3,0.272,0.31,1,0,24,3615.0,0.03991558540121029,0.0006704567179558061,1.679686546537476
Q3p85_W2p62_t0p21_loweps_center,3,0.272,0.31,2,24,48,4867.0,0.05330028007061358,0.000771947446715931,1.4482990440073393
Q3p85_W2p62_t0p21_loweps_center,3,0.272,0.31,3,48,72,7639.0,0.08209174873538677,0.0009492490547811505,1.1563269992468361
Q3p85_W2p62_t0p21_loweps_center,3,0.272,0.31,4,72,96,10669.0,0.11121933783556227,0.0010891426732416722,0.9792745528227915
Q3p85_W2p62_t0p21_loweps_center,3,0.272,0.31,5,96,120,11171.0,0.11278667388010134,0.0010807989070485877,0.9582682686409729
Q3p85_W2p62_t0p21_loweps_center,3,0.272,0.31,6,120,144,5959.0,0.05893074602029301,0.0007756225530055445,1.316159399608578
Q3p85_W2p62_t0p21_loweps_center,3,0.272,0.31,7,144,168,2378.0,0.02513492554491428,0.0005226277521044399,2.0792890401467163
Q3p85_W2p62_t0p21_loweps_center,3,0.272,0.31,8,168,192,1806.0,0.019337475216271084,0.00046141984265796844,2.386143162421313
Q3p85_W2p62_t0p21_loweps_center,3,0.272,0.31,9,192,216,2431.0,0.025623186394956268,0.0005272426706760648,2.057678005183027
Q3p85_W2p62_t0p21_loweps_center,3,0.272,0.31,10,216,240,6180.0,0.061020041938490165,0.0007887925950795439,1.2926778973286643
Q3p85_W2p62_t0p21_loweps_center,3,0.272,0.31,11,240,264,11376.0,0.11405410840223548,0.0010833003957614671,0.9498126906055707
Q3p85_W2p62_t0p21_loweps_center,3,0.272,0.31,12,264,288,10815.0,0.11262631599973912,0.0010959636117986115,0.9730972748865817
Q3p85_W2p62_t0p21_loweps_center,3,0.272,0.31,13,288,312,7605.0,0.08197843427272178,0.0009501008213332813,1.1589643419786881
Q3p85_W2p62_t0p21_loweps_center,3,0.272,0.31,14,312,336,4684.0,0.051209927414929704,0.0007557753600496061,1.4758375928282763
Q3p85_W2p62_t0p21_loweps_center,3,0.272,0.31,15,336,360,3658.0,0.04010455889659322,0.0006695319413157001,1.6694659154387934
Q3p85_W2p62_t0p21_loweps_center,4,0.31,0.358,1,0,24,2664.0,0.027611606544453954,0.0005418842970068536,1.9625236080864554
Q3p85_W2p62_t0p21_loweps_center,4,0.31,0.358,2,24,48,3925.0,0.04023657167355377,0.000650264835700648,1.6161039786797906
Q3p85_W2p62_t0p21_loweps_center,4,0.31,0.358,3,48,72,7484.0,0.07463053495375065,0.0008729885928230716,1.1697471998077893
Q3p85_W2p62_t0p21_loweps_center,4,0.31,0.358,4,72,96,10129.0,0.09873776501452892,0.0009944280526631702,1.0071405328213003
Q3p85_W2p62_t0p21_loweps_center,4,0.31,0.358,5,96,120,7919.0,0.07546440743519672,0.000861555425176266,1.1416712254927681
Q3p85_W2p62_t0p21_loweps_center,4,0.31,0.358,6,120,144,2209.0,0.022923908407261988,0.0004962233457707249,2.164654198380622
Q3p85_W2p62_t0p21_loweps_center,4,0.31,0.358,7,144,168,930.0,0.010261665805128767,0.00034107675289263143,3.3237951748746455
Q3p85_W2p62_t0p21_loweps_center,4,0.31,0.358,8,168,192,795.0,0.008891233363654388,0.00031899576300546033,3.587756050914739
Q3p85_W2p62_t0p21_loweps_center,4,0.31,0.358,9,192,216,937.0,0.010371030363893655,0.00034338617253568615,3.3110130863291265
Q3p85_W2p62_t0p21_loweps_center,4,0.31,0.358,10,216,240,2354.0,0.02415147158159227,0.0005058490496382655,2.0944854143952565
Q3p85_W2p62_t0p21_loweps_center,4,0.31,0.358,11,240,264,8460.0,0.08017771210097514,0.0008860553129832438,1.1051142390635356
Q3p85_W2p62_t0p21_loweps_center,4,0.31,0.358,12,264,288,10233.0,0.0994625612167647,0.0009964998009894491,1.001884315866065
Q3p85_W2p62_t0p21_loweps_center,4,0.31,0.358,13,288,312,7287.0,0.07294340957214113,0.000864938767626966,1.1857668467931162
Q3p85_W2p62_t0p21_loweps_center,4,0.31,0.358,14,312,336,4032.0,0.0413082166770578,0.0006586981476611509,1.5945935231500459
Q3p85_W2p62_t0p21_loweps_center,4,0.31,0.358,15,336,360,2670.0,0.027581964272328684,0.0005409206216765971,1.9611388671809356
Q3p85_W2p62_t0p21_loweps_center,5,0.358,0.5,1,0,24,1471.0,0.014453839141072648,0.0003833450007949552,2.6522019309432165
Q3p85_W2p62_t0p21_loweps_center,5,0.358,0.5,2,24,48,2719.0,0.025955612789849647,0.0005067201657642956,1.952256607720919
Q3p85_W2p62_t0p21_loweps_center,5,0.358,0.5,3,48,72,7149.0,0.06484638159371509,0.0007797298029104636,1.202426077981867
Q3p85_W2p62_t0p21_loweps_center,5,0.358,0.5,4,72,96,7906.0,0.07137391241741096,0.0008164451385154249,1.1438985350006694
Q3p85_W2p62_t0p21_loweps_center,5,0.358,0.5,5,96,120,3636.0,0.034439868654104,0.0005819213966901279,1.6896736817861926
Q3p85_W2p62_t0p21_loweps_center,5,0.358,0.5,6,120,144,893.0,0.009402357890748236,0.0003188714335841795,3.391398596919436
Q3p85_W2p62_t0p21_loweps_center,5,0.358,0.5,7,144,168,377.0,0.004122165400081358,0.0002148933738265693,5.213118663853905
Q3p85_W2p62_t0p21_loweps_center,5,0.358,0.5,8,168,192,283.0,0.003120699089563626,0.00018771038075380007,6.015010591105983
Q3p85_W2p62_t0p21_loweps_center,5,0.358,0.5,9,192,216,344.0,0.003782371673586346,0.0002063524898705304,5.455637564958611
Q3p85_W2p62_t0p21_loweps_center,5,0.358,0.5,10,216,240,901.0,0.009397247177830626,0.000317354827352244,3.377104181115155
Q3p85_W2p62_t0p21_loweps_center,5,0.358,0.5,11,240,264,3987.0,0.03753580587195522,0.0006052972777221416,1.612586338993158
Q3p85_W2p62_t0p21_loweps_center,5,0.358,0.5,12,264,288,8273.0,0.07467276626543731,0.0008348290417955808,1.117983280314052
Q3p85_W2p62_t0p21_loweps_center,5,0.358,0.5,13,288,312,7233.0,0.06502172273031286,0.0007766486480789783,1.1944448954393945
Q3p85_W2p62_t0p21_loweps_center,5,0.358,0.5,14,312,336,2607.0,0.024949798414970765,0.000497259462867371,1.9930400021548778
Q3p85_W2p62_t0p21_loweps_center,5,0.358,0.5,15,336,360,1486.0,0.014595202762382917,0.00038575486239916465,2.643025031439738
Q3p85_W2p62_t0p21_loweps_left,1,0.16,0.236,1,0,24,0.0,0.0,0.0,0.0
Q3p85_W2p62_t0p21_loweps_left,1,0.16,0.236,2,24,48,2.0,2.4870259186116075e-05,1.7593327696062654e-05,70.74042761035719
Q3p85_W2p62_t0p21_loweps_left,1,0.16,0.236,3,48,72,3.0,4.121117988385474e-05,2.3897377658052863e-05,57.987608521286504
Q3p85_W2p62_t0p21_loweps_left,1,0.16,0.236,4,72,96,29.0,0.00038553663169291024,7.218405574302707e-05,18.723008349702944
Q3p85_W2p62_t0p21_loweps_left,1,0.16,0.236,5,96,120,355.0,0.0044158622225367915,0.00023643197573833174,5.35415200527946
Q3p85_W2p62_t0p21_loweps_left,1,0.16,0.236,6,120,144,2978.0,0.03404920935391578,0.0006314459246453043,1.8545098010409038
Q3p85_W2p62_t0p21_loweps_left,1,0.16,0.236,7,144,168,6138.0,0.06815498070012202,0.0008809723596194196,1.2926015832880169
Q3p85_W2p62_t0p21_loweps_left,1,0.16,0.236,8,168,192,6887.0,0.07576711329528729,0.0009249035785388512,1.2207190406399977
Q3p85_W2p62_t0p21_loweps_left,1,0.16,0.236,9,192,216,6030.0,0.06688865101927878,0.000872010223229828,1.3036744050623705
Q3p85_W2p62_t0p21_loweps_left,1,0.16,0.236,10,216,240,2866.0,0.03274776749515499,0.0006185726225650597,1.8889001293189747
Q3p85_W2p62_t0p21_loweps_left,1,0.16,0.236,11,240,264,281.0,0.0035477499265258753,0.00021345756004816587,6.016702542988807
Q3p85_W2p62_t0p21_loweps_left,1,0.16,0.236,12,264,288,19.0,0.00026451562388978624,6.100509119964646e-05,23.06294437453154
Q3p85_W2p62_t0p21_loweps_left,1,0.16,0.236,13,288,312,1.0,1.3317765121788248e-05,1.3317765121788248e-05,100.0
Q3p85_W2p62_t0p21_loweps_left,1,0.16,0.236,14,312,336,2.0,2.6316137857520518e-05,1.866849086262108e-05,70.93932614160582
Q3p85_W2p62_t0p21_loweps_left,1,0.16,0.236,15,336,360,1.0,1.4840679089489742e-05,1.4840679089489742e-05,100.0
Q3p85_W2p62_t0p21_loweps_left,2,0.236,0.272,1,0,24,12.0,0.00014813111555576423,4.3046640446815326e-05,29.0598233094453
Q3p85_W2p62_t0p21_loweps_left,2,0.236,0.272,2,24,48,11.0,0.00013415012051268605,4.07131964055689e-05,30.348982356462972
Q3p85_W2p62_t0p21_loweps_left,2,0.236,0.272,3,48,72,38.0,0.00046669737898497493,7.621869838264977e-05,16.331503414143576
Q3p85_W2p62_t0p21_loweps_left,2,0.236,0.272,4,72,96,216.0,0.0025994823583063466,0.00017812648587191724,6.8523829485795344
Q3p85_W2p62_t0p21_loweps_left,2,0.236,0.272,5,96,120,2445.0,0.027826762661199496,0.0005679945697743749,2.0411809188510577
Q3p85_W2p62_t0p21_loweps_left,2,0.236,0.272,6,120,144,8948.0,0.09330449829814819,0.0009984817983833179,1.0701325408692914
Q3p85_W2p62_t0p21_loweps_left,2,0.236,0.272,7,144,168,11390.0,0.1138549472714477,0.0010818115589278545,0.9501664924130608
Q3p85_W2p62_t0p21_loweps_left,2,0.236,0.272,8,168,192,11380.0,0.11216912786059367,0.0010672838431515686,0.951495178315029
Q3p85_W2p62_t0p21_loweps_left,2,0.236,0.272,9,192,216,11480.0,0.11478307469592922,0.0010863311660875878,0.9464210372177062
Q3p85_W2p62_t0p21_loweps_left,2,0.236,0.272,10,216,240,8759.0,0.09159851285049792,0.0009908418113836663,1.0817225963055364
Q3p85_W2p62_t0p21_loweps_left,2,0.236,0.272,11,240,264,2265.0,0.025811410868547276,0.0005473913203103042,2.120733822331784
Q3p85_W2p62_t0p21_loweps_left,2,0.236,0.272,12,264,288,237.0,0.002908250146220455,0.00019020148322328363,6.540066144945213
Q3p85_W2p62_t0p21_loweps_left,2,0.236,0.272,13,288,312,32.0,0.00038826431512411044,6.925886541370209e-05,17.83807131272499
Q3p85_W2p62_t0p21_loweps_left,2,0.236,0.272,14,312,336,9.0,0.0001092328124547098,3.663475657676907e-05,33.53823430295599
Q3p85_W2p62_t0p21_loweps_left,2,0.236,0.272,15,336,360,6.0,7.596119882429599e-05,3.110425693305415e-05,40.947559299321554
Q3p85_W2p62_t0p21_loweps_left,3,0.272,0.31,1,0,24,9.0,0.00010206838151292334,3.4344883694893894e-05,33.64889614767266
Q3p85_W2p62_t0p21_loweps_left,3,0.272,0.31,2,24,48,30.0,0.00034100066116006164,6.265065260280885e-05,18.372589774364506
Q3p85_W2p62_t0p21_loweps_left,3,0.272,0.31,3,48,72,86.0,0.0009720425290150559,0.0001054763447011924,10.851001016186883
Q3p85_W2p62_t0p21_loweps_left,3,0.272,0.31,4,72,96,576.0,0.006349875527423846,0.0002664222757270826,4.195708633601681
Q3p85_W2p62_t0p21_loweps_left,3,0.272,0.31,5,96,120,5053.0,0.0523467384414496,0.0007435769278408193,1.42048377793875
Q3p85_W2p62_t0p21_loweps_left,3,0.272,0.31,6,120,144,13083.0,0.12518018890800797,0.0011088755650688873,0.8858235274623002
Q3p85_W2p62_t0p21_loweps_left,3,0.272,0.31,7,144,168,15545.0,0.1410274641135533,0.001148819871738758,0.8146071965200655
Q3p85_W2p62_t0p21_loweps_left,3,0.272,0.31,8,168,192,15644.0,0.138764820919995,0.0011281547725575443,0.8129976784303156
Q3p85_W2p62_t0p21_loweps_left,3,0.272,0.31,9,192,216,15372.0,0.13895902631887416,0.0011387956762446405,0.819519038390069
Q3p85_W2p62_t0p21_loweps_left,3,0.272,0.31,10,216,240,12957.0,0.1235426331672903,0.0010997625716257962,0.890188709298916
Q3p85_W2p62_t0p21_loweps_left,3,0.272,0.31,11,240,264,5028.0,0.052204319102734445,0.0007434309855829667,1.424079460015457
Q3p85_W2p62_t0p21_loweps_left,3,0.272,0.31,12,264,288,526.0,0.005822410542635072,0.0002556283459330504,4.390421184854472
Q3p85_W2p62_t0p21_loweps_left,3,0.272,0.31,13,288,312,65.0,0.0007289405832191344,9.10135062186197e-05,12.485723571143133
Q3p85_W2p62_t0p21_loweps_left,3,0.272,0.31,14,312,336,16.0,0.00018283747824185073,4.6022627657768933e-05,25.171331447096357
Q3p85_W2p62_t0p21_loweps_left,3,0.272,0.31,15,336,360,18.0,0.00019424378317587022,4.620638521282104e-05,23.7878322061846
Q3p85_W2p62_t0p21_loweps_left,4,0.31,0.358,1,0,24,11.0,0.0001240161510788893,3.774695617905142e-05,30.437129237336013
Q3p85_W2p62_t0p21_loweps_left,4,0.31,0.358,2,24,48,13.0,0.00013329473116704726,3.717043692154892e-05,27.88590111260008
Q3p85_W2p62_t0p21_loweps_left,4,0.31,0.358,3,48,72,46.0,0.0004969697795059841,7.396679856852719e-05,14.883560654745315
Q3p85_W2p62_t0p21_loweps_left,4,0.31,0.358,4,72,96,717.0,0.007275648381226114,0.00027422987246428427,3.7691468594317947
Q3p85_W2p62_t0p21_loweps_left,4,0.31,0.358,5,96,120,6942.0,0.0653006340048286,0.0007930366073141415,1.2144393686215986
Q3p85_W2p62_t0p21_loweps_left,4,0.31,0.358,6,120,144,16881.0,0.14672457124862912,0.0011470630447186572,0.7817797898178384
Q3p85_W2p62_t0p21_loweps_left,4,0.31,0.358,7,144,168,21281.0,0.172543622187863,0.001205378669328254,0.6985935811732613
Q3p85_W2p62_t0p21_loweps_left,4,0.31,0.358,8,168,192,21353.0,0.16866923763573546,0.0011779727476493812,0.698392169290156
Q3p85_W2p62_t0p21_loweps_left,4,0.31,0.358,9,192,216,21133.0,0.1710664648897717,0.0011992251713964217,0.7010287914519973
Q3p85_W2p62_t0p21_loweps_left,4,0.31,0.358,10,216,240,17010.0,0.14768756324093762,0.0011501136845028085,0.7787478236244659
Q3p85_W2p62_t0p21_loweps_left,4,0.31,0.358,11,240,264,6990.0,0.06624557940563112,0.0008015184859790454,1.2099199571811932
Q3p85_W2p62_t0p21_loweps_left,4,0.31,0.358,12,264,288,687.0,0.007016950413258878,0.0002700286941767502,3.848234322228037
Q3p85_W2p62_t0p21_loweps_left,4,0.31,0.358,13,288,312,54.0,0.0005789561859631931,7.951221389588491e-05,13.733718686087219
Q3p85_W2p62_t0p21_loweps_left,4,0.31,0.358,14,312,336,25.0,0.00027528499789817657,5.5654122804088566e-05,20.216910921049944
Q3p85_W2p62_t0p21_loweps_left,4,0.31,0.358,15,336,360,7.0,7.018865752404698e-05,2.6822632491218415e-05,38.21505274129064
Q3p85_W2p62_t0p21_loweps_left,5,0.358,0.5,1,0,24,11.0,0.0001217293490782999,3.715330985431207e-05,30.521242523373694
Q3p85_W2p62_t0p21_loweps_left,5,0.358,0.5,2,24,48,9.0,0.00010138461481626374,3.401155724243729e-05,33.54705968363682
Q3p85_W2p62_t0p21_loweps_left,5,0.358,0.5,3,48,72,35.0,0.00038802104810688187,6.672118474552121e-05,17.19524883277533
Q3p85_W2p62_t0p21_loweps_left,5,0.358,0.5,4,72,96,784.0,0.007350118782208077,0.0002667609781163453,3.629342409568606
Q3p85_W2p62_t0p21_loweps_left,5,0.358,0.5,5,96,120,9342.0,0.07926470427211739,0.000834659458037565,1.0530026771716219
Q3p85_W2p62_t0p21_loweps_left,5,0.358,0.5,6,120,144,26867.0,0.2041826699854708,0.0012729249204921445,0.6234245641820253
Q3p85_W2p62_t0p21_loweps_left,5,0.358,0.5,7,144,168,28088.0,0.2041981623304932,0.0012472231768820476,0.6107905980385007
Q3p85_W2p62_t0p21_loweps_left,5,0.358,0.5,8,168,192,22512.0,0.1635408436817961,0.0011180346118472057,0.6836424385963072
Q3p85_W2p62_t0p21_loweps_left,5,0.358,0.5,9,192,216,28280.0,0.204985631657358,0.0012478172014378348,0.608733983620673
Q3p85_W2p62_t0p21_loweps_left,5,0.358,0.5,10,216,240,27304.0,0.20705459243807983,0.0012797154559183199,0.6180570258546774
Q3p85_W2p62_t0p21_loweps_left,5,0.358,0.5,11,240,264,9562.0,0.08069690903004292,0.0008391214597811167,1.0398433717810893
Q3p85_W2p62_t0p21_loweps_left,5,0.358,0.5,12,264,288,757.0,0.007041128883090406,0.00025966859972562247,3.687883065870709
Q3p85_W2p62_t0p21_loweps_left,5,0.358,0.5,13,288,312,39.0,0.0004184266209581248,6.803015875169057e-05,16.258563710863623
Q3p85_W2p62_t0p21_loweps_left,5,0.358,0.5,14,312,336,12.0,0.00014844356190066164,4.329166446904631e-05,29.1637198102381
Q3p85_W2p62_t0p21_loweps_left,5,0.358,0.5,15,336,360,11.0,0.00011652848409190772,3.5494417454194696e-05,30.459863724134372
Q3p85_W2p62_t0p21_higheps_right,1,0.16,0.236,1,0,24,1151.0,0.7562159676898464,0.02248307387296397,2.973102239780416
Q3p85_W2p62_t0p21_higheps_right,1,0.16,0.236,2,24,48,1086.0,0.7233802824779445,0.02212562242688994,3.0586432838753166
Q3p85_W2p62_t0p21_higheps_right,1,0.16,0.236,3,48,72,908.0,0.6080472441342744,0.020318827058731455,3.341652684843757
Q3p85_W2p62_t0p21_higheps_right,1,0.16,0.236,4,72,96,602.0,0.4187072623362675,0.017184731163532696,4.10423527589342
Q3p85_W2p62_t0p21_higheps_right,1,0.16,0.236,5,96,120,182.0,0.1342627656379581,0.010007818790847237,7.453904843457117
Q3p85_W2p62_t0p21_higheps_right,1,0.16,0.236,6,120,144,36.0,0.028104525497223625,0.004695530068961917,16.70738070075503
Q3p85_W2p62_t0p21_higheps_right,1,0.16,0.236,7,144,168,15.0,0.012129571403070765,0.0031417829726414883,25.90184655532102
Q3p85_W2p62_t0p21_higheps_right,1,0.16,0.236,8,168,192,20.0,0.015744210461336682,0.0035261335102971985,22.39638195231436
Q3p85_W2p62_t0p21_higheps_right,1,0.16,0.236,9,192,216,18.0,0.015113497813873538,0.003580602452019476,23.69142137786686
Q3p85_W2p62_t0p21_higheps_right,1,0.16,0.236,10,216,240,38.0,0.03058888463037672,0.004989605492678261,16.31182553064803
Q3p85_W2p62_t0p21_higheps_right,1,0.16,0.236,11,240,264,182.0,0.1356211376675103,0.01010911472947593,7.453937419592736
Q3p85_W2p62_t0p21_higheps_right,1,0.16,0.236,12,264,288,662.0,0.4567317444061088,0.01788335409283047,3.915504957091237
Q3p85_W2p62_t0p21_higheps_right,1,0.16,0.236,13,288,312,996.0,0.6711514790781145,0.02142996810350706,3.193015104867683
Q3p85_W2p62_t0p21_higheps_right,1,0.16,0.236,14,312,336,1133.0,0.754816829248028,0.022600387251194648,2.9941551877837513
Q3p85_W2p62_t0p21_higheps_right,1,0.16,0.236,15,336,360,1156.0,0.7624884169454024,0.022616291070637392,2.966116018029533
Q3p85_W2p62_t0p21_higheps_right,2,0.236,0.272,1,0,24,1059.0,0.5571785427923003,0.017223084202462647,3.0911248154225683
Q3p85_W2p62_t0p21_higheps_right,2,0.236,0.272,2,24,48,973.0,0.519874169403704,0.01676383326915629,3.224594383749517
Q3p85_W2p62_t0p21_higheps_right,2,0.236,0.272,3,48,72,744.0,0.4064860152050354,0.014987248594330429,3.6870268677683087
Q3p85_W2p62_t0p21_higheps_right,2,0.236,0.272,4,72,96,322.0,0.18263591147980965,0.010260771655914892,5.618156677280425
Q3p85_W2p62_t0p21_higheps_right,2,0.236,0.272,5,96,120,15.0,0.009835411382649806,0.0025652737079169645,26.082017397281877
Q3p85_W2p62_t0p21_higheps_right,2,0.236,0.272,6,120,144,2.0,0.0017278295668772142,0.001222067525630118,70.72847629519484
Q3p85_W2p62_t0p21_higheps_right,2,0.236,0.272,7,144,168,2.0,0.0017011769660691951,0.0012059966156728107,70.891896594358
Q3p85_W2p62_t0p21_higheps_right,2,0.236,0.272,8,168,192,1.0,0.0010198156735724399,0.0010198156735724399,100.0
Q3p85_W2p62_t0p21_higheps_right,2,0.236,0.272,9,192,216,1.0,0.0008471295116517771,0.0008471295116517771,100.0
Q3p85_W2p62_t0p21_higheps_right,2,0.236,0.272,10,216,240,3.0,0.002470572806195277,0.0014358199912015315,58.11688639982717
Q3p85_W2p62_t0p21_higheps_right,2,0.236,0.272,11,240,264,21.0,0.01472773738693478,0.0032530174327887154,22.087693087700767
Q3p85_W2p62_t0p21_higheps_right,2,0.236,0.272,12,264,288,343.0,0.19382678634636144,0.010558303539675594,5.447288137362134
Q3p85_W2p62_t0p21_higheps_right,2,0.236,0.272,13,288,312,822.0,0.4494844863667766,0.015764046991475166,3.507139282803144
Q3p85_W2p62_t0p21_higheps_right,2,0.236,0.272,14,312,336,1116.0,0.5974720438905933,0.01798802999132649,3.010689818086348
Q3p85_W2p62_t0p21_higheps_right,2,0.236,0.272,15,336,360,1115.0,0.5869223062993454,0.01768925194495273,3.0139000946286676
Q3p85_W2p62_t0p21_higheps_right,3,0.272,0.31,1,0,24,1296.0,0.5847723679496521,0.01636704669065112,2.798874842195056
Q3p85_W2p62_t0p21_higheps_right,3,0.272,0.31,2,24,48,1302.0,0.599483115210638,0.016721910441091524,2.789388060615521
Q3p85_W2p62_t0p21_higheps_right,3,0.272,0.31,3,48,72,930.0,0.44376851289669306,0.014648318932885044,3.3008919080960335
Q3p85_W2p62_t0p21_higheps_right,3,0.272,0.31,4,72,96,297.0,0.147884557625445,0.00866484942139432,5.859198256075011
Q3p85_W2p62_t0p21_higheps_right,3,0.272,0.31,5,96,120,4.0,0.003095978924187269,0.0015488489762383218,50.02776227376654
Q3p85_W2p62_t0p21_higheps_right,3,0.272,0.31,6,120,144,1.0,0.0008850959368656833,0.0008850959368656833,100.0
Q3p85_W2p62_t0p21_higheps_right,3,0.272,0.31,7,144,168,0.0,0.0,0.0,0.0
Q3p85_W2p62_t0p21_higheps_right,3,0.272,0.31,8,168,192,1.0,0.0006140252990765779,0.0006140252990765779,100.0
Q3p85_W2p62_t0p21_higheps_right,3,0.272,0.31,9,192,216,0.0,0.0,0.0,0.0
Q3p85_W2p62_t0p21_higheps_right,3,0.272,0.31,10,216,240,1.0,0.0007679402650319389,0.0007679402650319389,100.0
Q3p85_W2p62_t0p21_higheps_right,3,0.272,0.31,11,240,264,12.0,0.008277232641678187,0.002414922839233919,29.17548586316283
Q3p85_W2p62_t0p21_higheps_right,3,0.272,0.31,12,264,288,315.0,0.15723325483690795,0.00895072366465287,5.692640322136124
Q3p85_W2p62_t0p21_higheps_right,3,0.272,0.31,13,288,312,927.0,0.443103074050367,0.014650343454366388,3.3063059843952027
Q3p85_W2p62_t0p21_higheps_right,3,0.272,0.31,14,312,336,1282.0,0.5892414439493138,0.01657286291070434,2.8125759110945916
Q3p85_W2p62_t0p21_higheps_right,3,0.272,0.31,15,336,360,1348.0,0.6058216353413736,0.016615239008351133,2.7425958465462585
Q3p85_W2p62_t0p21_higheps_right,4,0.31,0.358,1,0,24,1616.0,0.6230466020602056,0.015642159060490955,2.5105921465212386
Q3p85_W2p62_t0p21_higheps_right,4,0.31,0.358,2,24,48,1659.0,0.6558276708121343,0.01623982704257588,2.476233889684089
Q3p85_W2p62_t0p21_higheps_right,4,0.31,0.358,3,48,72,1154.0,0.4732674489116526,0.014032083750647517,2.9649374329285343
Q3p85_W2p62_t0p21_higheps_right,4,0.31,0.358,4,72,96,285.0,0.12478138912839769,0.007483086918852142,5.996957535992957
Q3p85_W2p62_t0p21_higheps_right,4,0.31,0.358,5,96,120,3.0,0.0020270190519401394,0.0011750472889164919,57.96922765929645
Q3p85_W2p62_t0p21_higheps_right,4,0.31,0.358,6,120,144,0.0,0.0,0.0,0.0
Q3p85_W2p62_t0p21_higheps_right,4,0.31,0.358,7,144,168,0.0,0.0,0.0,0.0
Q3p85_W2p62_t0p21_higheps_right,4,0.31,0.358,8,168,192,0.0,0.0,0.0,0.0
Q3p85_W2p62_t0p21_higheps_right,4,0.31,0.358,9,192,216,0.0,0.0,0.0,0.0
Q3p85_W2p62_t0p21_higheps_right,4,0.31,0.358,10,216,240,1.0,0.0006874789909104746,0.0006874789909104746,100.0
Q3p85_W2p62_t0p21_higheps_right,4,0.31,0.358,11,240,264,2.0,0.0012064494267724512,0.0008531066110082395,70.71217343030362
Q3p85_W2p62_t0p21_higheps_right,4,0.31,0.358,12,264,288,315.0,0.13450217460543126,0.0076483427035133195,5.6864082130642934
Q3p85_W2p62_t0p21_higheps_right,4,0.31,0.358,13,288,312,1238.0,0.508999937593174,0.01458180333701771,2.8647947200088737
Q3p85_W2p62_t0p21_higheps_right,4,0.31,0.358,14,312,336,1564.0,0.614798172101767,0.015678734420267133,2.5502246317140718
Q3p85_W2p62_t0p21_higheps_right,4,0.31,0.358,15,336,360,1562.0,0.5998455415258739,0.015303576434425505,2.5512528434397637
Q3p85_W2p62_t0p21_higheps_right,5,0.358,0.5,1,0,24,2664.0,0.7903963457159753,0.015533309327994634,1.9652557115410103
Q3p85_W2p62_t0p21_higheps_right,5,0.358,0.5,2,24,48,3709.0,1.1026550953341667,0.018372300177178003,1.666187392133726
Q3p85_W2p62_t0p21_higheps_right,5,0.358,0.5,3,48,72,3008.0,0.9295639031662382,0.017177530373830355,1.847912802478779
Q3p85_W2p62_t0p21_higheps_right,5,0.358,0.5,4,72,96,443.0,0.1469904567872588,0.007091986740910123,4.82479400086119
Q3p85_W2p62_t0p21_higheps_right,5,0.358,0.5,5,96,120,0.0,0.0,0.0,0.0
Q3p85_W2p62_t0p21_higheps_right,5,0.358,0.5,6,120,144,0.0,0.0,0.0,0.0
Q3p85_W2p62_t0p21_higheps_right,5,0.358,0.5,7,144,168,0.0,0.0,0.0,0.0
Q3p85_W2p62_t0p21_higheps_right,5,0.358,0.5,8,168,192,0.0,0.0,0.0,0.0
Q3p85_W2p62_t0p21_higheps_right,5,0.358,0.5,9,192,216,0.0,0.0,0.0,0.0
Q3p85_W2p62_t0p21_higheps_right,5,0.358,0.5,10,216,240,0.0,0.0,0.0,0.0
Q3p85_W2p62_t0p21_higheps_right,5,0.358,0.5,11,240,264,0.0,0.0,0.0,0.0
Q3p85_W2p62_t0p21_higheps_right,5,0.358,0.5,12,264,288,497.0,0.1654356302481602,0.007556295377400323,4.567513882025034
Q3p85_W2p62_t0p21_higheps_right,5,0.358,0.5,13,288,312,3077.0,0.9439122867836879,0.017266344071430247,1.8292318378717212
Q3p85_W2p62_t0p21_higheps_right,5,0.358,0.5,14,312,336,3726.0,1.1058823505062114,0.018366706956506867,1.6608192497239522
Q3p85_W2p62_t0p21_higheps_right,5,0.358,0.5,15,336,360,2761.0,0.8160920399790499,0.015758101458453452,1.9309220880108062
Q3p85_W2p62_t0p21_higheps_center,1,0.16,0.236,1,0,24,298.0,0.20174171416711012,0.011768024518667111,5.833213308041599
Q3p85_W2p62_t0p21_higheps_center,1,0.16,0.236,2,24,48,396.0,0.26887991461933425,0.013597989784092088,5.0572724271143095
Q3p85_W2p62_t0p21_higheps_center,1,0.16,0.236,3,48,72,650.0,0.4369311657316718,0.017248475403616112,3.9476413578171594
Q3p85_W2p62_t0p21_higheps_center,1,0.16,0.236,4,72,96,884.0,0.6023423276044003,0.020397915234770952,3.3864323159716028
Q3p85_W2p62_t0p21_higheps_center,1,0.16,0.236,5,96,120,977.0,0.6527815346432988,0.021048236709115428,3.22439217289087
Q3p85_W2p62_t0p21_higheps_center,1,0.16,0.236,6,120,144,1041.0,0.6618037705115697,0.020722055820242027,3.1311480447178504
Q3p85_W2p62_t0p21_higheps_center,1,0.16,0.236,7,144,168,1055.0,0.6436512978481084,0.020056709377560402,3.116083109692334
Q3p85_W2p62_t0p21_higheps_center,1,0.16,0.236,8,168,192,1063.0,0.6439827956084075,0.020009824020922173,3.107198539678027
Q3p85_W2p62_t0p21_higheps_center,1,0.16,0.236,9,192,216,1127.0,0.6905540381194716,0.020831304114250607,3.0166073854232707
Q3p85_W2p62_t0p21_higheps_center,1,0.16,0.236,10,216,240,1108.0,0.7115911137450377,0.021613274836607865,3.0373165739604606
Q3p85_W2p62_t0p21_higheps_center,1,0.16,0.236,11,240,264,1070.0,0.7134168191013753,0.021978913613895746,3.0807955497293342
Q3p85_W2p62_t0p21_higheps_center,1,0.16,0.236,12,264,288,928.0,0.6290269315094823,0.02080622802708823,3.307684772281421
Q3p85_W2p62_t0p21_higheps_center,1,0.16,0.236,13,288,312,579.0,0.39177021814456564,0.016394724160139987,4.18478061905416
Q3p85_W2p62_t0p21_higheps_center,1,0.16,0.236,14,312,336,359.0,0.24173783465825205,0.012845843146049876,5.313956404139308
Q3p85_W2p62_t0p21_higheps_center,1,0.16,0.236,15,336,360,332.0,0.22367121525469227,0.012357723696656218,5.52495039765604
Q3p85_W2p62_t0p21_higheps_center,2,0.236,0.272,1,0,24,279.0,0.15400186387170894,0.009253205918681257,6.00850255058577
Q3p85_W2p62_t0p21_higheps_center,2,0.236,0.272,2,24,48,438.0,0.24401906283603705,0.011710842344079389,4.799150610601361
Q3p85_W2p62_t0p21_higheps_center,2,0.236,0.272,3,48,72,699.0,0.39281615174451867,0.014933733948623526,3.8017107703697954
Q3p85_W2p62_t0p21_higheps_center,2,0.236,0.272,4,72,96,994.0,0.55814033026511,0.01778642725255029,3.1867303414720003
Q3p85_W2p62_t0p21_higheps_center,2,0.236,0.272,5,96,120,1019.0,0.5542362245746805,0.017471823360210866,3.15241454555207
Q3p85_W2p62_t0p21_higheps_center,2,0.236,0.272,6,120,144,900.0,0.46045698824999665,0.015495773285266108,3.3653030968558055
Q3p85_W2p62_t0p21_higheps_center,2,0.236,0.272,7,144,168,542.0,0.27591552311286843,0.012011350559932164,4.353271039055927
Q3p85_W2p62_t0p21_higheps_center,2,0.236,0.272,8,168,192,369.0,0.19105295119738283,0.010098898544898316,5.2859160152228295
Q3p85_W2p62_t0p21_higheps_center,2,0.236,0.272,9,192,216,568.0,0.2892820584719809,0.01232842525071855,4.2617317215725805
Q3p85_W2p62_t0p21_higheps_center,2,0.236,0.272,10,216,240,956.0,0.4842397979405322,0.015772757534986963,3.2572204106453806
Q3p85_W2p62_t0p21_higheps_center,2,0.236,0.272,11,240,264,1055.0,0.5690764955549104,0.017633885520943093,3.098684563267399
Q3p85_W2p62_t0p21_higheps_center,2,0.236,0.272,12,264,288,1001.0,0.5615471384996042,0.017846776508003707,3.178143967697608
Q3p85_W2p62_t0p21_higheps_center,2,0.236,0.272,13,288,312,677.0,0.37933162198736464,0.014650133250705095,3.862091215583678
Q3p85_W2p62_t0p21_higheps_center,2,0.236,0.272,14,312,336,402.0,0.22266736910540136,0.011150282211228107,5.007595974221994
Q3p85_W2p62_t0p21_higheps_center,2,0.236,0.272,15,336,360,289.0,0.16062349508957557,0.009488480020332944,5.907280261235422
Q3p85_W2p62_t0p21_higheps_center,3,0.272,0.31,1,0,24,271.0,0.13218226079715284,0.00809135075338048,6.121359026985839
Q3p85_W2p62_t0p21_higheps_center,3,0.272,0.31,2,24,48,461.0,0.22367655621375038,0.010485070233258903,4.687603569521668
Q3p85_W2p62_t0p21_higheps_center,3,0.272,0.31,3,48,72,854.0,0.41900773172276334,0.014420624971004064,3.4416130966636858
Q3p85_W2p62_t0p21_higheps_center,3,0.272,0.31,4,72,96,1140.0,0.5644429796836989,0.016829988271156098,2.9816985730936443
Q3p85_W2p62_t0p21_higheps_center,3,0.272,0.31,5,96,120,1195.0,0.5656167767043934,0.016499423105476304,2.917067488982801
Q3p85_W2p62_t0p21_higheps_center,3,0.272,0.31,6,120,144,602.0,0.28178557534155935,0.011675881562951572,4.143534156707256
Q3p85_W2p62_t0p21_higheps_center,3,0.272,0.31,7,144,168,178.0,0.09625949725972703,0.007353035637218892,7.63876380673271
Q3p85_W2p62_t0p21_higheps_center,3,0.272,0.31,8,168,192,111.0,0.06490820525564363,0.006289908115180953,9.690466853008632
Q3p85_W2p62_t0p21_higheps_center,3,0.272,0.31,9,192,216,176.0,0.09374617810795195,0.007197212800065667,7.677339967692154
Q3p85_W2p62_t0p21_higheps_center,3,0.272,0.31,10,216,240,601.0,0.2839462365777683,0.011774258623371643,4.1466507058799715
Q3p85_W2p62_t0p21_higheps_center,3,0.272,0.31,11,240,264,1219.0,0.5779668731966675,0.016702076847291143,2.8897982949981027
Q3p85_W2p62_t0p21_higheps_center,3,0.272,0.31,12,264,288,1118.0,0.5532255485801914,0.016657792517270655,3.011030954738358
Q3p85_W2p62_t0p21_higheps_center,3,0.272,0.31,13,288,312,839.0,0.41512689415416776,0.014431862772789112,3.476494290304757
Q3p85_W2p62_t0p21_higheps_center,3,0.272,0.31,14,312,336,397.0,0.1925896272078632,0.009719283815717057,5.0466289159109134
Q3p85_W2p62_t0p21_higheps_center,3,0.272,0.31,15,336,360,312.0,0.15103336716952928,0.008600600575374373,5.694503629598962
Q3p85_W2p62_t0p21_higheps_center,4,0.31,0.358,1,0,24,288.0,0.12339495787514557,0.00733993750353187,5.948328545935095
Q3p85_W2p62_t0p21_higheps_center,4,0.31,0.358,2,24,48,462.0,0.1984480506514576,0.009319279890360157,4.696080339296448
Q3p85_W2p62_t0p21_higheps_center,4,0.31,0.358,3,48,72,922.0,0.39667473133001663,0.013161643088156679,3.3179938243171705
Q3p85_W2p62_t0p21_higheps_center,4,0.31,0.358,4,72,96,1358.0,0.5883373432712223,0.016106309900409795,2.7375977548623522
Q3p85_W2p62_t0p21_higheps_center,4,0.31,0.358,5,96,120,1135.0,0.48434344077285124,0.01456224433008801,3.0065947227140115
Q3p85_W2p62_t0p21_higheps_center,4,0.31,0.358,6,120,144,249.0,0.11582063275199315,0.007500116933064395,6.4756311158517015
Q3p85_W2p62_t0p21_higheps_center,4,0.31,0.358,7,144,168,85.0,0.04781109894064624,0.005241076731209032,10.962050334202567
Q3p85_W2p62_t0p21_higheps_center,4,0.31,0.358,8,168,192,66.0,0.03775374943800761,0.004701296207398242,12.452527967103933
Q3p85_W2p62_t0p21_higheps_center,4,0.31,0.358,9,192,216,95.0,0.05290594172181338,0.005488707816347387,10.374463883863475
Q3p85_W2p62_t0p21_higheps_center,4,0.31,0.358,10,216,240,261.0,0.11885933744853341,0.007494955708101865,6.305735728459037
Q3p85_W2p62_t0p21_higheps_center,4,0.31,0.358,11,240,264,1185.0,0.504693322306902,0.014871442894420904,2.9466296138900843
Q3p85_W2p62_t0p21_higheps_center,4,0.31,0.358,12,264,288,1422.0,0.6138170772473737,0.016422734528493577,2.6755095511744895
Q3p85_W2p62_t0p21_higheps_center,4,0.31,0.358,13,288,312,928.0,0.40158126555479273,0.013300460202396204,3.3120220845017125
Q3p85_W2p62_t0p21_higheps_center,4,0.31,0.358,14,312,336,482.0,0.2086992037539855,0.009603492169524814,4.601595021342489
Q3p85_W2p62_t0p21_higheps_center,4,0.31,0.358,15,336,360,305.0,0.1325070733116443,0.007667407186984541,5.786413506357893
Q3p85_W2p62_t0p21_higheps_center,5,0.358,0.5,1,0,24,213.0,0.08021956773775223,0.0055639711841524815,6.93592765588291
Q3p85_W2p62_t0p21_higheps_center,5,0.358,0.5,2,24,48,482.0,0.17151004456103705,0.00792683818275354,4.621792387169799
Q3p85_W2p62_t0p21_higheps_center,5,0.358,0.5,3,48,72,1817.0,0.6143018631229332,0.014634636407205956,2.382320042593993
Q3p85_W2p62_t0p21_higheps_center,5,0.358,0.5,4,72,96,3032.0,1.0173148505001632,0.01875016818114745,1.8431037521892975
Q3p85_W2p62_t0p21_higheps_center,5,0.358,0.5,5,96,120,1385.0,0.489896996228123,0.01345209507911782,2.7459027474530147
Q3p85_W2p62_t0p21_higheps_center,5,0.358,0.5,6,120,144,84.0,0.03944399390600742,0.004368340513682219,11.074792588427284
Q3p85_W2p62_t0p21_higheps_center,5,0.358,0.5,7,144,168,20.0,0.010333362503492025,0.0023207408281701175,22.458718808963233
Q3p85_W2p62_t0p21_higheps_center,5,0.358,0.5,8,168,192,13.0,0.0066154454799124225,0.001857865099222748,28.08374893065165
Q3p85_W2p62_t0p21_higheps_center,5,0.358,0.5,9,192,216,22.0,0.011200008476804314,0.0024103228389637677,21.520723345483596
Q3p85_W2p62_t0p21_higheps_center,5,0.358,0.5,10,216,240,90.0,0.042212725045138344,0.004508874169017587,10.681315087325489
Q3p85_W2p62_t0p21_higheps_center,5,0.358,0.5,11,240,264,1458.0,0.5024368103970893,0.013414573011359215,2.669902509881256
Q3p85_W2p62_t0p21_higheps_center,5,0.358,0.5,12,264,288,3091.0,1.0296443910424486,0.018820956489053877,1.8279084170019972
Q3p85_W2p62_t0p21_higheps_center,5,0.358,0.5,13,288,312,1773.0,0.594752676355248,0.014335504311765123,2.410330357757394
Q3p85_W2p62_t0p21_higheps_center,5,0.358,0.5,14,312,336,493.0,0.17482710485617467,0.007998698996260132,4.575205316612911
Q3p85_W2p62_t0p21_higheps_center,5,0.358,0.5,15,336,360,221.0,0.08446833529455879,0.005762726524332852,6.822351244684787
Q3p85_W2p62_t0p21_higheps_left,1,0.16,0.236,1,0,24,1.0,0.0006509561672982676,0.0006509561672982676,100.0
Q3p85_W2p62_t0p21_higheps_left,1,0.16,0.236,2,24,48,0.0,0.0,0.0,0.0
Q3p85_W2p62_t0p21_higheps_left,1,0.16,0.236,3,48,72,0.0,0.0,0.0,0.0
Q3p85_W2p62_t0p21_higheps_left,1,0.16,0.236,4,72,96,1.0,0.0006454814973686654,0.0006454814973686654,100.0
Q3p85_W2p62_t0p21_higheps_left,1,0.16,0.236,5,96,120,13.0,0.007868662296013755,0.0021849526229246936,27.767777300997977
Q3p85_W2p62_t0p21_higheps_left,1,0.16,0.236,6,120,144,184.0,0.10667154827502573,0.007888859930307593,7.395467730503127
Q3p85_W2p62_t0p21_higheps_left,1,0.16,0.236,7,144,168,481.0,0.27018130592509454,0.012372813156543143,4.579448276104417
Q3p85_W2p62_t0p21_higheps_left,1,0.16,0.236,8,168,192,512.0,0.28192300805712384,0.012537932718530985,4.447289635896096
Q3p85_W2p62_t0p21_higheps_left,1,0.16,0.236,9,192,216,467.0,0.263682178430702,0.012255933838333883,4.647994760690605
Q3p85_W2p62_t0p21_higheps_left,1,0.16,0.236,10,216,240,198.0,0.11375277520621166,0.008107941199680956,7.127686498182427
Q3p85_W2p62_t0p21_higheps_left,1,0.16,0.236,11,240,264,20.0,0.011840930450768561,0.0026547515981030275,22.420126603570374
Q3p85_W2p62_t0p21_higheps_left,1,0.16,0.236,12,264,288,2.0,0.0011862132089762176,0.0008388604247868023,70.71750832304386
Q3p85_W2p62_t0p21_higheps_left,1,0.16,0.236,13,288,312,0.0,0.0,0.0,0.0
Q3p85_W2p62_t0p21_higheps_left,1,0.16,0.236,14,312,336,0.0,0.0,0.0,0.0
Q3p85_W2p62_t0p21_higheps_left,1,0.16,0.236,15,336,360,0.0,0.0,0.0,0.0
Q3p85_W2p62_t0p21_higheps_left,2,0.236,0.272,1,0,24,0.0,0.0,0.0,0.0
Q3p85_W2p62_t0p21_higheps_left,2,0.236,0.272,2,24,48,0.0,0.0,0.0,0.0
Q3p85_W2p62_t0p21_higheps_left,2,0.236,0.272,3,48,72,1.0,0.0005573117248127346,0.0005573117248127346,100.0
Q3p85_W2p62_t0p21_higheps_left,2,0.236,0.272,4,72,96,22.0,0.011832069047735433,0.0025269973307825515,21.3571888448893
Q3p85_W2p62_t0p21_higheps_left,2,0.236,0.272,5,96,120,226.0,0.1207741509371052,0.00805185251490891,6.666867415281623
Q3p85_W2p62_t0p21_higheps_left,2,0.236,0.272,6,120,144,784.0,0.39472175905848533,0.014155957793144406,3.586313008664652
Q3p85_W2p62_t0p21_higheps_left,2,0.236,0.272,7,144,168,943.0,0.4438839348066784,0.014548380275178765,3.2775189941296063
Q3p85_W2p62_t0p21_higheps_left,2,0.236,0.272,8,168,192,1037.0,0.4749051356007089,0.014892140001628133,3.1358136362941247
Q3p85_W2p62_t0p21_higheps_left,2,0.236,0.272,9,192,216,1028.0,0.4844082543219906,0.01520688928655498,3.1392712966544174
Q3p85_W2p62_t0p21_higheps_left,2,0.236,0.272,10,216,240,743.0,0.3734122829294209,0.013758759162176469,3.684602727644347
Q3p85_W2p62_t0p21_higheps_left,2,0.236,0.272,11,240,264,253.0,0.1317142360224236,0.008302368545917956,6.303319061505642
Q3p85_W2p62_t0p21_higheps_left,2,0.236,0.272,12,264,288,18.0,0.009670157147655926,0.0022823284924790937,23.601772521683753
Q3p85_W2p62_t0p21_higheps_left,2,0.236,0.272,13,288,312,3.0,0.0015894908098463625,0.0009184200605008445,57.78077198128736
Q3p85_W2p62_t0p21_higheps_left,2,0.236,0.272,14,312,336,2.0,0.0011292105752249882,0.0008006719365502723,70.90545856699433
Q3p85_W2p62_t0p21_higheps_left,2,0.236,0.272,15,336,360,2.0,0.0010411774973691638,0.0007362252138672742,70.71082651397676
Q3p85_W2p62_t0p21_higheps_left,3,0.272,0.31,1,0,24,6.0,0.0030430694928120124,0.001243603689578507,40.8667528794858
Q3p85_W2p62_t0p21_higheps_left,3,0.272,0.31,2,24,48,7.0,0.00325174960398878,0.0012308075420082282,37.8506247989836
Q3p85_W2p62_t0p21_higheps_left,3,0.272,0.31,3,48,72,17.0,0.008072390448985263,0.001959737579899247,24.277041506900787
Q3p85_W2p62_t0p21_higheps_left,3,0.272,0.31,4,72,96,87.0,0.04141567769442569,0.004449628540513465,10.743826464325512
Q3p85_W2p62_t0p21_higheps_left,3,0.272,0.31,5,96,120,631.0,0.29288255149143155,0.011694193943919077,3.9927929760135252
Q3p85_W2p62_t0p21_higheps_left,3,0.272,0.31,6,120,144,1195.0,0.523271772281022,0.015235928504657898,2.911666424932908
Q3p85_W2p62_t0p21_higheps_left,3,0.272,0.31,7,144,168,1292.0,0.5181461398806754,0.014613923372677487,2.8204250206404993
Q3p85_W2p62_t0p21_higheps_left,3,0.272,0.31,8,168,192,1398.0,0.5358935729167981,0.014570763700127873,2.7189659358706484
Q3p85_W2p62_t0p21_higheps_left,3,0.272,0.31,9,192,216,1457.0,0.5852685354569757,0.01553004484287846,2.6534904752316226
Q3p85_W2p62_t0p21_higheps_left,3,0.272,0.31,10,216,240,1152.0,0.5018154611118111,0.014885275756994262,2.966284801989715
Q3p85_W2p62_t0p21_higheps_left,3,0.272,0.31,11,240,264,665.0,0.30978689458017505,0.012054575829998583,3.891247835495111
Q3p85_W2p62_t0p21_higheps_left,3,0.272,0.31,12,264,288,107.0,0.05161460572810457,0.00500293086750789,9.692858827329479
Q3p85_W2p62_t0p21_higheps_left,3,0.272,0.31,13,288,312,14.0,0.006693413449156651,0.001790522870159093,26.75051950338871
Q3p85_W2p62_t0p21_higheps_left,3,0.272,0.31,14,312,336,10.0,0.004749918050938757,0.0015033359891753262,31.649724754266277
Q3p85_W2p62_t0p21_higheps_left,3,0.272,0.31,15,336,360,6.0,0.002807382268391747,0.00114811894973322,40.89642378452928
Q3p85_W2p62_t0p21_higheps_left,4,0.31,0.358,1,0,24,5.0,0.0022684220036947207,0.0010235869862146286,45.12330529978322
Q3p85_W2p62_t0p21_higheps_left,4,0.31,0.358,2,24,48,4.0,0.0017365014374025932,0.0008692917484964697,50.059949837803195
Q3p85_W2p62_t0p21_higheps_left,4,0.31,0.358,3,48,72,18.0,0.0077229234875876,0.001823284014678441,23.608728192229936
Q3p85_W2p62_t0p21_higheps_left,4,0.31,0.358,4,72,96,216.0,0.0911328646381,0.006218770991176611,6.823851105605128
Q3p85_W2p62_t0p21_higheps_left,4,0.31,0.358,5,96,120,1037.0,0.4212059108227388,0.013150426306073734,3.1220896877698348
Q3p85_W2p62_t0p21_higheps_left,4,0.31,0.358,6,120,144,1672.0,0.6309661062652189,0.01562745542747531,2.476750378871619
Q3p85_W2p62_t0p21_higheps_left,4,0.31,0.358,7,144,168,1869.0,0.6323455940022217,0.01495415437300814,2.3648704940538576
Q3p85_W2p62_t0p21_higheps_left,4,0.31,0.358,8,168,192,1914.0,0.6109524907415492,0.014322724599671084,2.344327065806172
Q3p85_W2p62_t0p21_higheps_left,4,0.31,0.358,9,192,216,1901.0,0.6404380783951585,0.015002086023185668,2.3424725245536053
Q3p85_W2p62_t0p21_higheps_left,4,0.31,0.358,10,216,240,1787.0,0.671893064522439,0.016116764703217382,2.3987097879441106
Q3p85_W2p62_t0p21_higheps_left,4,0.31,0.358,11,240,264,1088.0,0.44496000689024884,0.013572105084372177,3.0501853816538147
Q3p85_W2p62_t0p21_higheps_left,4,0.31,0.358,12,264,288,219.0,0.091957572156699,0.006229654471696603,6.774487761683234
Q3p85_W2p62_t0p21_higheps_left,4,0.31,0.358,13,288,312,25.0,0.010586240708169043,0.002119789549601975,20.024006708691267
Q3p85_W2p62_t0p21_higheps_left,4,0.31,0.358,14,312,336,5.0,0.0021588959257885813,0.000965643613987982,44.7285856836874
Q3p85_W2p62_t0p21_higheps_left,4,0.31,0.358,15,336,360,5.0,0.002151546383441756,0.0009643199172674989,44.819852580863675
Q3p85_W2p62_t0p21_higheps_left,5,0.358,0.5,1,0,24,2.0,0.0008021149441788111,0.0005697880460354513,71.03571005260207
Q3p85_W2p62_t0p21_higheps_left,5,0.358,0.5,2,24,48,4.0,0.0017058704202453454,0.0008553772488291254,50.14315499451016
Q3p85_W2p62_t0p21_higheps_left,5,0.358,0.5,3,48,72,26.0,0.010008850415591975,0.0020099606919891347,20.081833662515127
Q3p85_W2p62_t0p21_higheps_left,5,0.358,0.5,4,72,96,750.0,0.24542512785061427,0.009071482955557148,3.6962323438530675
Q3p85_W2p62_t0p21_higheps_left,5,0.358,0.5,5,96,120,3285.0,1.0439516205704085,0.018531161368297067,1.775097715560014
Q3p85_W2p62_t0p21_higheps_left,5,0.358,0.5,6,120,144,3897.0,1.1459146575303665,0.018818060500624397,1.6421869095540147
Q3p85_W2p62_t0p21_higheps_left,5,0.358,0.5,7,144,168,2435.0,0.6900534668962525,0.014448363567291364,2.093803489210443
Q3p85_W2p62_t0p21_higheps_left,5,0.358,0.5,8,168,192,1559.0,0.4477006041236175,0.011833604324227602,2.6431959696351335
Q3p85_W2p62_t0p21_higheps_left,5,0.358,0.5,9,192,216,2501.0,0.7093140324967949,0.014669623026774423,2.068142226812735
Q3p85_W2p62_t0p21_higheps_left,5,0.358,0.5,10,216,240,3968.0,1.156951777389537,0.018826792235662977,1.6272754494696746
Q3p85_W2p62_t0p21_higheps_left,5,0.358,0.5,11,240,264,3200.0,1.0233440826588194,0.01841572624365054,1.799563466063477
Q3p85_W2p62_t0p21_higheps_left,5,0.358,0.5,12,264,288,783.0,0.2570042499034633,0.009289823309729321,3.614657467033635
Q3p85_W2p62_t0p21_higheps_left,5,0.358,0.5,13,288,312,17.0,0.006561636513917948,0.0016048085413675004,24.457443474101716
Q3p85_W2p62_t0p21_higheps_left,5,0.358,0.5,14,312,336,3.0,0.0013527953243743064,0.0007810662721805245,57.73720962125461
Q3p85_W2p62_t0p21_higheps_left,5,0.358,0.5,15,336,360,6.0,0.0027540985484493935,0.0011379615138676095,41.31883786469086
