current,yieldRel_SHMS_scaler,uncern_yieldRel_SHMS_scaler
69.03123886800788,0.994320649754154,0.0015777805985979
54.62715886333456,0.998935517612845,0.0016474758259622
68.92936197191216,0.9933557666543285,0.0015531011645782
39.58454038386754,1.0002028827334564,0.0018568062820313
24.71278495040396,1.004043667180118,0.0024218952017977
17.74733943547004,1.0059485081371642,0.0030957054288182
11.81772914275833,1.0078230279300957,0.0043836914582206
4.907387750518854,1.0105049185532726,0.0101122071139572
7.87162897078874,1.0090809296790946,0.0063965823647253
2.93330528245364,1.011663717063585,0.0168148055073491
